name,category,description,examples,url,source
阿司匹林,有害垃圾,,[],https://cdn.jsdelivr.net/npm/garbage-classification-data/garbage.json,garbage-classification-data
阿尔卑斯糖,厨余垃圾,,[],https://cdn.jsdelivr.net/npm/garbage-classification-data/garbage.json,garbage-classification-data
艾草,厨余垃圾,,[],https://cdn.jsdelivr.net/npm/garbage-classification-data/garbage.json,garbage-classification-data
艾叶,厨余垃圾,,[],https://cdn.jsdelivr.net/npm/garbage-classification-data/garbage.json,garbage-classification-data
安全帽,可回收物,,[],https://cdn.jsdelivr.net/npm/garbage-classification-data/garbage.json,garbage-classification-data
安全套,其他垃圾,,[],https://cdn.jsdelivr.net/npm/garbage-classification-data/garbage.json,garbage-classification-data
按摩棒,其他垃圾,,[],https://cdn.jsdelivr.net/npm/garbage-classification-data/garbage.json,garbage-classification-data
密胺碗,可回收物,,[],https://cdn.jsdelivr.net/npm/garbage-classification-data/garbage.json,garbage-classification-data
密胺餐具,可回收物,,[],https://cdn.jsdelivr.net/npm/garbage-classification-data/garbage.json,garbage-classification-data
档案袋,可回收物,,[],https://cdn.jsdelivr.net/npm/garbage-classification-data/garbage.json,garbage-classification-data
肮脏塑料袋,其他垃圾,,[],https://cdn.jsdelivr.net/npm/garbage-classification-data/garbage.json,garbage-classification-data
棉袄,可回收物,,[],https://cdn.jsdelivr.net/npm/garbage-classification-data/garbage.json,garbage-classification-data
芭蕉叶,厨余垃圾,,[],https://cdn.jsdelivr.net/npm/garbage-classification-data/garbage.json,garbage-classification-data
八角,厨余垃圾,,[],https://cdn.jsdelivr.net/npm/garbage-classification-data/garbage.json,garbage-classification-data
八宝饭,厨余垃圾,,[],https://cdn.jsdelivr.net/npm/garbage-classification-data/garbage.json,garbage-classification-data
八宝粥,厨余垃圾,,[],https://cdn.jsdelivr.net/npm/garbage-classification-data/garbage.json,garbage-classification-data
锅巴,厨余垃圾,,[],https://cdn.jsdelivr.net/npm/garbage-classification-data/garbage.json,garbage-classification-data
泥巴,其他垃圾,,[],https://cdn.jsdelivr.net/npm/garbage-classification-data/garbage.json,garbage-classification-data
巴旦木壳,厨余垃圾,,[],https://cdn.jsdelivr.net/npm/garbage-classification-data/garbage.json,garbage-classification-data
扫把,其他垃圾,,[],https://cdn.jsdelivr.net/npm/garbage-classification-data/garbage.json,garbage-classification-data
拖把,其他垃圾,,[],https://cdn.jsdelivr.net/npm/garbage-classification-data/garbage.json,garbage-classification-data
旧拖把,其他垃圾,,[],https://cdn.jsdelivr.net/npm/garbage-classification-data/garbage.json,garbage-classification-data
浴霸灯,可回收物,,[],https://cdn.jsdelivr.net/npm/garbage-classification-data/garbage.json,garbage-classification-data
浴霸灯泡,有害垃圾,,[],https://cdn.jsdelivr.net/npm/garbage-classification-data/garbage.json,garbage-classification-data
白菜,厨余垃圾,,[],https://cdn.jsdelivr.net/npm/garbage-classification-data/garbage.json,garbage-classification-data
白纸,可回收物,,[],https://cdn.jsdelivr.net/npm/garbage-classification-data/garbage.json,garbage-classification-data
百洁布,其他垃圾,,[],https://cdn.jsdelivr.net/npm/garbage-classification-data/garbage.json,garbage-classification-data
玻璃摆件,可回收物,,[],https://cdn.jsdelivr.net/npm/garbage-classification-data/garbage.json,garbage-classification-data
一般铁罐,可回收物,,[],https://cdn.jsdelivr.net/npm/garbage-classification-data/garbage.json,garbage-classification-data
板栗,厨余垃圾,,[],https://cdn.jsdelivr.net/npm/garbage-classification-data/garbage.json,garbage-classification-data
复印件版纸,可回收物,,[],https://cdn.jsdelivr.net/npm/garbage-classification-data/garbage.json,garbage-classification-data
干拌面,厨余垃圾,,[],https://cdn.jsdelivr.net/npm/garbage-classification-data/garbage.json,garbage-classification-data
搅拌棒,其他垃圾,,[],https://cdn.jsdelivr.net/npm/garbage-classification-data/garbage.json,garbage-classification-data
搅拌勺,其他垃圾,,[],https://cdn.jsdelivr.net/npm/garbage-classification-data/garbage.json,garbage-classification-data
花瓣,厨余垃圾,,[],https://cdn.jsdelivr.net/npm/garbage-classification-data/garbage.json,garbage-classification-data
衣服半成品,可回收物,,[],https://cdn.jsdelivr.net/npm/garbage-classification-data/garbage.json,garbage-classification-data
手办,可回收物,,[],https://cdn.jsdelivr.net/npm/garbage-classification-data/garbage.json,garbage-classification-data
蹄膀,厨余垃圾,,[],https://cdn.jsdelivr.net/npm/garbage-classification-data/garbage.json,garbage-classification-data
鸡翅膀,厨余垃圾,,[],https://cdn.jsdelivr.net/npm/garbage-classification-data/garbage.json,garbage-classification-data
蹄膀骨头,其他垃圾,,[],https://cdn.jsdelivr.net/npm/garbage-classification-data/garbage.json,garbage-classification-data
棒骨,其他垃圾,,[],https://cdn.jsdelivr.net/npm/garbage-classification-data/garbage.json,garbage-classification-data
胶棒,其他垃圾,,[],https://cdn.jsdelivr.net/npm/garbage-classification-data/garbage.json,garbage-classification-data
棉棒,其他垃圾,,[],https://cdn.jsdelivr.net/npm/garbage-classification-data/garbage.json,garbage-classification-data
蚌壳,其他垃圾,,[],https://cdn.jsdelivr.net/npm/garbage-classification-data/garbage.json,garbage-classification-data
包包,可回收物,,[],https://cdn.jsdelivr.net/npm/garbage-classification-data/garbage.json,garbage-classification-data
包子,厨余垃圾,,[],https://cdn.jsdelivr.net/npm/garbage-classification-data/garbage.json,garbage-classification-data
布包,可回收物,,[],https://cdn.jsdelivr.net/npm/garbage-classification-data/garbage.json,garbage-classification-data
包装薄膜,其他垃圾,,[],https://cdn.jsdelivr.net/npm/garbage-classification-data/garbage.json,garbage-classification-data
塑料薄膜,其他垃圾,,[],https://cdn.jsdelivr.net/npm/garbage-classification-data/garbage.json,garbage-classification-data
薄型塑料袋,其他垃圾,,[],https://cdn.jsdelivr.net/npm/garbage-classification-data/garbage.json,garbage-classification-data
保健品,有害垃圾,,[],https://cdn.jsdelivr.net/npm/garbage-classification-data/garbage.json,garbage-classification-data
保龄球,其他垃圾,,[],https://cdn.jsdelivr.net/npm/garbage-classification-data/garbage.json,garbage-classification-data
保暖杯,可回收物,,[],https://cdn.jsdelivr.net/npm/garbage-classification-data/garbage.json,garbage-classification-data
汉堡,厨余垃圾,,[],https://cdn.jsdelivr.net/npm/garbage-classification-data/garbage.json,garbage-classification-data
汉堡包,厨余垃圾,,[],https://cdn.jsdelivr.net/npm/garbage-classification-data/garbage.json,garbage-classification-data
汉堡盒,其他垃圾,,[],https://cdn.jsdelivr.net/npm/garbage-classification-data/garbage.json,garbage-classification-data
宝特瓶,可回收物,,[],https://cdn.jsdelivr.net/npm/garbage-classification-data/garbage.json,garbage-classification-data
抱枕,可回收物,,[],https://cdn.jsdelivr.net/npm/garbage-classification-data/garbage.json,garbage-classification-data
报刊,可回收物,,[],https://cdn.jsdelivr.net/npm/garbage-classification-data/garbage.json,garbage-classification-data
报纸,可回收物,,[],https://cdn.jsdelivr.net/npm/garbage-classification-data/garbage.json,garbage-classification-data
海报,可回收物,,[],https://cdn.jsdelivr.net/npm/garbage-classification-data/garbage.json,garbage-classification-data
鲍鱼,厨余垃圾,,[],https://cdn.jsdelivr.net/npm/garbage-classification-data/garbage.json,garbage-classification-data
鲍鱼壳,其他垃圾,,[],https://cdn.jsdelivr.net/npm/garbage-classification-data/garbage.json,garbage-classification-data
爆竹,其他垃圾,,[],https://cdn.jsdelivr.net/npm/garbage-classification-data/garbage.json,garbage-classification-data
爆米花,厨余垃圾,,[],https://cdn.jsdelivr.net/npm/garbage-classification-data/garbage.json,garbage-classification-data
铁杯,可回收物,,[],https://cdn.jsdelivr.net/npm/garbage-classification-data/garbage.json,garbage-classification-data
纸杯,其他垃圾,,[],https://cdn.jsdelivr.net/npm/garbage-classification-data/garbage.json,garbage-classification-data
旧背包,可回收物,,[],https://cdn.jsdelivr.net/npm/garbage-classification-data/garbage.json,garbage-classification-data
贝壳,其他垃圾,,[],https://cdn.jsdelivr.net/npm/garbage-classification-data/garbage.json,garbage-classification-data
扇贝,厨余垃圾,,[],https://cdn.jsdelivr.net/npm/garbage-classification-data/garbage.json,garbage-classification-data
贝壳类,其他垃圾,,[],https://cdn.jsdelivr.net/npm/garbage-classification-data/garbage.json,garbage-classification-data
电脑设备,可回收物,,[],https://cdn.jsdelivr.net/npm/garbage-classification-data/garbage.json,garbage-classification-data
被单,可回收物,,[],https://cdn.jsdelivr.net/npm/garbage-classification-data/garbage.json,garbage-classification-data
被套,可回收物,,[],https://cdn.jsdelivr.net/npm/garbage-classification-data/garbage.json,garbage-classification-data
被芯,可回收物,,[],https://cdn.jsdelivr.net/npm/garbage-classification-data/garbage.json,garbage-classification-data
本子,可回收物,,[],https://cdn.jsdelivr.net/npm/garbage-classification-data/garbage.json,garbage-classification-data
绘本,可回收物,,[],https://cdn.jsdelivr.net/npm/garbage-classification-data/garbage.json,garbage-classification-data
课本,可回收物,,[],https://cdn.jsdelivr.net/npm/garbage-classification-data/garbage.json,garbage-classification-data
绷带,其他垃圾,,[],https://cdn.jsdelivr.net/npm/garbage-classification-data/garbage.json,garbage-classification-data
鼻毛,其他垃圾,,[],https://cdn.jsdelivr.net/npm/garbage-classification-data/garbage.json,garbage-classification-data
鼻屎,其他垃圾,,[],https://cdn.jsdelivr.net/npm/garbage-classification-data/garbage.json,garbage-classification-data
鼻涕纸,其他垃圾,,[],https://cdn.jsdelivr.net/npm/garbage-classification-data/garbage.json,garbage-classification-data
笔,其他垃圾,,[],https://cdn.jsdelivr.net/npm/garbage-classification-data/garbage.json,garbage-classification-data
笔袋,其他垃圾,,[],https://cdn.jsdelivr.net/npm/garbage-classification-data/garbage.json,garbage-classification-data
雪碧瓶,可回收物,,[],https://cdn.jsdelivr.net/npm/garbage-classification-data/garbage.json,garbage-classification-data
碧根果壳,其他垃圾,,[],https://cdn.jsdelivr.net/npm/garbage-classification-data/garbage.json,garbage-classification-data
冥币,其他垃圾,,[],https://cdn.jsdelivr.net/npm/garbage-classification-data/garbage.json,garbage-classification-data
游戏币,可回收物,,[],https://cdn.jsdelivr.net/npm/garbage-classification-data/garbage.json,garbage-classification-data
避孕套,其他垃圾,,[],https://cdn.jsdelivr.net/npm/garbage-classification-data/garbage.json,garbage-classification-data
避孕药,有害垃圾,,[],https://cdn.jsdelivr.net/npm/garbage-classification-data/garbage.json,garbage-classification-data
用过的避孕套,其他垃圾,,[],https://cdn.jsdelivr.net/npm/garbage-classification-data/garbage.json,garbage-classification-data
鞭炮,其他垃圾,,[],https://cdn.jsdelivr.net/npm/garbage-classification-data/garbage.json,garbage-classification-data
牛鞭,厨余垃圾,,[],https://cdn.jsdelivr.net/npm/garbage-classification-data/garbage.json,garbage-classification-data
纸张鞭炮,其他垃圾,,[],https://cdn.jsdelivr.net/npm/garbage-classification-data/garbage.json,garbage-classification-data
编织袋,其他垃圾,,[],https://cdn.jsdelivr.net/npm/garbage-classification-data/garbage.json,garbage-classification-data
便签,其他垃圾,,[],https://cdn.jsdelivr.net/npm/garbage-classification-data/garbage.json,garbage-classification-data
变质食品,厨余垃圾,,[],https://cdn.jsdelivr.net/npm/garbage-classification-data/garbage.json,garbage-classification-data
变质的食物,厨余垃圾,,[],https://cdn.jsdelivr.net/npm/garbage-classification-data/garbage.json,garbage-classification-data
标签,其他垃圾,,[],https://cdn.jsdelivr.net/npm/garbage-classification-data/garbage.json,garbage-classification-data
鼠标,可回收物,,[],https://cdn.jsdelivr.net/npm/garbage-classification-data/garbage.json,garbage-classification-data
标签卡,其他垃圾,,[],https://cdn.jsdelivr.net/npm/garbage-classification-data/garbage.json,garbage-classification-data
手表,可回收物,,[],https://cdn.jsdelivr.net/npm/garbage-classification-data/garbage.json,garbage-classification-data
钟表,可回收物,,[],https://cdn.jsdelivr.net/npm/garbage-classification-data/garbage.json,garbage-classification-data
电表盒,可回收物,,[],https://cdn.jsdelivr.net/npm/garbage-classification-data/garbage.json,garbage-classification-data
别针,其他垃圾,,[],https://cdn.jsdelivr.net/npm/garbage-classification-data/garbage.json,garbage-classification-data
曲别针,其他垃圾,,[],https://cdn.jsdelivr.net/npm/garbage-classification-data/garbage.json,garbage-classification-data
瘪掉的篮球,可回收物,,[],https://cdn.jsdelivr.net/npm/garbage-classification-data/garbage.json,garbage-classification-data
冰袋,其他垃圾,,[],https://cdn.jsdelivr.net/npm/garbage-classification-data/garbage.json,garbage-classification-data
冰柜,可回收物,,[],https://cdn.jsdelivr.net/npm/garbage-classification-data/garbage.json,garbage-classification-data
冰糖,厨余垃圾,,[],https://cdn.jsdelivr.net/npm/garbage-classification-data/garbage.json,garbage-classification-data
葡萄柄,厨余垃圾,,[],https://cdn.jsdelivr.net/npm/garbage-classification-data/garbage.json,garbage-classification-data
游戏手柄,可回收物,,[],https://cdn.jsdelivr.net/npm/garbage-classification-data/garbage.json,garbage-classification-data
丙烯,其他垃圾,,[],https://cdn.jsdelivr.net/npm/garbage-classification-data/garbage.json,garbage-classification-data
饼干,厨余垃圾,,[],https://cdn.jsdelivr.net/npm/garbage-classification-data/garbage.json,garbage-classification-data
大饼,厨余垃圾,,[],https://cdn.jsdelivr.net/npm/garbage-classification-data/garbage.json,garbage-classification-data
粉饼,其他垃圾,,[],https://cdn.jsdelivr.net/npm/garbage-classification-data/garbage.json,garbage-classification-data
病人换下来的纸尿裤,其他垃圾,,[],https://cdn.jsdelivr.net/npm/garbage-classification-data/garbage.json,garbage-classification-data
玻璃,可回收物,,[],https://cdn.jsdelivr.net/npm/garbage-classification-data/garbage.json,garbage-classification-data
玻璃杯,可回收物,,[],https://cdn.jsdelivr.net/npm/garbage-classification-data/garbage.json,garbage-classification-data
玻璃尺,可回收物,,[],https://cdn.jsdelivr.net/npm/garbage-classification-data/garbage.json,garbage-classification-data
菠菜,厨余垃圾,,[],https://cdn.jsdelivr.net/npm/garbage-classification-data/garbage.json,garbage-classification-data
菠萝,厨余垃圾,,[],https://cdn.jsdelivr.net/npm/garbage-classification-data/garbage.json,garbage-classification-data
菠萝干,厨余垃圾,,[],https://cdn.jsdelivr.net/npm/garbage-classification-data/garbage.json,garbage-classification-data
数字音乐播放器,可回收物,,[],https://cdn.jsdelivr.net/npm/garbage-classification-data/garbage.json,garbage-classification-data
微波炉,可回收物,,[],https://cdn.jsdelivr.net/npm/garbage-classification-data/garbage.json,garbage-classification-data
铂金纸,其他垃圾,,[],https://cdn.jsdelivr.net/npm/garbage-classification-data/garbage.json,garbage-classification-data
铝箔,可回收物,,[],https://cdn.jsdelivr.net/npm/garbage-classification-data/garbage.json,garbage-classification-data
鋁箔,可回收物,,[],https://cdn.jsdelivr.net/npm/garbage-classification-data/garbage.json,garbage-classification-data
锡箔,其他垃圾,,[],https://cdn.jsdelivr.net/npm/garbage-classification-data/garbage.json,garbage-classification-data
鸭脖,厨余垃圾,,[],https://cdn.jsdelivr.net/npm/garbage-classification-data/garbage.json,garbage-classification-data
鸭脖子,厨余垃圾,,[],https://cdn.jsdelivr.net/npm/garbage-classification-data/garbage.json,garbage-classification-data
捕蚊灯,可回收物,,[],https://cdn.jsdelivr.net/npm/garbage-classification-data/garbage.json,garbage-classification-data
萝卜,厨余垃圾,,[],https://cdn.jsdelivr.net/npm/garbage-classification-data/garbage.json,garbage-classification-data
胡萝卜,厨余垃圾,,[],https://cdn.jsdelivr.net/npm/garbage-classification-data/garbage.json,garbage-classification-data
萝卜干,厨余垃圾,,[],https://cdn.jsdelivr.net/npm/garbage-classification-data/garbage.json,garbage-classification-data
不锈钢,可回收物,,[],https://cdn.jsdelivr.net/npm/garbage-classification-data/garbage.json,garbage-classification-data
不粘锅,可回收物,,[],https://cdn.jsdelivr.net/npm/garbage-classification-data/garbage.json,garbage-classification-data
尿不湿,其他垃圾,,[],https://cdn.jsdelivr.net/npm/garbage-classification-data/garbage.json,garbage-classification-data
布,可回收物,,[],https://cdn.jsdelivr.net/npm/garbage-classification-data/garbage.json,garbage-classification-data
布袋,可回收物,,[],https://cdn.jsdelivr.net/npm/garbage-classification-data/garbage.json,garbage-classification-data
电话簿,可回收物,,[],https://cdn.jsdelivr.net/npm/garbage-classification-data/garbage.json,garbage-classification-data
板擦儿,其他垃圾,,[],https://cdn.jsdelivr.net/npm/garbage-classification-data/garbage.json,garbage-classification-data
擦屎纸,其他垃圾,,[],https://cdn.jsdelivr.net/npm/garbage-classification-data/garbage.json,garbage-classification-data
擦手巾,其他垃圾,,[],https://cdn.jsdelivr.net/npm/garbage-classification-data/garbage.json,garbage-classification-data
药材,厨余垃圾,,[],https://cdn.jsdelivr.net/npm/garbage-classification-data/garbage.json,garbage-classification-data
彩笔,其他垃圾,,[],https://cdn.jsdelivr.net/npm/garbage-classification-data/garbage.json,garbage-classification-data
彩电,可回收物,,[],https://cdn.jsdelivr.net/npm/garbage-classification-data/garbage.json,garbage-classification-data
彩票,其他垃圾,,[],https://cdn.jsdelivr.net/npm/garbage-classification-data/garbage.json,garbage-classification-data
菜,厨余垃圾,,[],https://cdn.jsdelivr.net/npm/garbage-classification-data/garbage.json,garbage-classification-data
餐盒,其他垃圾,,[],https://cdn.jsdelivr.net/npm/garbage-classification-data/garbage.json,garbage-classification-data
餐巾,其他垃圾,,[],https://cdn.jsdelivr.net/npm/garbage-classification-data/garbage.json,garbage-classification-data
餐纸,其他垃圾,,[],https://cdn.jsdelivr.net/npm/garbage-classification-data/garbage.json,garbage-classification-data
西洋参,厨余垃圾,,[],https://cdn.jsdelivr.net/npm/garbage-classification-data/garbage.json,garbage-classification-data
蚕丝,可回收物,,[],https://cdn.jsdelivr.net/npm/garbage-classification-data/garbage.json,garbage-classification-data
蚕豆壳,厨余垃圾,,[],https://cdn.jsdelivr.net/npm/garbage-classification-data/garbage.json,garbage-classification-data
残羹,厨余垃圾,,[],https://cdn.jsdelivr.net/npm/garbage-classification-data/garbage.json,garbage-classification-data
残花,厨余垃圾,,[],https://cdn.jsdelivr.net/npm/garbage-classification-data/garbage.json,garbage-classification-data
残枝,厨余垃圾,,[],https://cdn.jsdelivr.net/npm/garbage-classification-data/garbage.json,garbage-classification-data
苍蝇,厨余垃圾,,[],https://cdn.jsdelivr.net/npm/garbage-classification-data/garbage.json,garbage-classification-data
苍蝇拍,其他垃圾,,[],https://cdn.jsdelivr.net/npm/garbage-classification-data/garbage.json,garbage-classification-data
草,厨余垃圾,,[],https://cdn.jsdelivr.net/npm/garbage-classification-data/garbage.json,garbage-classification-data
草莓,厨余垃圾,,[],https://cdn.jsdelivr.net/npm/garbage-classification-data/garbage.json,garbage-classification-data
厕纸,其他垃圾,,[],https://cdn.jsdelivr.net/npm/garbage-classification-data/garbage.json,garbage-classification-data
厕所纸,其他垃圾,,[],https://cdn.jsdelivr.net/npm/garbage-classification-data/garbage.json,garbage-classification-data
手册,可回收物,,[],https://cdn.jsdelivr.net/npm/garbage-classification-data/garbage.json,garbage-classification-data
相册,其他垃圾,,[],https://cdn.jsdelivr.net/npm/garbage-classification-data/garbage.json,garbage-classification-data
宣传册,可回收物,,[],https://cdn.jsdelivr.net/npm/garbage-classification-data/garbage.json,garbage-classification-data
插排,可回收物,,[],https://cdn.jsdelivr.net/npm/garbage-classification-data/garbage.json,garbage-classification-data
插头,可回收物,,[],https://cdn.jsdelivr.net/npm/garbage-classification-data/garbage.json,garbage-classification-data
插座,可回收物,,[],https://cdn.jsdelivr.net/npm/garbage-classification-data/garbage.json,garbage-classification-data
叉子,可回收物,,[],https://cdn.jsdelivr.net/npm/garbage-classification-data/garbage.json,garbage-classification-data
塑料叉子,其他垃圾,,[],https://cdn.jsdelivr.net/npm/garbage-classification-data/garbage.json,garbage-classification-data
一次性叉子,其他垃圾,,[],https://cdn.jsdelivr.net/npm/garbage-classification-data/garbage.json,garbage-classification-data
茶,厨余垃圾,,[],https://cdn.jsdelivr.net/npm/garbage-classification-data/garbage.json,garbage-classification-data
茶包,其他垃圾,,[],https://cdn.jsdelivr.net/npm/garbage-classification-data/garbage.json,garbage-classification-data
茶袋,其他垃圾,,[],https://cdn.jsdelivr.net/npm/garbage-classification-data/garbage.json,garbage-classification-data
搽鼻涕纸,其他垃圾,,[],https://cdn.jsdelivr.net/npm/garbage-classification-data/garbage.json,garbage-classification-data
火柴,其他垃圾,,[],https://cdn.jsdelivr.net/npm/garbage-classification-data/garbage.json,garbage-classification-data
硅胶铲,其他垃圾,,[],https://cdn.jsdelivr.net/npm/garbage-classification-data/garbage.json,garbage-classification-data
木铲板,可回收物,,[],https://cdn.jsdelivr.net/npm/garbage-classification-data/garbage.json,garbage-classification-data
电器产品,可回收物,,[],https://cdn.jsdelivr.net/npm/garbage-classification-data/garbage.json,garbage-classification-data
电子产品,可回收物,,[],https://cdn.jsdelivr.net/npm/garbage-classification-data/garbage.json,garbage-classification-data
水产类弃物,厨余垃圾,,[],https://cdn.jsdelivr.net/npm/garbage-classification-data/garbage.json,garbage-classification-data
常温牛奶盒,可回收物,,[],https://cdn.jsdelivr.net/npm/garbage-classification-data/garbage.json,garbage-classification-data
常温牛奶盒子,可回收物,,[],https://cdn.jsdelivr.net/npm/garbage-classification-data/garbage.json,garbage-classification-data
平常喝的茶叶,厨余垃圾,,[],https://cdn.jsdelivr.net/npm/garbage-classification-data/garbage.json,garbage-classification-data
长靴,可回收物,,[],https://cdn.jsdelivr.net/npm/garbage-classification-data/garbage.json,garbage-classification-data
长毛绒,可回收物,,[],https://cdn.jsdelivr.net/npm/garbage-classification-data/garbage.json,garbage-classification-data
长生果,厨余垃圾,,[],https://cdn.jsdelivr.net/npm/garbage-classification-data/garbage.json,garbage-classification-data
红肠,厨余垃圾,,[],https://cdn.jsdelivr.net/npm/garbage-classification-data/garbage.json,garbage-classification-data
香肠,厨余垃圾,,[],https://cdn.jsdelivr.net/npm/garbage-classification-data/garbage.json,garbage-classification-data
鱼肠,厨余垃圾,,[],https://cdn.jsdelivr.net/npm/garbage-classification-data/garbage.json,garbage-classification-data
唱片,其他垃圾,,[],https://cdn.jsdelivr.net/npm/garbage-classification-data/garbage.json,garbage-classification-data
黑胶唱片,其他垃圾,,[],https://cdn.jsdelivr.net/npm/garbage-classification-data/garbage.json,garbage-classification-data
超能胶,其他垃圾,,[],https://cdn.jsdelivr.net/npm/garbage-classification-data/garbage.json,garbage-classification-data
手抄报,其他垃圾,,[],https://cdn.jsdelivr.net/npm/garbage-classification-data/garbage.json,garbage-classification-data
点钞机,可回收物,,[],https://cdn.jsdelivr.net/npm/garbage-classification-data/garbage.json,garbage-classification-data
过朝食品,厨余垃圾,,[],https://cdn.jsdelivr.net/npm/garbage-classification-data/garbage.json,garbage-classification-data
防潮盒,可回收物,,[],https://cdn.jsdelivr.net/npm/garbage-classification-data/garbage.json,garbage-classification-data
防潮剂,其他垃圾,,[],https://cdn.jsdelivr.net/npm/garbage-classification-data/garbage.json,garbage-classification-data
吸潮剂,其他垃圾,,[],https://cdn.jsdelivr.net/npm/garbage-classification-data/garbage.json,garbage-classification-data
炒面,厨余垃圾,,[],https://cdn.jsdelivr.net/npm/garbage-classification-data/garbage.json,garbage-classification-data
炒板栗,厨余垃圾,,[],https://cdn.jsdelivr.net/npm/garbage-classification-data/garbage.json,garbage-classification-data
炒花生壳,厨余垃圾,,[],https://cdn.jsdelivr.net/npm/garbage-classification-data/garbage.json,garbage-classification-data
尘土,其他垃圾,,[],https://cdn.jsdelivr.net/npm/garbage-classification-data/garbage.json,garbage-classification-data
灰尘,其他垃圾,,[],https://cdn.jsdelivr.net/npm/garbage-classification-data/garbage.json,garbage-classification-data
陈皮,厨余垃圾,,[],https://cdn.jsdelivr.net/npm/garbage-classification-data/garbage.json,garbage-classification-data
衬衫,可回收物,,[],https://cdn.jsdelivr.net/npm/garbage-classification-data/garbage.json,garbage-classification-data
衬衣,可回收物,,[],https://cdn.jsdelivr.net/npm/garbage-classification-data/garbage.json,garbage-classification-data
橙,厨余垃圾,,[],https://cdn.jsdelivr.net/npm/garbage-classification-data/garbage.json,garbage-classification-data
橙皮,厨余垃圾,,[],https://cdn.jsdelivr.net/npm/garbage-classification-data/garbage.json,garbage-classification-data
橙子,厨余垃圾,,[],https://cdn.jsdelivr.net/npm/garbage-classification-data/garbage.json,garbage-classification-data
中成药,有害垃圾,,[],https://cdn.jsdelivr.net/npm/garbage-classification-data/garbage.json,garbage-classification-data
成人尿布,其他垃圾,,[],https://cdn.jsdelivr.net/npm/garbage-classification-data/garbage.json,garbage-classification-data
集成电路板,可回收物,,[],https://cdn.jsdelivr.net/npm/garbage-classification-data/garbage.json,garbage-classification-data
体重秤,可回收物,,[],https://cdn.jsdelivr.net/npm/garbage-classification-data/garbage.json,garbage-classification-data
吃过的甘蔗,厨余垃圾,,[],https://cdn.jsdelivr.net/npm/garbage-classification-data/garbage.json,garbage-classification-data
吃剩的快餐,厨余垃圾,,[],https://cdn.jsdelivr.net/npm/garbage-classification-data/garbage.json,garbage-classification-data
吃过的棒棒糖,其他垃圾,,[],https://cdn.jsdelivr.net/npm/garbage-classification-data/garbage.json,garbage-classification-data
钥匙,可回收物,,[],https://cdn.jsdelivr.net/npm/garbage-classification-data/garbage.json,garbage-classification-data
车钥匙,其他垃圾,,[],https://cdn.jsdelivr.net/npm/garbage-classification-data/garbage.json,garbage-classification-data
金属汤匙,可回收物,,[],https://cdn.jsdelivr.net/npm/garbage-classification-data/garbage.json,garbage-classification-data
電池,有害垃圾,,[],https://cdn.jsdelivr.net/npm/garbage-classification-data/garbage.json,garbage-classification-data
蓄电池,有害垃圾,,[],https://cdn.jsdelivr.net/npm/garbage-classification-data/garbage.json,garbage-classification-data
充电电池,有害垃圾,,[],https://cdn.jsdelivr.net/npm/garbage-classification-data/garbage.json,garbage-classification-data
齿轮,可回收物,,[],https://cdn.jsdelivr.net/npm/garbage-classification-data/garbage.json,garbage-classification-data
牙齿,其他垃圾,,[],https://cdn.jsdelivr.net/npm/garbage-classification-data/garbage.json,garbage-classification-data
掉下来的牙齿,其他垃圾,,[],https://cdn.jsdelivr.net/npm/garbage-classification-data/garbage.json,garbage-classification-data
尺,其他垃圾,,[],https://cdn.jsdelivr.net/npm/garbage-classification-data/garbage.json,garbage-classification-data
尺子,可回收物,,[],https://cdn.jsdelivr.net/npm/garbage-classification-data/garbage.json,garbage-classification-data
铁尺,可回收物,,[],https://cdn.jsdelivr.net/npm/garbage-classification-data/garbage.json,garbage-classification-data
鸡翅,厨余垃圾,,[],https://cdn.jsdelivr.net/npm/garbage-classification-data/garbage.json,garbage-classification-data
鸡翅骨头,厨余垃圾,,[],https://cdn.jsdelivr.net/npm/garbage-classification-data/garbage.json,garbage-classification-data
白炽灯,可回收物,,[],https://cdn.jsdelivr.net/npm/garbage-classification-data/garbage.json,garbage-classification-data
白炽灯泡,有害垃圾,,[],https://cdn.jsdelivr.net/npm/garbage-classification-data/garbage.json,garbage-classification-data
充电宝,可回收物,,[],https://cdn.jsdelivr.net/npm/garbage-classification-data/garbage.json,garbage-classification-data
充电器,可回收物,,[],https://cdn.jsdelivr.net/npm/garbage-classification-data/garbage.json,garbage-classification-data
充电线,可回收物,,[],https://cdn.jsdelivr.net/npm/garbage-classification-data/garbage.json,garbage-classification-data
冲泡饮料,厨余垃圾,,[],https://cdn.jsdelivr.net/npm/garbage-classification-data/garbage.json,garbage-classification-data
虫,厨余垃圾,,[],https://cdn.jsdelivr.net/npm/garbage-classification-data/garbage.json,garbage-classification-data
虫子,厨余垃圾,,[],https://cdn.jsdelivr.net/npm/garbage-classification-data/garbage.json,garbage-classification-data
米虫,厨余垃圾,,[],https://cdn.jsdelivr.net/npm/garbage-classification-data/garbage.json,garbage-classification-data
宠物毛,其他垃圾,,[],https://cdn.jsdelivr.net/npm/garbage-classification-data/garbage.json,garbage-classification-data
抽纸,其他垃圾,,[],https://cdn.jsdelivr.net/npm/garbage-classification-data/garbage.json,garbage-classification-data
绸带,可回收物,,[],https://cdn.jsdelivr.net/npm/garbage-classification-data/garbage.json,garbage-classification-data
丝绸制品,可回收物,,[],https://cdn.jsdelivr.net/npm/garbage-classification-data/garbage.json,garbage-classification-data
臭豆腐,厨余垃圾,,[],https://cdn.jsdelivr.net/npm/garbage-classification-data/garbage.json,garbage-classification-data
臭鸡蛋,厨余垃圾,,[],https://cdn.jsdelivr.net/npm/garbage-classification-data/garbage.json,garbage-classification-data
臭袜子,其他垃圾,,[],https://cdn.jsdelivr.net/npm/garbage-classification-data/garbage.json,garbage-classification-data
打印出来的纸,可回收物,,[],https://cdn.jsdelivr.net/npm/garbage-classification-data/garbage.json,garbage-classification-data
厨余,厨余垃圾,,[],https://cdn.jsdelivr.net/npm/garbage-classification-data/garbage.json,garbage-classification-data
厨房纸,其他垃圾,,[],https://cdn.jsdelivr.net/npm/garbage-classification-data/garbage.json,garbage-classification-data
厨房垃圾,厨余垃圾,,[],https://cdn.jsdelivr.net/npm/garbage-classification-data/garbage.json,garbage-classification-data
除草剂,有害垃圾,,[],https://cdn.jsdelivr.net/npm/garbage-classification-data/garbage.json,garbage-classification-data
除湿盒,其他垃圾,,[],https://cdn.jsdelivr.net/npm/garbage-classification-data/garbage.json,garbage-classification-data
除湿机,可回收物,,[],https://cdn.jsdelivr.net/npm/garbage-classification-data/garbage.json,garbage-classification-data
传单,可回收物,,[],https://cdn.jsdelivr.net/npm/garbage-classification-data/garbage.json,garbage-classification-data
传真机,可回收物,,[],https://cdn.jsdelivr.net/npm/garbage-classification-data/garbage.json,garbage-classification-data
传真纸,可回收物,,[],https://cdn.jsdelivr.net/npm/garbage-classification-data/garbage.json,garbage-classification-data
手串,其他垃圾,,[],https://cdn.jsdelivr.net/npm/garbage-classification-data/garbage.json,garbage-classification-data
窗帘,可回收物,,[],https://cdn.jsdelivr.net/npm/garbage-classification-data/garbage.json,garbage-classification-data
窗纱,其他垃圾,,[],https://cdn.jsdelivr.net/npm/garbage-classification-data/garbage.json,garbage-classification-data
床单,可回收物,,[],https://cdn.jsdelivr.net/npm/garbage-classification-data/garbage.json,garbage-classification-data
创可贴,其他垃圾,,[],https://cdn.jsdelivr.net/npm/garbage-classification-data/garbage.json,garbage-classification-data
创口贴,其他垃圾,,[],https://cdn.jsdelivr.net/npm/garbage-classification-data/garbage.json,garbage-classification-data
用的创可贴,其他垃圾,,[],https://cdn.jsdelivr.net/npm/garbage-classification-data/garbage.json,garbage-classification-data
吹风机,可回收物,,[],https://cdn.jsdelivr.net/npm/garbage-classification-data/garbage.json,garbage-classification-data
电吹风,可回收物,,[],https://cdn.jsdelivr.net/npm/garbage-classification-data/garbage.json,garbage-classification-data
锤子,可回收物,,[],https://cdn.jsdelivr.net/npm/garbage-classification-data/garbage.json,garbage-classification-data
铁锤,可回收物,,[],https://cdn.jsdelivr.net/npm/garbage-classification-data/garbage.json,garbage-classification-data
春梅,厨余垃圾,,[],https://cdn.jsdelivr.net/npm/garbage-classification-data/garbage.json,garbage-classification-data
唇膏,其他垃圾,,[],https://cdn.jsdelivr.net/npm/garbage-classification-data/garbage.json,garbage-classification-data
润唇膏,其他垃圾,,[],https://cdn.jsdelivr.net/npm/garbage-classification-data/garbage.json,garbage-classification-data
磁带,其他垃圾,,[],https://cdn.jsdelivr.net/npm/garbage-classification-data/garbage.json,garbage-classification-data
磁卡,其他垃圾,,[],https://cdn.jsdelivr.net/npm/garbage-classification-data/garbage.json,garbage-classification-data
磁铁,可回收物,,[],https://cdn.jsdelivr.net/npm/garbage-classification-data/garbage.json,garbage-classification-data
瓷片,其他垃圾,,[],https://cdn.jsdelivr.net/npm/garbage-classification-data/garbage.json,garbage-classification-data
瓷器,其他垃圾,,[],https://cdn.jsdelivr.net/npm/garbage-classification-data/garbage.json,garbage-classification-data
瓷碗,其他垃圾,,[],https://cdn.jsdelivr.net/npm/garbage-classification-data/garbage.json,garbage-classification-data
鱼刺,厨余垃圾,,[],https://cdn.jsdelivr.net/npm/garbage-classification-data/garbage.json,garbage-classification-data
一次性碗,其他垃圾,,[],https://cdn.jsdelivr.net/npm/garbage-classification-data/garbage.json,garbage-classification-data
一次塑料杯,其他垃圾,,[],https://cdn.jsdelivr.net/npm/garbage-classification-data/garbage.json,garbage-classification-data
一次性杯子,其他垃圾,,[],https://cdn.jsdelivr.net/npm/garbage-classification-data/garbage.json,garbage-classification-data
葱,厨余垃圾,,[],https://cdn.jsdelivr.net/npm/garbage-classification-data/garbage.json,garbage-classification-data
葱蒜,厨余垃圾,,[],https://cdn.jsdelivr.net/npm/garbage-classification-data/garbage.json,garbage-classification-data
大葱,厨余垃圾,,[],https://cdn.jsdelivr.net/npm/garbage-classification-data/garbage.json,garbage-classification-data
醋瓶,可回收物,,[],https://cdn.jsdelivr.net/npm/garbage-classification-data/garbage.json,garbage-classification-data
脆骨,厨余垃圾,,[],https://cdn.jsdelivr.net/npm/garbage-classification-data/garbage.json,garbage-classification-data
水果脆,厨余垃圾,,[],https://cdn.jsdelivr.net/npm/garbage-classification-data/garbage.json,garbage-classification-data
内存条,可回收物,,[],https://cdn.jsdelivr.net/npm/garbage-classification-data/garbage.json,garbage-classification-data
3.5英寸软盘,其他垃圾,,[],https://cdn.jsdelivr.net/npm/garbage-classification-data/garbage.json,garbage-classification-data
打包袋,其他垃圾,,[],https://cdn.jsdelivr.net/npm/garbage-classification-data/garbage.json,garbage-classification-data
打包盒,其他垃圾,,[],https://cdn.jsdelivr.net/npm/garbage-classification-data/garbage.json,garbage-classification-data
打底裤,可回收物,,[],https://cdn.jsdelivr.net/npm/garbage-classification-data/garbage.json,garbage-classification-data
担担面,厨余垃圾,,[],https://cdn.jsdelivr.net/npm/garbage-classification-data/garbage.json,garbage-classification-data
鸡毛掸,其他垃圾,,[],https://cdn.jsdelivr.net/npm/garbage-classification-data/garbage.json,garbage-classification-data
鸡毛掸子,其他垃圾,,[],https://cdn.jsdelivr.net/npm/garbage-classification-data/garbage.json,garbage-classification-data
海胆,厨余垃圾,,[],https://cdn.jsdelivr.net/npm/garbage-classification-data/garbage.json,garbage-classification-data
海胆壳,其他垃圾,,[],https://cdn.jsdelivr.net/npm/garbage-classification-data/garbage.json,garbage-classification-data
鸡旦壳,厨余垃圾,,[],https://cdn.jsdelivr.net/npm/garbage-classification-data/garbage.json,garbage-classification-data
淡菜,厨余垃圾,,[],https://cdn.jsdelivr.net/npm/garbage-classification-data/garbage.json,garbage-classification-data
弹簧,可回收物,,[],https://cdn.jsdelivr.net/npm/garbage-classification-data/garbage.json,garbage-classification-data
子弹,其他垃圾,,[],https://cdn.jsdelivr.net/npm/garbage-classification-data/garbage.json,garbage-classification-data
蛋,厨余垃圾,,[],https://cdn.jsdelivr.net/npm/garbage-classification-data/garbage.json,garbage-classification-data
蛋糕,厨余垃圾,,[],https://cdn.jsdelivr.net/npm/garbage-classification-data/garbage.json,garbage-classification-data
蛋黄,厨余垃圾,,[],https://cdn.jsdelivr.net/npm/garbage-classification-data/garbage.json,garbage-classification-data
麦当劳纸袋,可回收物,,[],https://cdn.jsdelivr.net/npm/garbage-classification-data/garbage.json,garbage-classification-data
刀片,可回收物,,[],https://cdn.jsdelivr.net/npm/garbage-classification-data/garbage.json,garbage-classification-data
飞刀,可回收物,,[],https://cdn.jsdelivr.net/npm/garbage-classification-data/garbage.json,garbage-classification-data
剪刀,可回收物,,[],https://cdn.jsdelivr.net/npm/garbage-classification-data/garbage.json,garbage-classification-data
导线,可回收物,,[],https://cdn.jsdelivr.net/npm/garbage-classification-data/garbage.json,garbage-classification-data
塑料管道,可回收物,,[],https://cdn.jsdelivr.net/npm/garbage-classification-data/garbage.json,garbage-classification-data
拍立得,可回收物,,[],https://cdn.jsdelivr.net/npm/garbage-classification-data/garbage.json,garbage-classification-data
的确良,可回收物,,[],https://cdn.jsdelivr.net/npm/garbage-classification-data/garbage.json,garbage-classification-data
破的碗,其他垃圾,,[],https://cdn.jsdelivr.net/npm/garbage-classification-data/garbage.json,garbage-classification-data
贝壳的肉,厨余垃圾,,[],https://cdn.jsdelivr.net/npm/garbage-classification-data/garbage.json,garbage-classification-data
灯管,有害垃圾,,[],https://cdn.jsdelivr.net/npm/garbage-classification-data/garbage.json,garbage-classification-data
灯泡,有害垃圾,,[],https://cdn.jsdelivr.net/npm/garbage-classification-data/garbage.json,garbage-classification-data
登山杖,可回收物,,[],https://cdn.jsdelivr.net/npm/garbage-classification-data/garbage.json,garbage-classification-data
低温牛奶盒子,可回收物,,[],https://cdn.jsdelivr.net/npm/garbage-classification-data/garbage.json,garbage-classification-data
竹笛,其他垃圾,,[],https://cdn.jsdelivr.net/npm/garbage-classification-data/garbage.json,garbage-classification-data
底片,其他垃圾,,[],https://cdn.jsdelivr.net/npm/garbage-classification-data/garbage.json,garbage-classification-data
粉底,其他垃圾,,[],https://cdn.jsdelivr.net/npm/garbage-classification-data/garbage.json,garbage-classification-data
地毯,可回收物,,[],https://cdn.jsdelivr.net/npm/garbage-classification-data/garbage.json,garbage-classification-data
烟蒂,其他垃圾,,[],https://cdn.jsdelivr.net/npm/garbage-classification-data/garbage.json,garbage-classification-data
香烟蒂,其他垃圾,,[],https://cdn.jsdelivr.net/npm/garbage-classification-data/garbage.json,garbage-classification-data
抽完的烟蒂,其他垃圾,,[],https://cdn.jsdelivr.net/npm/garbage-classification-data/garbage.json,garbage-classification-data
快递袋,其他垃圾,,[],https://cdn.jsdelivr.net/npm/garbage-classification-data/garbage.json,garbage-classification-data
快递盒,可回收物,,[],https://cdn.jsdelivr.net/npm/garbage-classification-data/garbage.json,garbage-classification-data
快递箱,可回收物,,[],https://cdn.jsdelivr.net/npm/garbage-classification-data/garbage.json,garbage-classification-data
糕点,厨余垃圾,,[],https://cdn.jsdelivr.net/npm/garbage-classification-data/garbage.json,garbage-classification-data
早点盒,其他垃圾,,[],https://cdn.jsdelivr.net/npm/garbage-classification-data/garbage.json,garbage-classification-data
垫子,可回收物,,[],https://cdn.jsdelivr.net/npm/garbage-classification-data/garbage.json,garbage-classification-data
护垫,其他垃圾,,[],https://cdn.jsdelivr.net/npm/garbage-classification-data/garbage.json,garbage-classification-data
电灯,可回收物,,[],https://cdn.jsdelivr.net/npm/garbage-classification-data/garbage.json,garbage-classification-data
电锅,可回收物,,[],https://cdn.jsdelivr.net/npm/garbage-classification-data/garbage.json,garbage-classification-data
淀粉,厨余垃圾,,[],https://cdn.jsdelivr.net/npm/garbage-classification-data/garbage.json,garbage-classification-data
木雕,可回收物,,[],https://cdn.jsdelivr.net/npm/garbage-classification-data/garbage.json,garbage-classification-data
掉落的头发,其他垃圾,,[],https://cdn.jsdelivr.net/npm/garbage-classification-data/garbage.json,garbage-classification-data
吊牌,其他垃圾,,[],https://cdn.jsdelivr.net/npm/garbage-classification-data/garbage.json,garbage-classification-data
衣服吊牌,可回收物,,[],https://cdn.jsdelivr.net/npm/garbage-classification-data/garbage.json,garbage-classification-data
钓鱼竿,其他垃圾,,[],https://cdn.jsdelivr.net/npm/garbage-classification-data/garbage.json,garbage-classification-data
钓鱼钩,其他垃圾,,[],https://cdn.jsdelivr.net/npm/garbage-classification-data/garbage.json,garbage-classification-data
钓鱼线,其他垃圾,,[],https://cdn.jsdelivr.net/npm/garbage-classification-data/garbage.json,garbage-classification-data
空调,可回收物,,[],https://cdn.jsdelivr.net/npm/garbage-classification-data/garbage.json,garbage-classification-data
空调机,可回收物,,[],https://cdn.jsdelivr.net/npm/garbage-classification-data/garbage.json,garbage-classification-data
空调扇,可回收物,,[],https://cdn.jsdelivr.net/npm/garbage-classification-data/garbage.json,garbage-classification-data
碟片,其他垃圾,,[],https://cdn.jsdelivr.net/npm/garbage-classification-data/garbage.json,garbage-classification-data
光碟,其他垃圾,,[],https://cdn.jsdelivr.net/npm/garbage-classification-data/garbage.json,garbage-classification-data
碗碟,其他垃圾,,[],https://cdn.jsdelivr.net/npm/garbage-classification-data/garbage.json,garbage-classification-data
丁字裤,其他垃圾,,[],https://cdn.jsdelivr.net/npm/garbage-classification-data/garbage.json,garbage-classification-data
铁钉,可回收物,,[],https://cdn.jsdelivr.net/npm/garbage-classification-data/garbage.json,garbage-classification-data
图钉,其他垃圾,,[],https://cdn.jsdelivr.net/npm/garbage-classification-data/garbage.json,garbage-classification-data
洋钉,可回收物,,[],https://cdn.jsdelivr.net/npm/garbage-classification-data/garbage.json,garbage-classification-data
机顶盒,可回收物,,[],https://cdn.jsdelivr.net/npm/garbage-classification-data/garbage.json,garbage-classification-data
吸顶灯,有害垃圾,,[],https://cdn.jsdelivr.net/npm/garbage-classification-data/garbage.json,garbage-classification-data
电视机顶盒,可回收物,,[],https://cdn.jsdelivr.net/npm/garbage-classification-data/garbage.json,garbage-classification-data
订书钉,其他垃圾,,[],https://cdn.jsdelivr.net/npm/garbage-classification-data/garbage.json,garbage-classification-data
订书机,可回收物,,[],https://cdn.jsdelivr.net/npm/garbage-classification-data/garbage.json,garbage-classification-data
订书针,其他垃圾,,[],https://cdn.jsdelivr.net/npm/garbage-classification-data/garbage.json,garbage-classification-data
冬瓜,厨余垃圾,,[],https://cdn.jsdelivr.net/npm/garbage-classification-data/garbage.json,garbage-classification-data
冬笋壳,厨余垃圾,,[],https://cdn.jsdelivr.net/npm/garbage-classification-data/garbage.json,garbage-classification-data
冬枣核,厨余垃圾,,[],https://cdn.jsdelivr.net/npm/garbage-classification-data/garbage.json,garbage-classification-data
动物毛,其他垃圾,,[],https://cdn.jsdelivr.net/npm/garbage-classification-data/garbage.json,garbage-classification-data
果冻,厨余垃圾,,[],https://cdn.jsdelivr.net/npm/garbage-classification-data/garbage.json,garbage-classification-data
果冻盒,其他垃圾,,[],https://cdn.jsdelivr.net/npm/garbage-classification-data/garbage.json,garbage-classification-data
冷冻食品,厨余垃圾,,[],https://cdn.jsdelivr.net/npm/garbage-classification-data/garbage.json,garbage-classification-data
电熨斗,可回收物,,[],https://cdn.jsdelivr.net/npm/garbage-classification-data/garbage.json,garbage-classification-data
水斗漏网,其他垃圾,,[],https://cdn.jsdelivr.net/npm/garbage-classification-data/garbage.json,garbage-classification-data
大豆,厨余垃圾,,[],https://cdn.jsdelivr.net/npm/garbage-classification-data/garbage.json,garbage-classification-data
豆腐,厨余垃圾,,[],https://cdn.jsdelivr.net/npm/garbage-classification-data/garbage.json,garbage-classification-data
豆类,厨余垃圾,,[],https://cdn.jsdelivr.net/npm/garbage-classification-data/garbage.json,garbage-classification-data
毒鼠强,有害垃圾,,[],https://cdn.jsdelivr.net/npm/garbage-classification-data/garbage.json,garbage-classification-data
杀毒剂,有害垃圾,,[],https://cdn.jsdelivr.net/npm/garbage-classification-data/garbage.json,garbage-classification-data
消毒药片,有害垃圾,,[],https://cdn.jsdelivr.net/npm/garbage-classification-data/garbage.json,garbage-classification-data
电子书阅读器,可回收物,,[],https://cdn.jsdelivr.net/npm/garbage-classification-data/garbage.json,garbage-classification-data
杜蕾斯,其他垃圾,,[],https://cdn.jsdelivr.net/npm/garbage-classification-data/garbage.json,garbage-classification-data
温度计,有害垃圾,,[],https://cdn.jsdelivr.net/npm/garbage-classification-data/garbage.json,garbage-classification-data
废温度计,有害垃圾,,[],https://cdn.jsdelivr.net/npm/garbage-classification-data/garbage.json,garbage-classification-data
电子温度计,可回收物,,[],https://cdn.jsdelivr.net/npm/garbage-classification-data/garbage.json,garbage-classification-data
短裤,其他垃圾,,[],https://cdn.jsdelivr.net/npm/garbage-classification-data/garbage.json,garbage-classification-data
缎带,可回收物,,[],https://cdn.jsdelivr.net/npm/garbage-classification-data/garbage.json,garbage-classification-data
多肉,厨余垃圾,,[],https://cdn.jsdelivr.net/npm/garbage-classification-data/garbage.json,garbage-classification-data
多肉植物,厨余垃圾,,[],https://cdn.jsdelivr.net/npm/garbage-classification-data/garbage.json,garbage-classification-data
养乐多瓶,可回收物,,[],https://cdn.jsdelivr.net/npm/garbage-classification-data/garbage.json,garbage-classification-data
花朵,厨余垃圾,,[],https://cdn.jsdelivr.net/npm/garbage-classification-data/garbage.json,garbage-classification-data
鹅,厨余垃圾,,[],https://cdn.jsdelivr.net/npm/garbage-classification-data/garbage.json,garbage-classification-data
儿童玩具,可回收物,,[],https://cdn.jsdelivr.net/npm/garbage-classification-data/garbage.json,garbage-classification-data
婴儿尿布,其他垃圾,,[],https://cdn.jsdelivr.net/npm/garbage-classification-data/garbage.json,garbage-classification-data
耳环,可回收物,,[],https://cdn.jsdelivr.net/npm/garbage-classification-data/garbage.json,garbage-classification-data
耳机,可回收物,,[],https://cdn.jsdelivr.net/npm/garbage-classification-data/garbage.json,garbage-classification-data
耳屎,其他垃圾,,[],https://cdn.jsdelivr.net/npm/garbage-classification-data/garbage.json,garbage-classification-data
二手衣物,可回收物,,[],https://cdn.jsdelivr.net/npm/garbage-classification-data/garbage.json,garbage-classification-data
发胶,其他垃圾,,[],https://cdn.jsdelivr.net/npm/garbage-classification-data/garbage.json,garbage-classification-data
发蜡,其他垃圾,,[],https://cdn.jsdelivr.net/npm/garbage-classification-data/garbage.json,garbage-classification-data
发票,其他垃圾,,[],https://cdn.jsdelivr.net/npm/garbage-classification-data/garbage.json,garbage-classification-data
盐酸伐昔洛韦片,有害垃圾,,[],https://cdn.jsdelivr.net/npm/garbage-classification-data/garbage.json,garbage-classification-data
书法纸,可回收物,,[],https://cdn.jsdelivr.net/npm/garbage-classification-data/garbage.json,garbage-classification-data
帆布包,可回收物,,[],https://cdn.jsdelivr.net/npm/garbage-classification-data/garbage.json,garbage-classification-data
番茄,厨余垃圾,,[],https://cdn.jsdelivr.net/npm/garbage-classification-data/garbage.json,garbage-classification-data
番薯,厨余垃圾,,[],https://cdn.jsdelivr.net/npm/garbage-classification-data/garbage.json,garbage-classification-data
番茄酱,厨余垃圾,,[],https://cdn.jsdelivr.net/npm/garbage-classification-data/garbage.json,garbage-classification-data
饭,厨余垃圾,,[],https://cdn.jsdelivr.net/npm/garbage-classification-data/garbage.json,garbage-classification-data
菜饭,厨余垃圾,,[],https://cdn.jsdelivr.net/npm/garbage-classification-data/garbage.json,garbage-classification-data
饭菜,厨余垃圾,,[],https://cdn.jsdelivr.net/npm/garbage-classification-data/garbage.json,garbage-classification-data
魔方,其他垃圾,,[],https://cdn.jsdelivr.net/npm/garbage-classification-data/garbage.json,garbage-classification-data
方便筷,其他垃圾,,[],https://cdn.jsdelivr.net/npm/garbage-classification-data/garbage.json,garbage-classification-data
方便面,厨余垃圾,,[],https://cdn.jsdelivr.net/npm/garbage-classification-data/garbage.json,garbage-classification-data
防腐剂,其他垃圾,,[],https://cdn.jsdelivr.net/npm/garbage-classification-data/garbage.json,garbage-classification-data
纺织布,可回收物,,[],https://cdn.jsdelivr.net/npm/garbage-classification-data/garbage.json,garbage-classification-data
纺织品,可回收物,,[],https://cdn.jsdelivr.net/npm/garbage-classification-data/garbage.json,garbage-classification-data
纺织物,可回收物,,[],https://cdn.jsdelivr.net/npm/garbage-classification-data/garbage.json,garbage-classification-data
放大镜,可回收物,,[],https://cdn.jsdelivr.net/npm/garbage-classification-data/garbage.json,garbage-classification-data
录放机,可回收物,,[],https://cdn.jsdelivr.net/npm/garbage-classification-data/garbage.json,garbage-classification-data
咖啡,厨余垃圾,,[],https://cdn.jsdelivr.net/npm/garbage-classification-data/garbage.json,garbage-classification-data
咖啡包,厨余垃圾,,[],https://cdn.jsdelivr.net/npm/garbage-classification-data/garbage.json,garbage-classification-data
咖啡袋,其他垃圾,,[],https://cdn.jsdelivr.net/npm/garbage-classification-data/garbage.json,garbage-classification-data
飞机杯,其他垃圾,,[],https://cdn.jsdelivr.net/npm/garbage-classification-data/garbage.json,garbage-classification-data
肥料,其他垃圾,,[],https://cdn.jsdelivr.net/npm/garbage-classification-data/garbage.json,garbage-classification-data
肥皂,其他垃圾,,[],https://cdn.jsdelivr.net/npm/garbage-classification-data/garbage.json,garbage-classification-data
花肥,其他垃圾,,[],https://cdn.jsdelivr.net/npm/garbage-classification-data/garbage.json,garbage-classification-data
夫妻肺片,厨余垃圾,,[],https://cdn.jsdelivr.net/npm/garbage-classification-data/garbage.json,garbage-classification-data
废铝,可回收物,,[],https://cdn.jsdelivr.net/npm/garbage-classification-data/garbage.json,garbage-classification-data
废书,可回收物,,[],https://cdn.jsdelivr.net/npm/garbage-classification-data/garbage.json,garbage-classification-data
废铁,可回收物,,[],https://cdn.jsdelivr.net/npm/garbage-classification-data/garbage.json,garbage-classification-data
电费账单,可回收物,,[],https://cdn.jsdelivr.net/npm/garbage-classification-data/garbage.json,garbage-classification-data
粉笔,其他垃圾,,[],https://cdn.jsdelivr.net/npm/garbage-classification-data/garbage.json,garbage-classification-data
信封,可回收物,,[],https://cdn.jsdelivr.net/npm/garbage-classification-data/garbage.json,garbage-classification-data
封箱带,其他垃圾,,[],https://cdn.jsdelivr.net/npm/garbage-classification-data/garbage.json,garbage-classification-data
密封袋,其他垃圾,,[],https://cdn.jsdelivr.net/npm/garbage-classification-data/garbage.json,garbage-classification-data
蜂蜜罐,可回收物,,[],https://cdn.jsdelivr.net/npm/garbage-classification-data/garbage.json,garbage-classification-data
风扇,可回收物,,[],https://cdn.jsdelivr.net/npm/garbage-classification-data/garbage.json,garbage-classification-data
风衣,可回收物,,[],https://cdn.jsdelivr.net/npm/garbage-classification-data/garbage.json,garbage-classification-data
风筝,其他垃圾,,[],https://cdn.jsdelivr.net/npm/garbage-classification-data/garbage.json,garbage-classification-data
缝纫针,其他垃圾,,[],https://cdn.jsdelivr.net/npm/garbage-classification-data/garbage.json,garbage-classification-data
敷料,其他垃圾,,[],https://cdn.jsdelivr.net/npm/garbage-classification-data/garbage.json,garbage-classification-data
护肤品,其他垃圾,,[],https://cdn.jsdelivr.net/npm/garbage-classification-data/garbage.json,garbage-classification-data
润肤霜,可回收物,,[],https://cdn.jsdelivr.net/npm/garbage-classification-data/garbage.json,garbage-classification-data
护肤霜瓶,可回收物,,[],https://cdn.jsdelivr.net/npm/garbage-classification-data/garbage.json,garbage-classification-data
服装,可回收物,,[],https://cdn.jsdelivr.net/npm/garbage-classification-data/garbage.json,garbage-classification-data
衣服,可回收物,,[],https://cdn.jsdelivr.net/npm/garbage-classification-data/garbage.json,garbage-classification-data
废衣服,可回收物,,[],https://cdn.jsdelivr.net/npm/garbage-classification-data/garbage.json,garbage-classification-data
腐肉,厨余垃圾,,[],https://cdn.jsdelivr.net/npm/garbage-classification-data/garbage.json,garbage-classification-data
复写纸,其他垃圾,,[],https://cdn.jsdelivr.net/npm/garbage-classification-data/garbage.json,garbage-classification-data
复印机,可回收物,,[],https://cdn.jsdelivr.net/npm/garbage-classification-data/garbage.json,garbage-classification-data
复印纸,可回收物,,[],https://cdn.jsdelivr.net/npm/garbage-classification-data/garbage.json,garbage-classification-data
富贵竹,厨余垃圾,,[],https://cdn.jsdelivr.net/npm/garbage-classification-data/garbage.json,garbage-classification-data
高附加值可回收物,可回收物,,[],https://cdn.jsdelivr.net/npm/garbage-classification-data/garbage.json,garbage-classification-data
咖啡纸杯(内表面附塑料膜),其他垃圾,,[],https://cdn.jsdelivr.net/npm/garbage-classification-data/garbage.json,garbage-classification-data
涂改笔,其他垃圾,,[],https://cdn.jsdelivr.net/npm/garbage-classification-data/garbage.json,garbage-classification-data
氯化钙除湿剂,其他垃圾,,[],https://cdn.jsdelivr.net/npm/garbage-classification-data/garbage.json,garbage-classification-data
笔盖,其他垃圾,,[],https://cdn.jsdelivr.net/npm/garbage-classification-data/garbage.json,garbage-classification-data
锅盖,其他垃圾,,[],https://cdn.jsdelivr.net/npm/garbage-classification-data/garbage.json,garbage-classification-data
铝盖,可回收物,,[],https://cdn.jsdelivr.net/npm/garbage-classification-data/garbage.json,garbage-classification-data
干果,厨余垃圾,,[],https://cdn.jsdelivr.net/npm/garbage-classification-data/garbage.json,garbage-classification-data
干花,其他垃圾,,[],https://cdn.jsdelivr.net/npm/garbage-classification-data/garbage.json,garbage-classification-data
甘蔗,厨余垃圾,,[],https://cdn.jsdelivr.net/npm/garbage-classification-data/garbage.json,garbage-classification-data
甘蔗皮,其他垃圾,,[],https://cdn.jsdelivr.net/npm/garbage-classification-data/garbage.json,garbage-classification-data
甘蔗渣,厨余垃圾,,[],https://cdn.jsdelivr.net/npm/garbage-classification-data/garbage.json,garbage-classification-data
笔杆,其他垃圾,,[],https://cdn.jsdelivr.net/npm/garbage-classification-data/garbage.json,garbage-classification-data
晾衣杆,可回收物,,[],https://cdn.jsdelivr.net/npm/garbage-classification-data/garbage.json,garbage-classification-data
桔柑,厨余垃圾,,[],https://cdn.jsdelivr.net/npm/garbage-classification-data/garbage.json,garbage-classification-data
竹竿,其他垃圾,,[],https://cdn.jsdelivr.net/npm/garbage-classification-data/garbage.json,garbage-classification-data
鸡肝,厨余垃圾,,[],https://cdn.jsdelivr.net/npm/garbage-classification-data/garbage.json,garbage-classification-data
感光片,有害垃圾,,[],https://cdn.jsdelivr.net/npm/garbage-classification-data/garbage.json,garbage-classification-data
感冒药,有害垃圾,,[],https://cdn.jsdelivr.net/npm/garbage-classification-data/garbage.json,garbage-classification-data
感光胶片,有害垃圾,,[],https://cdn.jsdelivr.net/npm/garbage-classification-data/garbage.json,garbage-classification-data
麦秆,厨余垃圾,,[],https://cdn.jsdelivr.net/npm/garbage-classification-data/garbage.json,garbage-classification-data
钢笔,其他垃圾,,[],https://cdn.jsdelivr.net/npm/garbage-classification-data/garbage.json,garbage-classification-data
烟缸,可回收物,,[],https://cdn.jsdelivr.net/npm/garbage-classification-data/garbage.json,garbage-classification-data
鱼缸,可回收物,,[],https://cdn.jsdelivr.net/npm/garbage-classification-data/garbage.json,garbage-classification-data
高粱,厨余垃圾,,[],https://cdn.jsdelivr.net/npm/garbage-classification-data/garbage.json,garbage-classification-data
乐高,可回收物,,[],https://cdn.jsdelivr.net/npm/garbage-classification-data/garbage.json,garbage-classification-data
高跟鞋,可回收物,,[],https://cdn.jsdelivr.net/npm/garbage-classification-data/garbage.json,garbage-classification-data
石膏,其他垃圾,,[],https://cdn.jsdelivr.net/npm/garbage-classification-data/garbage.json,garbage-classification-data
牙膏,其他垃圾,,[],https://cdn.jsdelivr.net/npm/garbage-classification-data/garbage.json,garbage-classification-data
糕饼,厨余垃圾,,[],https://cdn.jsdelivr.net/npm/garbage-classification-data/garbage.json,garbage-classification-data
草稿纸,其他垃圾,,[],https://cdn.jsdelivr.net/npm/garbage-classification-data/garbage.json,garbage-classification-data
写过的草稿纸,可回收物,,[],https://cdn.jsdelivr.net/npm/garbage-classification-data/garbage.json,garbage-classification-data
广告单,可回收物,,[],https://cdn.jsdelivr.net/npm/garbage-classification-data/garbage.json,garbage-classification-data
广告纸,可回收物,,[],https://cdn.jsdelivr.net/npm/garbage-classification-data/garbage.json,garbage-classification-data
小广告,可回收物,,[],https://cdn.jsdelivr.net/npm/garbage-classification-data/garbage.json,garbage-classification-data
大哥大,可回收物,,[],https://cdn.jsdelivr.net/npm/garbage-classification-data/garbage.json,garbage-classification-data
鸽子,厨余垃圾,,[],https://cdn.jsdelivr.net/npm/garbage-classification-data/garbage.json,garbage-classification-data
皮革,可回收物,,[],https://cdn.jsdelivr.net/npm/garbage-classification-data/garbage.json,garbage-classification-data
旧包皮革,可回收物,,[],https://cdn.jsdelivr.net/npm/garbage-classification-data/garbage.json,garbage-classification-data
皮革制品,可回收物,,[],https://cdn.jsdelivr.net/npm/garbage-classification-data/garbage.json,garbage-classification-data
蛤蜊,厨余垃圾,,[],https://cdn.jsdelivr.net/npm/garbage-classification-data/garbage.json,garbage-classification-data
蛤蟆,厨余垃圾,,[],https://cdn.jsdelivr.net/npm/garbage-classification-data/garbage.json,garbage-classification-data
花蛤,厨余垃圾,,[],https://cdn.jsdelivr.net/npm/garbage-classification-data/garbage.json,garbage-classification-data
隔离霜,其他垃圾,,[],https://cdn.jsdelivr.net/npm/garbage-classification-data/garbage.json,garbage-classification-data
隔夜菜,厨余垃圾,,[],https://cdn.jsdelivr.net/npm/garbage-classification-data/garbage.json,garbage-classification-data
个人计算机,可回收物,,[],https://cdn.jsdelivr.net/npm/garbage-classification-data/garbage.json,garbage-classification-data
各式皮包,可回收物,,[],https://cdn.jsdelivr.net/npm/garbage-classification-data/garbage.json,garbage-classification-data
各类刀、刀片,可回收物,,[],https://cdn.jsdelivr.net/npm/garbage-classification-data/garbage.json,garbage-classification-data
各类过期食品,厨余垃圾,,[],https://cdn.jsdelivr.net/npm/garbage-classification-data/garbage.json,garbage-classification-data
菜根,厨余垃圾,,[],https://cdn.jsdelivr.net/npm/garbage-classification-data/garbage.json,garbage-classification-data
树根,厨余垃圾,,[],https://cdn.jsdelivr.net/npm/garbage-classification-data/garbage.json,garbage-classification-data
菜梗,厨余垃圾,,[],https://cdn.jsdelivr.net/npm/garbage-classification-data/garbage.json,garbage-classification-data
桔梗,厨余垃圾,,[],https://cdn.jsdelivr.net/npm/garbage-classification-data/garbage.json,garbage-classification-data
菜梗菜叶,厨余垃圾,,[],https://cdn.jsdelivr.net/npm/garbage-classification-data/garbage.json,garbage-classification-data
工资卡,可回收物,,[],https://cdn.jsdelivr.net/npm/garbage-classification-data/garbage.json,garbage-classification-data
美工刀,可回收物,,[],https://cdn.jsdelivr.net/npm/garbage-classification-data/garbage.json,garbage-classification-data
公仔,可回收物,,[],https://cdn.jsdelivr.net/npm/garbage-classification-data/garbage.json,garbage-classification-data
公交卡,可回收物,,[],https://cdn.jsdelivr.net/npm/garbage-classification-data/garbage.json,garbage-classification-data
含汞体温计,有害垃圾,,[],https://cdn.jsdelivr.net/npm/garbage-classification-data/garbage.json,garbage-classification-data
含汞温度计,有害垃圾,,[],https://cdn.jsdelivr.net/npm/garbage-classification-data/garbage.json,garbage-classification-data
含汞血压计,有害垃圾,,[],https://cdn.jsdelivr.net/npm/garbage-classification-data/garbage.json,garbage-classification-data
铁钩,可回收物,,[],https://cdn.jsdelivr.net/npm/garbage-classification-data/garbage.json,garbage-classification-data
勾线笔,其他垃圾,,[],https://cdn.jsdelivr.net/npm/garbage-classification-data/garbage.json,garbage-classification-data
水垢,其他垃圾,,[],https://cdn.jsdelivr.net/npm/garbage-classification-data/garbage.json,garbage-classification-data
购物纸袋,可回收物,,[],https://cdn.jsdelivr.net/npm/garbage-classification-data/garbage.json,garbage-classification-data
塑料购物袋,其他垃圾,,[],https://cdn.jsdelivr.net/npm/garbage-classification-data/garbage.json,garbage-classification-data
纸质购物袋,可回收物,,[],https://cdn.jsdelivr.net/npm/garbage-classification-data/garbage.json,garbage-classification-data
菌菇,厨余垃圾,,[],https://cdn.jsdelivr.net/npm/garbage-classification-data/garbage.json,garbage-classification-data
蘑菇,厨余垃圾,,[],https://cdn.jsdelivr.net/npm/garbage-classification-data/garbage.json,garbage-classification-data
香菇,厨余垃圾,,[],https://cdn.jsdelivr.net/npm/garbage-classification-data/garbage.json,garbage-classification-data
晒鼓墨盒,可回收物,,[],https://cdn.jsdelivr.net/npm/garbage-classification-data/garbage.json,garbage-classification-data
古筝,可回收物,,[],https://cdn.jsdelivr.net/npm/garbage-classification-data/garbage.json,garbage-classification-data
大骨,其他垃圾,,[],https://cdn.jsdelivr.net/npm/garbage-classification-data/garbage.json,garbage-classification-data
谷物,厨余垃圾,,[],https://cdn.jsdelivr.net/npm/garbage-classification-data/garbage.json,garbage-classification-data
鸡屁股,厨余垃圾,,[],https://cdn.jsdelivr.net/npm/garbage-classification-data/garbage.json,garbage-classification-data
鸭屁股,厨余垃圾,,[],https://cdn.jsdelivr.net/npm/garbage-classification-data/garbage.json,garbage-classification-data
烟屁股,其他垃圾,,[],https://cdn.jsdelivr.net/npm/garbage-classification-data/garbage.json,garbage-classification-data
固体胶,其他垃圾,,[],https://cdn.jsdelivr.net/npm/garbage-classification-data/garbage.json,garbage-classification-data
雨刮器,其他垃圾,,[],https://cdn.jsdelivr.net/npm/garbage-classification-data/garbage.json,garbage-classification-data
刮胡子刀片,可回收物,,[],https://cdn.jsdelivr.net/npm/garbage-classification-data/garbage.json,garbage-classification-data
汽车雨刮器,其他垃圾,,[],https://cdn.jsdelivr.net/npm/garbage-classification-data/garbage.json,garbage-classification-data
瓜,厨余垃圾,,[],https://cdn.jsdelivr.net/npm/garbage-classification-data/garbage.json,garbage-classification-data
瓜果,厨余垃圾,,[],https://cdn.jsdelivr.net/npm/garbage-classification-data/garbage.json,garbage-classification-data
挂历,可回收物,,[],https://cdn.jsdelivr.net/npm/garbage-classification-data/garbage.json,garbage-classification-data
挂钟,可回收物,,[],https://cdn.jsdelivr.net/npm/garbage-classification-data/garbage.json,garbage-classification-data
挂号纸,可回收物,,[],https://cdn.jsdelivr.net/npm/garbage-classification-data/garbage.json,garbage-classification-data
铝管,可回收物,,[],https://cdn.jsdelivr.net/npm/garbage-classification-data/garbage.json,garbage-classification-data
吸管,其他垃圾,,[],https://cdn.jsdelivr.net/npm/garbage-classification-data/garbage.json,garbage-classification-data
罐头,可回收物,,[],https://cdn.jsdelivr.net/npm/garbage-classification-data/garbage.json,garbage-classification-data
铝罐,可回收物,,[],https://cdn.jsdelivr.net/npm/garbage-classification-data/garbage.json,garbage-classification-data
陶罐,其他垃圾,,[],https://cdn.jsdelivr.net/npm/garbage-classification-data/garbage.json,garbage-classification-data
光盘,其他垃圾,,[],https://cdn.jsdelivr.net/npm/garbage-classification-data/garbage.json,garbage-classification-data
光驱,可回收物,,[],https://cdn.jsdelivr.net/npm/garbage-classification-data/garbage.json,garbage-classification-data
玫瑰,厨余垃圾,,[],https://cdn.jsdelivr.net/npm/garbage-classification-data/garbage.json,garbage-classification-data
玫瑰花,厨余垃圾,,[],https://cdn.jsdelivr.net/npm/garbage-classification-data/garbage.json,garbage-classification-data
干枯玫瑰花,厨余垃圾,,[],https://cdn.jsdelivr.net/npm/garbage-classification-data/garbage.json,garbage-classification-data
硅胶,其他垃圾,,[],https://cdn.jsdelivr.net/npm/garbage-classification-data/garbage.json,garbage-classification-data
乌龟壳,其他垃圾,,[],https://cdn.jsdelivr.net/npm/garbage-classification-data/garbage.json,garbage-classification-data
桂圆,厨余垃圾,,[],https://cdn.jsdelivr.net/npm/garbage-classification-data/garbage.json,garbage-classification-data
桂圆核,厨余垃圾,,[],https://cdn.jsdelivr.net/npm/garbage-classification-data/garbage.json,garbage-classification-data
桂圆壳,厨余垃圾,,[],https://cdn.jsdelivr.net/npm/garbage-classification-data/garbage.json,garbage-classification-data
铁棍,可回收物,,[],https://cdn.jsdelivr.net/npm/garbage-classification-data/garbage.json,garbage-classification-data
冰棍棒,其他垃圾,,[],https://cdn.jsdelivr.net/npm/garbage-classification-data/garbage.json,garbage-classification-data
糖葫芦棍,其他垃圾,,[],https://cdn.jsdelivr.net/npm/garbage-classification-data/garbage.json,garbage-classification-data
锅,可回收物,,[],https://cdn.jsdelivr.net/npm/garbage-classification-data/garbage.json,garbage-classification-data
过滤盒,其他垃圾,,[],https://cdn.jsdelivr.net/npm/garbage-classification-data/garbage.json,garbage-classification-data
过滤器,其他垃圾,,[],https://cdn.jsdelivr.net/npm/garbage-classification-data/garbage.json,garbage-classification-data
哈密瓜皮,厨余垃圾,,[],https://cdn.jsdelivr.net/npm/garbage-classification-data/garbage.json,garbage-classification-data
孩子尿片,其他垃圾,,[],https://cdn.jsdelivr.net/npm/garbage-classification-data/garbage.json,garbage-classification-data
小孩尿布,其他垃圾,,[],https://cdn.jsdelivr.net/npm/garbage-classification-data/garbage.json,garbage-classification-data
海带,厨余垃圾,,[],https://cdn.jsdelivr.net/npm/garbage-classification-data/garbage.json,garbage-classification-data
有害垃圾,有害垃圾,,[],https://cdn.jsdelivr.net/npm/garbage-classification-data/garbage.json,garbage-classification-data
含油抹布,其他垃圾,,[],https://cdn.jsdelivr.net/npm/garbage-classification-data/garbage.json,garbage-classification-data
焊丝,可回收物,,[],https://cdn.jsdelivr.net/npm/garbage-classification-data/garbage.json,garbage-classification-data
汗衫,可回收物,,[],https://cdn.jsdelivr.net/npm/garbage-classification-data/garbage.json,garbage-classification-data
记号笔,其他垃圾,,[],https://cdn.jsdelivr.net/npm/garbage-classification-data/garbage.json,garbage-classification-data
取号纸,其他垃圾,,[],https://cdn.jsdelivr.net/npm/garbage-classification-data/garbage.json,garbage-classification-data
喝过的茶叶,厨余垃圾,,[],https://cdn.jsdelivr.net/npm/garbage-classification-data/garbage.json,garbage-classification-data
喝完的药瓶,有害垃圾,,[],https://cdn.jsdelivr.net/npm/garbage-classification-data/garbage.json,garbage-classification-data
喝过的茶叶渣,厨余垃圾,,[],https://cdn.jsdelivr.net/npm/garbage-classification-data/garbage.json,garbage-classification-data
荷包蛋,厨余垃圾,,[],https://cdn.jsdelivr.net/npm/garbage-classification-data/garbage.json,garbage-classification-data
果核,厨余垃圾,,[],https://cdn.jsdelivr.net/npm/garbage-classification-data/garbage.json,garbage-classification-data
梨核,厨余垃圾,,[],https://cdn.jsdelivr.net/npm/garbage-classification-data/garbage.json,garbage-classification-data
桃核,厨余垃圾,,[],https://cdn.jsdelivr.net/npm/garbage-classification-data/garbage.json,garbage-classification-data
糖和藕粉,厨余垃圾,,[],https://cdn.jsdelivr.net/npm/garbage-classification-data/garbage.json,garbage-classification-data
铝合金,可回收物,,[],https://cdn.jsdelivr.net/npm/garbage-classification-data/garbage.json,garbage-classification-data
复合包装,其他垃圾,,[],https://cdn.jsdelivr.net/npm/garbage-classification-data/garbage.json,garbage-classification-data
合金玩具,可回收物,,[],https://cdn.jsdelivr.net/npm/garbage-classification-data/garbage.json,garbage-classification-data
笔盒,可回收物,,[],https://cdn.jsdelivr.net/npm/garbage-classification-data/garbage.json,garbage-classification-data
饭盒,其他垃圾,,[],https://cdn.jsdelivr.net/npm/garbage-classification-data/garbage.json,garbage-classification-data
河豚,厨余垃圾,,[],https://cdn.jsdelivr.net/npm/garbage-classification-data/garbage.json,garbage-classification-data
贺卡,可回收物,,[],https://cdn.jsdelivr.net/npm/garbage-classification-data/garbage.json,garbage-classification-data
黑豆,厨余垃圾,,[],https://cdn.jsdelivr.net/npm/garbage-classification-data/garbage.json,garbage-classification-data
黑猪,厨余垃圾,,[],https://cdn.jsdelivr.net/npm/garbage-classification-data/garbage.json,garbage-classification-data
烘干机,可回收物,,[],https://cdn.jsdelivr.net/npm/garbage-classification-data/garbage.json,garbage-classification-data
烘手器,可回收物,,[],https://cdn.jsdelivr.net/npm/garbage-classification-data/garbage.json,garbage-classification-data
红笔,其他垃圾,,[],https://cdn.jsdelivr.net/npm/garbage-classification-data/garbage.json,garbage-classification-data
红薯,厨余垃圾,,[],https://cdn.jsdelivr.net/npm/garbage-classification-data/garbage.json,garbage-classification-data
猕猴桃,厨余垃圾,,[],https://cdn.jsdelivr.net/npm/garbage-classification-data/garbage.json,garbage-classification-data
厚纸板,可回收物,,[],https://cdn.jsdelivr.net/npm/garbage-classification-data/garbage.json,garbage-classification-data
厚塑料袋,其他垃圾,,[],https://cdn.jsdelivr.net/npm/garbage-classification-data/garbage.json,garbage-classification-data
厚型塑料袋,其他垃圾,,[],https://cdn.jsdelivr.net/npm/garbage-classification-data/garbage.json,garbage-classification-data
粉碎后的打印纸,其他垃圾,,[],https://cdn.jsdelivr.net/npm/garbage-classification-data/garbage.json,garbage-classification-data
洗净后的牛奶盒,可回收物,,[],https://cdn.jsdelivr.net/npm/garbage-classification-data/garbage.json,garbage-classification-data
打印后的彩色照片,有害垃圾,,[],https://cdn.jsdelivr.net/npm/garbage-classification-data/garbage.json,garbage-classification-data
呼叫器,可回收物,,[],https://cdn.jsdelivr.net/npm/garbage-classification-data/garbage.json,garbage-classification-data
珊瑚,其他垃圾,,[],https://cdn.jsdelivr.net/npm/garbage-classification-data/garbage.json,garbage-classification-data
茶壶,其他垃圾,,[],https://cdn.jsdelivr.net/npm/garbage-classification-data/garbage.json,garbage-classification-data
油壶,可回收物,,[],https://cdn.jsdelivr.net/npm/garbage-classification-data/garbage.json,garbage-classification-data
玻璃壶,可回收物,,[],https://cdn.jsdelivr.net/npm/garbage-classification-data/garbage.json,garbage-classification-data
胡子,其他垃圾,,[],https://cdn.jsdelivr.net/npm/garbage-classification-data/garbage.json,garbage-classification-data
胡椒粉,厨余垃圾,,[],https://cdn.jsdelivr.net/npm/garbage-classification-data/garbage.json,garbage-classification-data
浆糊,其他垃圾,,[],https://cdn.jsdelivr.net/npm/garbage-classification-data/garbage.json,garbage-classification-data
虎牙,其他垃圾,,[],https://cdn.jsdelivr.net/npm/garbage-classification-data/garbage.json,garbage-classification-data
护目镜,其他垃圾,,[],https://cdn.jsdelivr.net/npm/garbage-classification-data/garbage.json,garbage-classification-data
花,厨余垃圾,,[],https://cdn.jsdelivr.net/npm/garbage-classification-data/garbage.json,garbage-classification-data
菜花,厨余垃圾,,[],https://cdn.jsdelivr.net/npm/garbage-classification-data/garbage.json,garbage-classification-data
华为手机,可回收物,,[],https://cdn.jsdelivr.net/npm/garbage-classification-data/garbage.json,garbage-classification-data
金华火腿,厨余垃圾,,[],https://cdn.jsdelivr.net/npm/garbage-classification-data/garbage.json,garbage-classification-data
精华液瓶,可回收物,,[],https://cdn.jsdelivr.net/npm/garbage-classification-data/garbage.json,garbage-classification-data
防滑垫,可回收物,,[],https://cdn.jsdelivr.net/npm/garbage-classification-data/garbage.json,garbage-classification-data
润滑剂,其他垃圾,,[],https://cdn.jsdelivr.net/npm/garbage-classification-data/garbage.json,garbage-classification-data
润滑油,其他垃圾,,[],https://cdn.jsdelivr.net/npm/garbage-classification-data/garbage.json,garbage-classification-data
画笔,其他垃圾,,[],https://cdn.jsdelivr.net/npm/garbage-classification-data/garbage.json,garbage-classification-data
画纸,可回收物,,[],https://cdn.jsdelivr.net/npm/garbage-classification-data/garbage.json,garbage-classification-data
胶画,其他垃圾,,[],https://cdn.jsdelivr.net/npm/garbage-classification-data/garbage.json,garbage-classification-data
绿化,厨余垃圾,,[],https://cdn.jsdelivr.net/npm/garbage-classification-data/garbage.json,garbage-classification-data
钢化膜,可回收物,,[],https://cdn.jsdelivr.net/npm/garbage-classification-data/garbage.json,garbage-classification-data
电话,可回收物,,[],https://cdn.jsdelivr.net/npm/garbage-classification-data/garbage.json,garbage-classification-data
话梅,厨余垃圾,,[],https://cdn.jsdelivr.net/npm/garbage-classification-data/garbage.json,garbage-classification-data
话筒,可回收物,,[],https://cdn.jsdelivr.net/npm/garbage-classification-data/garbage.json,garbage-classification-data
坏发卡,其他垃圾,,[],https://cdn.jsdelivr.net/npm/garbage-classification-data/garbage.json,garbage-classification-data
坏钢笔,其他垃圾,,[],https://cdn.jsdelivr.net/npm/garbage-classification-data/garbage.json,garbage-classification-data
手环,其他垃圾,,[],https://cdn.jsdelivr.net/npm/garbage-classification-data/garbage.json,garbage-classification-data
环保袋,可回收物,,[],https://cdn.jsdelivr.net/npm/garbage-classification-data/garbage.json,garbage-classification-data
黄豆,厨余垃圾,,[],https://cdn.jsdelivr.net/npm/garbage-classification-data/garbage.json,garbage-classification-data
黄瓜,厨余垃圾,,[],https://cdn.jsdelivr.net/npm/garbage-classification-data/garbage.json,garbage-classification-data
灰,其他垃圾,,[],https://cdn.jsdelivr.net/npm/garbage-classification-data/garbage.json,garbage-classification-data
徽章,其他垃圾,,[],https://cdn.jsdelivr.net/npm/garbage-classification-data/garbage.json,garbage-classification-data
回收物,可回收物,,[],https://cdn.jsdelivr.net/npm/garbage-classification-data/garbage.json,garbage-classification-data
回形针,其他垃圾,,[],https://cdn.jsdelivr.net/npm/garbage-classification-data/garbage.json,garbage-classification-data
可回收,可回收物,,[],https://cdn.jsdelivr.net/npm/garbage-classification-data/garbage.json,garbage-classification-data
花卉,厨余垃圾,,[],https://cdn.jsdelivr.net/npm/garbage-classification-data/garbage.json,garbage-classification-data
花卉绿植,厨余垃圾,,[],https://cdn.jsdelivr.net/npm/garbage-classification-data/garbage.json,garbage-classification-data
花卉植物,厨余垃圾,,[],https://cdn.jsdelivr.net/npm/garbage-classification-data/garbage.json,garbage-classification-data
会员卡,可回收物,,[],https://cdn.jsdelivr.net/npm/garbage-classification-data/garbage.json,garbage-classification-data
婚戒,可回收物,,[],https://cdn.jsdelivr.net/npm/garbage-classification-data/garbage.json,garbage-classification-data
结婚证书,可回收物,,[],https://cdn.jsdelivr.net/npm/garbage-classification-data/garbage.json,garbage-classification-data
活性炭,其他垃圾,,[],https://cdn.jsdelivr.net/npm/garbage-classification-data/garbage.json,garbage-classification-data
活性炭滤芯,其他垃圾,,[],https://cdn.jsdelivr.net/npm/garbage-classification-data/garbage.json,garbage-classification-data
火锅,厨余垃圾,,[],https://cdn.jsdelivr.net/npm/garbage-classification-data/garbage.json,garbage-classification-data
干货,厨余垃圾,,[],https://cdn.jsdelivr.net/npm/garbage-classification-data/garbage.json,garbage-classification-data
干垃圾,其他垃圾,,[],https://cdn.jsdelivr.net/npm/garbage-classification-data/garbage.json,garbage-classification-data
干拉圾,其他垃圾,,[],https://cdn.jsdelivr.net/npm/garbage-classification-data/garbage.json,garbage-classification-data
垃圾袋,其他垃圾,,[],https://cdn.jsdelivr.net/npm/garbage-classification-data/garbage.json,garbage-classification-data
火机,其他垃圾,,[],https://cdn.jsdelivr.net/npm/garbage-classification-data/garbage.json,garbage-classification-data
积木,可回收物,,[],https://cdn.jsdelivr.net/npm/garbage-classification-data/garbage.json,garbage-classification-data
木积木,可回收物,,[],https://cdn.jsdelivr.net/npm/garbage-classification-data/garbage.json,garbage-classification-data
塑料积木,可回收物,,[],https://cdn.jsdelivr.net/npm/garbage-classification-data/garbage.json,garbage-classification-data
冰激淋,厨余垃圾,,[],https://cdn.jsdelivr.net/npm/garbage-classification-data/garbage.json,garbage-classification-data
冰激凌,厨余垃圾,,[],https://cdn.jsdelivr.net/npm/garbage-classification-data/garbage.json,garbage-classification-data
冰激凌木棒,其他垃圾,,[],https://cdn.jsdelivr.net/npm/garbage-classification-data/garbage.json,garbage-classification-data
鸡,厨余垃圾,,[],https://cdn.jsdelivr.net/npm/garbage-classification-data/garbage.json,garbage-classification-data
鸡蛋,厨余垃圾,,[],https://cdn.jsdelivr.net/npm/garbage-classification-data/garbage.json,garbage-classification-data
书籍,可回收物,,[],https://cdn.jsdelivr.net/npm/garbage-classification-data/garbage.json,garbage-classification-data
水产及其加工食品,厨余垃圾,,[],https://cdn.jsdelivr.net/npm/garbage-classification-data/garbage.json,garbage-classification-data
食物残渣及宠物饲料,厨余垃圾,,[],https://cdn.jsdelivr.net/npm/garbage-classification-data/garbage.json,garbage-classification-data
急支糖浆,有害垃圾,,[],https://cdn.jsdelivr.net/npm/garbage-classification-data/garbage.json,garbage-classification-data
月季,厨余垃圾,,[],https://cdn.jsdelivr.net/npm/garbage-classification-data/garbage.json,garbage-classification-data
药剂,有害垃圾,,[],https://cdn.jsdelivr.net/npm/garbage-classification-data/garbage.json,garbage-classification-data
除湿剂,其他垃圾,,[],https://cdn.jsdelivr.net/npm/garbage-classification-data/garbage.json,garbage-classification-data
计算机,可回收物,,[],https://cdn.jsdelivr.net/npm/garbage-classification-data/garbage.json,garbage-classification-data
计算器,可回收物,,[],https://cdn.jsdelivr.net/npm/garbage-classification-data/garbage.json,garbage-classification-data
体温计,有害垃圾,,[],https://cdn.jsdelivr.net/npm/garbage-classification-data/garbage.json,garbage-classification-data
笔记本,可回收物,,[],https://cdn.jsdelivr.net/npm/garbage-classification-data/garbage.json,garbage-classification-data
笔记本纸,可回收物,,[],https://cdn.jsdelivr.net/npm/garbage-classification-data/garbage.json,garbage-classification-data
夹克,可回收物,,[],https://cdn.jsdelivr.net/npm/garbage-classification-data/garbage.json,garbage-classification-data
衣夹,其他垃圾,,[],https://cdn.jsdelivr.net/npm/garbage-classification-data/garbage.json,garbage-classification-data
马夹袋,其他垃圾,,[],https://cdn.jsdelivr.net/npm/garbage-classification-data/garbage.json,garbage-classification-data
家电,可回收物,,[],https://cdn.jsdelivr.net/npm/garbage-classification-data/garbage.json,garbage-classification-data
废家电,可回收物,,[],https://cdn.jsdelivr.net/npm/garbage-classification-data/garbage.json,garbage-classification-data
加湿器,可回收物,,[],https://cdn.jsdelivr.net/npm/garbage-classification-data/garbage.json,garbage-classification-data
加工类食品,厨余垃圾,,[],https://cdn.jsdelivr.net/npm/garbage-classification-data/garbage.json,garbage-classification-data
肉蛋加工食品,厨余垃圾,,[],https://cdn.jsdelivr.net/npm/garbage-classification-data/garbage.json,garbage-classification-data
花甲,厨余垃圾,,[],https://cdn.jsdelivr.net/npm/garbage-classification-data/garbage.json,garbage-classification-data
甲油,有害垃圾,,[],https://cdn.jsdelivr.net/npm/garbage-classification-data/garbage.json,garbage-classification-data
甲鱼,厨余垃圾,,[],https://cdn.jsdelivr.net/npm/garbage-classification-data/garbage.json,garbage-classification-data
高铁酸钾,有害垃圾,,[],https://cdn.jsdelivr.net/npm/garbage-classification-data/garbage.json,garbage-classification-data
假发,其他垃圾,,[],https://cdn.jsdelivr.net/npm/garbage-classification-data/garbage.json,garbage-classification-data
假牙,其他垃圾,,[],https://cdn.jsdelivr.net/npm/garbage-classification-data/garbage.json,garbage-classification-data
假发套,其他垃圾,,[],https://cdn.jsdelivr.net/npm/garbage-classification-data/garbage.json,garbage-classification-data
铁架,可回收物,,[],https://cdn.jsdelivr.net/npm/garbage-classification-data/garbage.json,garbage-classification-data
坚果,其他垃圾,,[],https://cdn.jsdelivr.net/npm/garbage-classification-data/garbage.json,garbage-classification-data
坚果壳,其他垃圾,,[],https://cdn.jsdelivr.net/npm/garbage-classification-data/garbage.json,garbage-classification-data
坚果果壳,其他垃圾,,[],https://cdn.jsdelivr.net/npm/garbage-classification-data/garbage.json,garbage-classification-data
卫生间纸,其他垃圾,,[],https://cdn.jsdelivr.net/npm/garbage-classification-data/garbage.json,garbage-classification-data
打印间碎纸,可回收物,,[],https://cdn.jsdelivr.net/npm/garbage-classification-data/garbage.json,garbage-classification-data
卫生间废纸,其他垃圾,,[],https://cdn.jsdelivr.net/npm/garbage-classification-data/garbage.json,garbage-classification-data
煎鍋,可回收物,,[],https://cdn.jsdelivr.net/npm/garbage-classification-data/garbage.json,garbage-classification-data
生煎,厨余垃圾,,[],https://cdn.jsdelivr.net/npm/garbage-classification-data/garbage.json,garbage-classification-data
生煎包,厨余垃圾,,[],https://cdn.jsdelivr.net/npm/garbage-classification-data/garbage.json,garbage-classification-data
碱性无汞电池,其他垃圾,,[],https://cdn.jsdelivr.net/npm/garbage-classification-data/garbage.json,garbage-classification-data
剪纸,其他垃圾,,[],https://cdn.jsdelivr.net/npm/garbage-classification-data/garbage.json,garbage-classification-data
剪子,可回收物,,[],https://cdn.jsdelivr.net/npm/garbage-classification-data/garbage.json,garbage-classification-data
键盘,可回收物,,[],https://cdn.jsdelivr.net/npm/garbage-classification-data/garbage.json,garbage-classification-data
废键盘,可回收物,,[],https://cdn.jsdelivr.net/npm/garbage-classification-data/garbage.json,garbage-classification-data
文件袋,其他垃圾,,[],https://cdn.jsdelivr.net/npm/garbage-classification-data/garbage.json,garbage-classification-data
文件夹,可回收物,,[],https://cdn.jsdelivr.net/npm/garbage-classification-data/garbage.json,garbage-classification-data
过期保健品,有害垃圾,,[],https://cdn.jsdelivr.net/npm/garbage-classification-data/garbage.json,garbage-classification-data
蜜饯,厨余垃圾,,[],https://cdn.jsdelivr.net/npm/garbage-classification-data/garbage.json,garbage-classification-data
姜,厨余垃圾,,[],https://cdn.jsdelivr.net/npm/garbage-classification-data/garbage.json,garbage-classification-data
生姜,厨余垃圾,,[],https://cdn.jsdelivr.net/npm/garbage-classification-data/garbage.json,garbage-classification-data
麻将牌,其他垃圾,,[],https://cdn.jsdelivr.net/npm/garbage-classification-data/garbage.json,garbage-classification-data
麻将台,可回收物,,[],https://cdn.jsdelivr.net/npm/garbage-classification-data/garbage.json,garbage-classification-data
豆浆袋,其他垃圾,,[],https://cdn.jsdelivr.net/npm/garbage-classification-data/garbage.json,garbage-classification-data
豆浆袋子,其他垃圾,,[],https://cdn.jsdelivr.net/npm/garbage-classification-data/garbage.json,garbage-classification-data
果酱,厨余垃圾,,[],https://cdn.jsdelivr.net/npm/garbage-classification-data/garbage.json,garbage-classification-data
酱料,厨余垃圾,,[],https://cdn.jsdelivr.net/npm/garbage-classification-data/garbage.json,garbage-classification-data
酱汁,厨余垃圾,,[],https://cdn.jsdelivr.net/npm/garbage-classification-data/garbage.json,garbage-classification-data
可降解塑料,可回收物,,[],https://cdn.jsdelivr.net/npm/garbage-classification-data/garbage.json,garbage-classification-data
可降解垃圾袋,厨余垃圾,,[],https://cdn.jsdelivr.net/npm/garbage-classification-data/garbage.json,garbage-classification-data
可降解塑料袋,其他垃圾,,[],https://cdn.jsdelivr.net/npm/garbage-classification-data/garbage.json,garbage-classification-data
香蕉,厨余垃圾,,[],https://cdn.jsdelivr.net/npm/garbage-classification-data/garbage.json,garbage-classification-data
烂香蕉,厨余垃圾,,[],https://cdn.jsdelivr.net/npm/garbage-classification-data/garbage.json,garbage-classification-data
菜椒,厨余垃圾,,[],https://cdn.jsdelivr.net/npm/garbage-classification-data/garbage.json,garbage-classification-data
花椒,厨余垃圾,,[],https://cdn.jsdelivr.net/npm/garbage-classification-data/garbage.json,garbage-classification-data
辣椒,厨余垃圾,,[],https://cdn.jsdelivr.net/npm/garbage-classification-data/garbage.json,garbage-classification-data
交通卡,可回收物,,[],https://cdn.jsdelivr.net/npm/garbage-classification-data/garbage.json,garbage-classification-data
木质搅拌棒,其他垃圾,,[],https://cdn.jsdelivr.net/npm/garbage-classification-data/garbage.json,garbage-classification-data
泔脚,厨余垃圾,,[],https://cdn.jsdelivr.net/npm/garbage-classification-data/garbage.json,garbage-classification-data
脚皮,其他垃圾,,[],https://cdn.jsdelivr.net/npm/garbage-classification-data/garbage.json,garbage-classification-data
猪脚,厨余垃圾,,[],https://cdn.jsdelivr.net/npm/garbage-classification-data/garbage.json,garbage-classification-data
菱角,厨余垃圾,,[],https://cdn.jsdelivr.net/npm/garbage-classification-data/garbage.json,garbage-classification-data
牛角,其他垃圾,,[],https://cdn.jsdelivr.net/npm/garbage-classification-data/garbage.json,garbage-classification-data
饺子,厨余垃圾,,[],https://cdn.jsdelivr.net/npm/garbage-classification-data/garbage.json,garbage-classification-data
水饺,厨余垃圾,,[],https://cdn.jsdelivr.net/npm/garbage-classification-data/garbage.json,garbage-classification-data
水饺袋,其他垃圾,,[],https://cdn.jsdelivr.net/npm/garbage-classification-data/garbage.json,garbage-classification-data
污染较严重的纸张,其他垃圾,,[],https://cdn.jsdelivr.net/npm/garbage-classification-data/garbage.json,garbage-classification-data
接线板,可回收物,,[],https://cdn.jsdelivr.net/npm/garbage-classification-data/garbage.json,garbage-classification-data
节能灯,有害垃圾,,[],https://cdn.jsdelivr.net/npm/garbage-classification-data/garbage.json,garbage-classification-data
废节能灯,有害垃圾,,[],https://cdn.jsdelivr.net/npm/garbage-classification-data/garbage.json,garbage-classification-data
节能灯管,有害垃圾,,[],https://cdn.jsdelivr.net/npm/garbage-classification-data/garbage.json,garbage-classification-data
桔,厨余垃圾,,[],https://cdn.jsdelivr.net/npm/garbage-classification-data/garbage.json,garbage-classification-data
假睫毛,其他垃圾,,[],https://cdn.jsdelivr.net/npm/garbage-classification-data/garbage.json,garbage-classification-data
睫毛膏,其他垃圾,,[],https://cdn.jsdelivr.net/npm/garbage-classification-data/garbage.json,garbage-classification-data
睫毛刷,其他垃圾,,[],https://cdn.jsdelivr.net/npm/garbage-classification-data/garbage.json,garbage-classification-data
清洁瓶,可回收物,,[],https://cdn.jsdelivr.net/npm/garbage-classification-data/garbage.json,garbage-classification-data
毛豆结,厨余垃圾,,[],https://cdn.jsdelivr.net/npm/garbage-classification-data/garbage.json,garbage-classification-data
结成团的猫砂,其他垃圾,,[],https://cdn.jsdelivr.net/npm/garbage-classification-data/garbage.json,garbage-classification-data
戒指,可回收物,,[],https://cdn.jsdelivr.net/npm/garbage-classification-data/garbage.json,garbage-classification-data
金戒指,可回收物,,[],https://cdn.jsdelivr.net/npm/garbage-classification-data/garbage.json,garbage-classification-data
毛巾,其他垃圾,,[],https://cdn.jsdelivr.net/npm/garbage-classification-data/garbage.json,garbage-classification-data
湿巾,其他垃圾,,[],https://cdn.jsdelivr.net/npm/garbage-classification-data/garbage.json,garbage-classification-data
牛筋,厨余垃圾,,[],https://cdn.jsdelivr.net/npm/garbage-classification-data/garbage.json,garbage-classification-data
皮筋,其他垃圾,,[],https://cdn.jsdelivr.net/npm/garbage-classification-data/garbage.json,garbage-classification-data
黄金,可回收物,,[],https://cdn.jsdelivr.net/npm/garbage-classification-data/garbage.json,garbage-classification-data
金属,其他垃圾,,[],https://cdn.jsdelivr.net/npm/garbage-classification-data/garbage.json,garbage-classification-data
金鱼,厨余垃圾,,[],https://cdn.jsdelivr.net/npm/garbage-classification-data/garbage.json,garbage-classification-data
香烟灰烬,其他垃圾,,[],https://cdn.jsdelivr.net/npm/garbage-classification-data/garbage.json,garbage-classification-data
根茎蔬菜,厨余垃圾,,[],https://cdn.jsdelivr.net/npm/garbage-classification-data/garbage.json,garbage-classification-data
蔬菜茎叶,厨余垃圾,,[],https://cdn.jsdelivr.net/npm/garbage-classification-data/garbage.json,garbage-classification-data
水果茎枝,厨余垃圾,,[],https://cdn.jsdelivr.net/npm/garbage-classification-data/garbage.json,garbage-classification-data
液晶屏,可回收物,,[],https://cdn.jsdelivr.net/npm/garbage-classification-data/garbage.json,garbage-classification-data
液晶电视,可回收物,,[],https://cdn.jsdelivr.net/npm/garbage-classification-data/garbage.json,garbage-classification-data
鸡精,厨余垃圾,,[],https://cdn.jsdelivr.net/npm/garbage-classification-data/garbage.json,garbage-classification-data
味精,厨余垃圾,,[],https://cdn.jsdelivr.net/npm/garbage-classification-data/garbage.json,garbage-classification-data
镜子,其他垃圾,,[],https://cdn.jsdelivr.net/npm/garbage-classification-data/garbage.json,garbage-classification-data
墨镜,其他垃圾,,[],https://cdn.jsdelivr.net/npm/garbage-classification-data/garbage.json,garbage-classification-data
眼镜,其他垃圾,,[],https://cdn.jsdelivr.net/npm/garbage-classification-data/garbage.json,garbage-classification-data
净水器,可回收物,,[],https://cdn.jsdelivr.net/npm/garbage-classification-data/garbage.json,garbage-classification-data
干净塑料,可回收物,,[],https://cdn.jsdelivr.net/npm/garbage-classification-data/garbage.json,garbage-classification-data
净水滤芯,其他垃圾,,[],https://cdn.jsdelivr.net/npm/garbage-classification-data/garbage.json,garbage-classification-data
韭菜,厨余垃圾,,[],https://cdn.jsdelivr.net/npm/garbage-classification-data/garbage.json,garbage-classification-data
针灸针,其他垃圾,,[],https://cdn.jsdelivr.net/npm/garbage-classification-data/garbage.json,garbage-classification-data
酒酿,厨余垃圾,,[],https://cdn.jsdelivr.net/npm/garbage-classification-data/garbage.json,garbage-classification-data
酒瓶,可回收物,,[],https://cdn.jsdelivr.net/npm/garbage-classification-data/garbage.json,garbage-classification-data
旧报,可回收物,,[],https://cdn.jsdelivr.net/npm/garbage-classification-data/garbage.json,garbage-classification-data
旧书,可回收物,,[],https://cdn.jsdelivr.net/npm/garbage-classification-data/garbage.json,garbage-classification-data
旧鞋,可回收物,,[],https://cdn.jsdelivr.net/npm/garbage-classification-data/garbage.json,garbage-classification-data
聚乙烯饭盒,其他垃圾,,[],https://cdn.jsdelivr.net/npm/garbage-classification-data/garbage.json,garbage-classification-data
收据,其他垃圾,,[],https://cdn.jsdelivr.net/npm/garbage-classification-data/garbage.json,garbage-classification-data
数据线,可回收物,,[],https://cdn.jsdelivr.net/npm/garbage-classification-data/garbage.json,garbage-classification-data
皮具,可回收物,,[],https://cdn.jsdelivr.net/npm/garbage-classification-data/garbage.json,garbage-classification-data
蛋卷,厨余垃圾,,[],https://cdn.jsdelivr.net/npm/garbage-classification-data/garbage.json,garbage-classification-data
胶卷,有害垃圾,,[],https://cdn.jsdelivr.net/npm/garbage-classification-data/garbage.json,garbage-classification-data
卷烟,其他垃圾,,[],https://cdn.jsdelivr.net/npm/garbage-classification-data/garbage.json,garbage-classification-data
杀菌剂,有害垃圾,,[],https://cdn.jsdelivr.net/npm/garbage-classification-data/garbage.json,garbage-classification-data
无菌包装塑料,其他垃圾,,[],https://cdn.jsdelivr.net/npm/garbage-classification-data/garbage.json,garbage-classification-data
卡,其他垃圾,,[],https://cdn.jsdelivr.net/npm/garbage-classification-data/garbage.json,garbage-classification-data
开心果,厨余垃圾,,[],https://cdn.jsdelivr.net/npm/garbage-classification-data/garbage.json,garbage-classification-data
开心果壳,其他垃圾,,[],https://cdn.jsdelivr.net/npm/garbage-classification-data/garbage.json,garbage-classification-data
旧报刊,可回收物,,[],https://cdn.jsdelivr.net/npm/garbage-classification-data/garbage.json,garbage-classification-data
糠,厨余垃圾,,[],https://cdn.jsdelivr.net/npm/garbage-classification-data/garbage.json,garbage-classification-data
糠饼,厨余垃圾,,[],https://cdn.jsdelivr.net/npm/garbage-classification-data/garbage.json,garbage-classification-data
考卷,可回收物,,[],https://cdn.jsdelivr.net/npm/garbage-classification-data/garbage.json,garbage-classification-data
考试卷,可回收物,,[],https://cdn.jsdelivr.net/npm/garbage-classification-data/garbage.json,garbage-classification-data
烤箱,可回收物,,[],https://cdn.jsdelivr.net/npm/garbage-classification-data/garbage.json,garbage-classification-data
烧烤棒,其他垃圾,,[],https://cdn.jsdelivr.net/npm/garbage-classification-data/garbage.json,garbage-classification-data
靠垫,可回收物,,[],https://cdn.jsdelivr.net/npm/garbage-classification-data/garbage.json,garbage-classification-data
靠枕,可回收物,,[],https://cdn.jsdelivr.net/npm/garbage-classification-data/garbage.json,garbage-classification-data
笔壳,其他垃圾,,[],https://cdn.jsdelivr.net/npm/garbage-classification-data/garbage.json,garbage-classification-data
咳嗽糖浆,有害垃圾,,[],https://cdn.jsdelivr.net/npm/garbage-classification-data/garbage.json,garbage-classification-data
可擦笔,其他垃圾,,[],https://cdn.jsdelivr.net/npm/garbage-classification-data/garbage.json,garbage-classification-data
扑克,可回收物,,[],https://cdn.jsdelivr.net/npm/garbage-classification-data/garbage.json,garbage-classification-data
马克笔,其他垃圾,,[],https://cdn.jsdelivr.net/npm/garbage-classification-data/garbage.json,garbage-classification-data
空罐头,可回收物,,[],https://cdn.jsdelivr.net/npm/garbage-classification-data/garbage.json,garbage-classification-data
空酒瓶,可回收物,,[],https://cdn.jsdelivr.net/npm/garbage-classification-data/garbage.json,garbage-classification-data
遥控车,可回收物,,[],https://cdn.jsdelivr.net/npm/garbage-classification-data/garbage.json,garbage-classification-data
遥控器,可回收物,,[],https://cdn.jsdelivr.net/npm/garbage-classification-data/garbage.json,garbage-classification-data
空调遥控器,可回收物,,[],https://cdn.jsdelivr.net/npm/garbage-classification-data/garbage.json,garbage-classification-data
口红,其他垃圾,,[],https://cdn.jsdelivr.net/npm/garbage-classification-data/garbage.json,garbage-classification-data
口罩,其他垃圾,,[],https://cdn.jsdelivr.net/npm/garbage-classification-data/garbage.json,garbage-classification-data
纽扣,其他垃圾,,[],https://cdn.jsdelivr.net/npm/garbage-classification-data/garbage.json,garbage-classification-data
钮扣,其他垃圾,,[],https://cdn.jsdelivr.net/npm/garbage-classification-data/garbage.json,garbage-classification-data
纽扣电池,有害垃圾,,[],https://cdn.jsdelivr.net/npm/garbage-classification-data/garbage.json,garbage-classification-data
枯叶,厨余垃圾,,[],https://cdn.jsdelivr.net/npm/garbage-classification-data/garbage.json,garbage-classification-data
枯枝,厨余垃圾,,[],https://cdn.jsdelivr.net/npm/garbage-classification-data/garbage.json,garbage-classification-data
干枯花,厨余垃圾,,[],https://cdn.jsdelivr.net/npm/garbage-classification-data/garbage.json,garbage-classification-data
裤袜,可回收物,,[],https://cdn.jsdelivr.net/npm/garbage-classification-data/garbage.json,garbage-classification-data
裤子,可回收物,,[],https://cdn.jsdelivr.net/npm/garbage-classification-data/garbage.json,garbage-classification-data
铁块,可回收物,,[],https://cdn.jsdelivr.net/npm/garbage-classification-data/garbage.json,garbage-classification-data
筷子,其他垃圾,,[],https://cdn.jsdelivr.net/npm/garbage-classification-data/garbage.json,garbage-classification-data
木筷,可回收物,,[],https://cdn.jsdelivr.net/npm/garbage-classification-data/garbage.json,garbage-classification-data
竹筷,其他垃圾,,[],https://cdn.jsdelivr.net/npm/garbage-classification-data/garbage.json,garbage-classification-data
快餐盒,其他垃圾,,[],https://cdn.jsdelivr.net/npm/garbage-classification-data/garbage.json,garbage-classification-data
塑料筐,可回收物,,[],https://cdn.jsdelivr.net/npm/garbage-classification-data/garbage.json,garbage-classification-data
塑料篮筐,可回收物,,[],https://cdn.jsdelivr.net/npm/garbage-classification-data/garbage.json,garbage-classification-data
塑料水果筐,可回收物,,[],https://cdn.jsdelivr.net/npm/garbage-classification-data/garbage.json,garbage-classification-data
相框,可回收物,,[],https://cdn.jsdelivr.net/npm/garbage-classification-data/garbage.json,garbage-classification-data
黑框眼镜,其他垃圾,,[],https://cdn.jsdelivr.net/npm/garbage-classification-data/garbage.json,garbage-classification-data
矿水瓶,可回收物,,[],https://cdn.jsdelivr.net/npm/garbage-classification-data/garbage.json,garbage-classification-data
矿泉水瓶,可回收物,,[],https://cdn.jsdelivr.net/npm/garbage-classification-data/garbage.json,garbage-classification-data
矿泉水瓶子,可回收物,,[],https://cdn.jsdelivr.net/npm/garbage-classification-data/garbage.json,garbage-classification-data
头盔,其他垃圾,,[],https://cdn.jsdelivr.net/npm/garbage-classification-data/garbage.json,garbage-classification-data
葵花籽,厨余垃圾,,[],https://cdn.jsdelivr.net/npm/garbage-classification-data/garbage.json,garbage-classification-data
葵花子壳,厨余垃圾,,[],https://cdn.jsdelivr.net/npm/garbage-classification-data/garbage.json,garbage-classification-data
葵花籽壳,厨余垃圾,,[],https://cdn.jsdelivr.net/npm/garbage-classification-data/garbage.json,garbage-classification-data
死昆虫,厨余垃圾,,[],https://cdn.jsdelivr.net/npm/garbage-classification-data/garbage.json,garbage-classification-data
垃圾桶,可回收物,,[],https://cdn.jsdelivr.net/npm/garbage-classification-data/garbage.json,garbage-classification-data
拉链,其他垃圾,,[],https://cdn.jsdelivr.net/npm/garbage-classification-data/garbage.json,garbage-classification-data
拉拉裤,其他垃圾,,[],https://cdn.jsdelivr.net/npm/garbage-classification-data/garbage.json,garbage-classification-data
蜡笔,其他垃圾,,[],https://cdn.jsdelivr.net/npm/garbage-classification-data/garbage.json,garbage-classification-data
蜡纸,其他垃圾,,[],https://cdn.jsdelivr.net/npm/garbage-classification-data/garbage.json,garbage-classification-data
腊肉,厨余垃圾,,[],https://cdn.jsdelivr.net/npm/garbage-classification-data/garbage.json,garbage-classification-data
辣酱,厨余垃圾,,[],https://cdn.jsdelivr.net/npm/garbage-classification-data/garbage.json,garbage-classification-data
辣条,厨余垃圾,,[],https://cdn.jsdelivr.net/npm/garbage-classification-data/garbage.json,garbage-classification-data
剩莱,厨余垃圾,,[],https://cdn.jsdelivr.net/npm/garbage-classification-data/garbage.json,garbage-classification-data
一次性莱盒,其他垃圾,,[],https://cdn.jsdelivr.net/npm/garbage-classification-data/garbage.json,garbage-classification-data
自来水滤芯,其他垃圾,,[],https://cdn.jsdelivr.net/npm/garbage-classification-data/garbage.json,garbage-classification-data
蓝莓干,厨余垃圾,,[],https://cdn.jsdelivr.net/npm/garbage-classification-data/garbage.json,garbage-classification-data
塑胶菜蓝子,可回收物,,[],https://cdn.jsdelivr.net/npm/garbage-classification-data/garbage.json,garbage-classification-data
花篮,其他垃圾,,[],https://cdn.jsdelivr.net/npm/garbage-classification-data/garbage.json,garbage-classification-data
篮球,可回收物,,[],https://cdn.jsdelivr.net/npm/garbage-classification-data/garbage.json,garbage-classification-data
竹篮,其他垃圾,,[],https://cdn.jsdelivr.net/npm/garbage-classification-data/garbage.json,garbage-classification-data
西兰花,厨余垃圾,,[],https://cdn.jsdelivr.net/npm/garbage-classification-data/garbage.json,garbage-classification-data
电缆,可回收物,,[],https://cdn.jsdelivr.net/npm/garbage-classification-data/garbage.json,garbage-classification-data
烂桔,厨余垃圾,,[],https://cdn.jsdelivr.net/npm/garbage-classification-data/garbage.json,garbage-classification-data
烂桃,厨余垃圾,,[],https://cdn.jsdelivr.net/npm/garbage-classification-data/garbage.json,garbage-classification-data
烂菜叶,厨余垃圾,,[],https://cdn.jsdelivr.net/npm/garbage-classification-data/garbage.json,garbage-classification-data
槟榔,厨余垃圾,,[],https://cdn.jsdelivr.net/npm/garbage-classification-data/garbage.json,garbage-classification-data
榔头,可回收物,,[],https://cdn.jsdelivr.net/npm/garbage-classification-data/garbage.json,garbage-classification-data
槟榔壳,厨余垃圾,,[],https://cdn.jsdelivr.net/npm/garbage-classification-data/garbage.json,garbage-classification-data
老鼠药,有害垃圾,,[],https://cdn.jsdelivr.net/npm/garbage-classification-data/garbage.json,garbage-classification-data
死老鼠,厨余垃圾,,[],https://cdn.jsdelivr.net/npm/garbage-classification-data/garbage.json,garbage-classification-data
奶酪,厨余垃圾,,[],https://cdn.jsdelivr.net/npm/garbage-classification-data/garbage.json,garbage-classification-data
可乐杯,其他垃圾,,[],https://cdn.jsdelivr.net/npm/garbage-classification-data/garbage.json,garbage-classification-data
可乐罐,可回收物,,[],https://cdn.jsdelivr.net/npm/garbage-classification-data/garbage.json,garbage-classification-data
肋骨,其他垃圾,,[],https://cdn.jsdelivr.net/npm/garbage-classification-data/garbage.json,garbage-classification-data
肋排,厨余垃圾,,[],https://cdn.jsdelivr.net/npm/garbage-classification-data/garbage.json,garbage-classification-data
布类,可回收物,,[],https://cdn.jsdelivr.net/npm/garbage-classification-data/garbage.json,garbage-classification-data
蛋类,厨余垃圾,,[],https://cdn.jsdelivr.net/npm/garbage-classification-data/garbage.json,garbage-classification-data
擦眼泪的纸,其他垃圾,,[],https://cdn.jsdelivr.net/npm/garbage-classification-data/garbage.json,garbage-classification-data
瓦楞纸,可回收物,,[],https://cdn.jsdelivr.net/npm/garbage-classification-data/garbage.json,garbage-classification-data
冷饮,其他垃圾,,[],https://cdn.jsdelivr.net/npm/garbage-classification-data/garbage.json,garbage-classification-data
冷饮棒,其他垃圾,,[],https://cdn.jsdelivr.net/npm/garbage-classification-data/garbage.json,garbage-classification-data
冷饮袋,其他垃圾,,[],https://cdn.jsdelivr.net/npm/garbage-classification-data/garbage.json,garbage-classification-data
车厘子,厨余垃圾,,[],https://cdn.jsdelivr.net/npm/garbage-classification-data/garbage.json,garbage-classification-data
梨,厨余垃圾,,[],https://cdn.jsdelivr.net/npm/garbage-classification-data/garbage.json,garbage-classification-data
离心纸,其他垃圾,,[],https://cdn.jsdelivr.net/npm/garbage-classification-data/garbage.json,garbage-classification-data
钢笔里的墨囊,其他垃圾,,[],https://cdn.jsdelivr.net/npm/garbage-classification-data/garbage.json,garbage-classification-data
纸制糖果礼盒,可回收物,,[],https://cdn.jsdelivr.net/npm/garbage-classification-data/garbage.json,garbage-classification-data
荔枝核,厨余垃圾,,[],https://cdn.jsdelivr.net/npm/garbage-classification-data/garbage.json,garbage-classification-data
荔枝壳,厨余垃圾,,[],https://cdn.jsdelivr.net/npm/garbage-classification-data/garbage.json,garbage-classification-data
荔枝干壳,厨余垃圾,,[],https://cdn.jsdelivr.net/npm/garbage-classification-data/garbage.json,garbage-classification-data
栗子,厨余垃圾,,[],https://cdn.jsdelivr.net/npm/garbage-classification-data/garbage.json,garbage-classification-data
板栗壳,厨余垃圾,,[],https://cdn.jsdelivr.net/npm/garbage-classification-data/garbage.json,garbage-classification-data
可丽饼,厨余垃圾,,[],https://cdn.jsdelivr.net/npm/garbage-classification-data/garbage.json,garbage-classification-data
麦丽素,厨余垃圾,,[],https://cdn.jsdelivr.net/npm/garbage-classification-data/garbage.json,garbage-classification-data
日历,可回收物,,[],https://cdn.jsdelivr.net/npm/garbage-classification-data/garbage.json,garbage-classification-data
台历,可回收物,,[],https://cdn.jsdelivr.net/npm/garbage-classification-data/garbage.json,garbage-classification-data
便利贴,其他垃圾,,[],https://cdn.jsdelivr.net/npm/garbage-classification-data/garbage.json,garbage-classification-data
乐利包,可回收物,,[],https://cdn.jsdelivr.net/npm/garbage-classification-data/garbage.json,garbage-classification-data
利乐包,可回收物,,[],https://cdn.jsdelivr.net/npm/garbage-classification-data/garbage.json,garbage-classification-data
果粒,厨余垃圾,,[],https://cdn.jsdelivr.net/npm/garbage-classification-data/garbage.json,garbage-classification-data
牛肉粒包装袋,其他垃圾,,[],https://cdn.jsdelivr.net/npm/garbage-classification-data/garbage.json,garbage-classification-data
沥水架,可回收物,,[],https://cdn.jsdelivr.net/npm/garbage-classification-data/garbage.json,garbage-classification-data
磁力片,其他垃圾,,[],https://cdn.jsdelivr.net/npm/garbage-classification-data/garbage.json,garbage-classification-data
魔力擦,其他垃圾,,[],https://cdn.jsdelivr.net/npm/garbage-classification-data/garbage.json,garbage-classification-data
巧克力,厨余垃圾,,[],https://cdn.jsdelivr.net/npm/garbage-classification-data/garbage.json,garbage-classification-data
琉璃,可回收物,,[],https://cdn.jsdelivr.net/npm/garbage-classification-data/garbage.json,garbage-classification-data
联通卡,其他垃圾,,[],https://cdn.jsdelivr.net/npm/garbage-classification-data/garbage.json,garbage-classification-data
莲藕,厨余垃圾,,[],https://cdn.jsdelivr.net/npm/garbage-classification-data/garbage.json,garbage-classification-data
莲蓬,厨余垃圾,,[],https://cdn.jsdelivr.net/npm/garbage-classification-data/garbage.json,garbage-classification-data
莲雾,厨余垃圾,,[],https://cdn.jsdelivr.net/npm/garbage-classification-data/garbage.json,garbage-classification-data
连裤袜,可回收物,,[],https://cdn.jsdelivr.net/npm/garbage-classification-data/garbage.json,garbage-classification-data
连衣裙,可回收物,,[],https://cdn.jsdelivr.net/npm/garbage-classification-data/garbage.json,garbage-classification-data
骨肉相连,厨余垃圾,,[],https://cdn.jsdelivr.net/npm/garbage-classification-data/garbage.json,garbage-classification-data
洗脸巾,其他垃圾,,[],https://cdn.jsdelivr.net/npm/garbage-classification-data/garbage.json,garbage-classification-data
护脸霜瓶,可回收物,,[],https://cdn.jsdelivr.net/npm/garbage-classification-data/garbage.json,garbage-classification-data
塑料脸盆,可回收物,,[],https://cdn.jsdelivr.net/npm/garbage-classification-data/garbage.json,garbage-classification-data
项链,可回收物,,[],https://cdn.jsdelivr.net/npm/garbage-classification-data/garbage.json,garbage-classification-data
金属拉链,可回收物,,[],https://cdn.jsdelivr.net/npm/garbage-classification-data/garbage.json,garbage-classification-data
练习本,可回收物,,[],https://cdn.jsdelivr.net/npm/garbage-classification-data/garbage.json,garbage-classification-data
狗粮,厨余垃圾,,[],https://cdn.jsdelivr.net/npm/garbage-classification-data/garbage.json,garbage-classification-data
粮食,厨余垃圾,,[],https://cdn.jsdelivr.net/npm/garbage-classification-data/garbage.json,garbage-classification-data
猫粮,厨余垃圾,,[],https://cdn.jsdelivr.net/npm/garbage-classification-data/garbage.json,garbage-classification-data
凉皮,厨余垃圾,,[],https://cdn.jsdelivr.net/npm/garbage-classification-data/garbage.json,garbage-classification-data
凉席,其他垃圾,,[],https://cdn.jsdelivr.net/npm/garbage-classification-data/garbage.json,garbage-classification-data
空调两用风扇,可回收物,,[],https://cdn.jsdelivr.net/npm/garbage-classification-data/garbage.json,garbage-classification-data
少量泥土,其他垃圾,,[],https://cdn.jsdelivr.net/npm/garbage-classification-data/garbage.json,garbage-classification-data
晾衣架,可回收物,,[],https://cdn.jsdelivr.net/npm/garbage-classification-data/garbage.json,garbage-classification-data
塑料晾衣架,可回收物,,[],https://cdn.jsdelivr.net/npm/garbage-classification-data/garbage.json,garbage-classification-data
坏了的碗,可回收物,,[],https://cdn.jsdelivr.net/npm/garbage-classification-data/garbage.json,garbage-classification-data
破了的碗,可回收物,,[],https://cdn.jsdelivr.net/npm/garbage-classification-data/garbage.json,garbage-classification-data
坏了的玩具,可回收物,,[],https://cdn.jsdelivr.net/npm/garbage-classification-data/garbage.json,garbage-classification-data
布料,可回收物,,[],https://cdn.jsdelivr.net/npm/garbage-classification-data/garbage.json,garbage-classification-data
盘尼西林,有害垃圾,,[],https://cdn.jsdelivr.net/npm/garbage-classification-data/garbage.json,garbage-classification-data
鱼鳞,厨余垃圾,,[],https://cdn.jsdelivr.net/npm/garbage-classification-data/garbage.json,garbage-classification-data
鱼鳞鱼肠,厨余垃圾,,[],https://cdn.jsdelivr.net/npm/garbage-classification-data/garbage.json,garbage-classification-data
冰淇淋,厨余垃圾,,[],https://cdn.jsdelivr.net/npm/garbage-classification-data/garbage.json,garbage-classification-data
零食,厨余垃圾,,[],https://cdn.jsdelivr.net/npm/garbage-classification-data/garbage.json,garbage-classification-data
零食袋,其他垃圾,,[],https://cdn.jsdelivr.net/npm/garbage-classification-data/garbage.json,garbage-classification-data
零食罐,其他垃圾,,[],https://cdn.jsdelivr.net/npm/garbage-classification-data/garbage.json,garbage-classification-data
哑铃,可回收物,,[],https://cdn.jsdelivr.net/npm/garbage-classification-data/garbage.json,garbage-classification-data
马铃薯,厨余垃圾,,[],https://cdn.jsdelivr.net/npm/garbage-classification-data/garbage.json,garbage-classification-data
马铃薯片,厨余垃圾,,[],https://cdn.jsdelivr.net/npm/garbage-classification-data/garbage.json,garbage-classification-data
领带,可回收物,,[],https://cdn.jsdelivr.net/npm/garbage-classification-data/garbage.json,garbage-classification-data
红领巾,可回收物,,[],https://cdn.jsdelivr.net/npm/garbage-classification-data/garbage.json,garbage-classification-data
毛领子,可回收物,,[],https://cdn.jsdelivr.net/npm/garbage-classification-data/garbage.json,garbage-classification-data
溜溜球,其他垃圾,,[],https://cdn.jsdelivr.net/npm/garbage-classification-data/garbage.json,garbage-classification-data
榴莲干,厨余垃圾,,[],https://cdn.jsdelivr.net/npm/garbage-classification-data/garbage.json,garbage-classification-data
榴莲核,其他垃圾,,[],https://cdn.jsdelivr.net/npm/garbage-classification-data/garbage.json,garbage-classification-data
榴莲壳,其他垃圾,,[],https://cdn.jsdelivr.net/npm/garbage-classification-data/garbage.json,garbage-classification-data
镇流器,可回收物,,[],https://cdn.jsdelivr.net/npm/garbage-classification-data/garbage.json,garbage-classification-data
电子镇流器,可回收物,,[],https://cdn.jsdelivr.net/npm/garbage-classification-data/garbage.json,garbage-classification-data
龙虾,厨余垃圾,,[],https://cdn.jsdelivr.net/npm/garbage-classification-data/garbage.json,garbage-classification-data
大龙虾,厨余垃圾,,[],https://cdn.jsdelivr.net/npm/garbage-classification-data/garbage.json,garbage-classification-data
龙虾壳,厨余垃圾,,[],https://cdn.jsdelivr.net/npm/garbage-classification-data/garbage.json,garbage-classification-data
鸟笼,其他垃圾,,[],https://cdn.jsdelivr.net/npm/garbage-classification-data/garbage.json,garbage-classification-data
芦荟,厨余垃圾,,[],https://cdn.jsdelivr.net/npm/garbage-classification-data/garbage.json,garbage-classification-data
芦稷,厨余垃圾,,[],https://cdn.jsdelivr.net/npm/garbage-classification-data/garbage.json,garbage-classification-data
芦稷皮,其他垃圾,,[],https://cdn.jsdelivr.net/npm/garbage-classification-data/garbage.json,garbage-classification-data
甜卢蜀,厨余垃圾,,[],https://cdn.jsdelivr.net/npm/garbage-classification-data/garbage.json,garbage-classification-data
炉渣,其他垃圾,,[],https://cdn.jsdelivr.net/npm/garbage-classification-data/garbage.json,garbage-classification-data
电磁炉,可回收物,,[],https://cdn.jsdelivr.net/npm/garbage-classification-data/garbage.json,garbage-classification-data
电暖炉,可回收物,,[],https://cdn.jsdelivr.net/npm/garbage-classification-data/garbage.json,garbage-classification-data
卤素灯,有害垃圾,,[],https://cdn.jsdelivr.net/npm/garbage-classification-data/garbage.json,garbage-classification-data
卤素灯泡,有害垃圾,,[],https://cdn.jsdelivr.net/npm/garbage-classification-data/garbage.json,garbage-classification-data
花露水瓶,可回收物,,[],https://cdn.jsdelivr.net/npm/garbage-classification-data/garbage.json,garbage-classification-data
沐浴露瓶,可回收物,,[],https://cdn.jsdelivr.net/npm/garbage-classification-data/garbage.json,garbage-classification-data
洗发露瓶,可回收物,,[],https://cdn.jsdelivr.net/npm/garbage-classification-data/garbage.json,garbage-classification-data
电路板,可回收物,,[],https://cdn.jsdelivr.net/npm/garbage-classification-data/garbage.json,garbage-classification-data
路由器,可回收物,,[],https://cdn.jsdelivr.net/npm/garbage-classification-data/garbage.json,garbage-classification-data
线路板,可回收物,,[],https://cdn.jsdelivr.net/npm/garbage-classification-data/garbage.json,garbage-classification-data
录像带,有害垃圾,,[],https://cdn.jsdelivr.net/npm/garbage-classification-data/garbage.json,garbage-classification-data
录音机,可回收物,,[],https://cdn.jsdelivr.net/npm/garbage-classification-data/garbage.json,garbage-classification-data
铝,可回收物,,[],https://cdn.jsdelivr.net/npm/garbage-classification-data/garbage.json,garbage-classification-data
旅行袋,可回收物,,[],https://cdn.jsdelivr.net/npm/garbage-classification-data/garbage.json,garbage-classification-data
旅游时报,可回收物,,[],https://cdn.jsdelivr.net/npm/garbage-classification-data/garbage.json,garbage-classification-data
滤网,其他垃圾,,[],https://cdn.jsdelivr.net/npm/garbage-classification-data/garbage.json,garbage-classification-data
滤芯,其他垃圾,,[],https://cdn.jsdelivr.net/npm/garbage-classification-data/garbage.json,garbage-classification-data
绿豆,厨余垃圾,,[],https://cdn.jsdelivr.net/npm/garbage-classification-data/garbage.json,garbage-classification-data
绿萝,厨余垃圾,,[],https://cdn.jsdelivr.net/npm/garbage-classification-data/garbage.json,garbage-classification-data
海螺,厨余垃圾,,[],https://cdn.jsdelivr.net/npm/garbage-classification-data/garbage.json,garbage-classification-data
花螺,厨余垃圾,,[],https://cdn.jsdelivr.net/npm/garbage-classification-data/garbage.json,garbage-classification-data
螺帽,可回收物,,[],https://cdn.jsdelivr.net/npm/garbage-classification-data/garbage.json,garbage-classification-data
绿箩,厨余垃圾,,[],https://cdn.jsdelivr.net/npm/garbage-classification-data/garbage.json,garbage-classification-data
落发,其他垃圾,,[],https://cdn.jsdelivr.net/npm/garbage-classification-data/garbage.json,garbage-classification-data
落叶,厨余垃圾,,[],https://cdn.jsdelivr.net/npm/garbage-classification-data/garbage.json,garbage-classification-data
落花生,厨余垃圾,,[],https://cdn.jsdelivr.net/npm/garbage-classification-data/garbage.json,garbage-classification-data
姨妈巾,其他垃圾,,[],https://cdn.jsdelivr.net/npm/garbage-classification-data/garbage.json,garbage-classification-data
老干妈辣酱,厨余垃圾,,[],https://cdn.jsdelivr.net/npm/garbage-classification-data/garbage.json,garbage-classification-data
麻布,可回收物,,[],https://cdn.jsdelivr.net/npm/garbage-classification-data/garbage.json,garbage-classification-data
麻袋,其他垃圾,,[],https://cdn.jsdelivr.net/npm/garbage-classification-data/garbage.json,garbage-classification-data
麻绳,其他垃圾,,[],https://cdn.jsdelivr.net/npm/garbage-classification-data/garbage.json,garbage-classification-data
密码锁,可回收物,,[],https://cdn.jsdelivr.net/npm/garbage-classification-data/garbage.json,garbage-classification-data
马肉,厨余垃圾,,[],https://cdn.jsdelivr.net/npm/garbage-classification-data/garbage.json,garbage-classification-data
买菜的包装袋,其他垃圾,,[],https://cdn.jsdelivr.net/npm/garbage-classification-data/garbage.json,garbage-classification-data
麦子,厨余垃圾,,[],https://cdn.jsdelivr.net/npm/garbage-classification-data/garbage.json,garbage-classification-data
烧卖,厨余垃圾,,[],https://cdn.jsdelivr.net/npm/garbage-classification-data/garbage.json,garbage-classification-data
外卖盒,其他垃圾,,[],https://cdn.jsdelivr.net/npm/garbage-classification-data/garbage.json,garbage-classification-data
外卖餐盒,其他垃圾,,[],https://cdn.jsdelivr.net/npm/garbage-classification-data/garbage.json,garbage-classification-data
馒头,厨余垃圾,,[],https://cdn.jsdelivr.net/npm/garbage-classification-data/garbage.json,garbage-classification-data
蔓藤,厨余垃圾,,[],https://cdn.jsdelivr.net/npm/garbage-classification-data/garbage.json,garbage-classification-data
藤蔓,厨余垃圾,,[],https://cdn.jsdelivr.net/npm/garbage-classification-data/garbage.json,garbage-classification-data
漫画,可回收物,,[],https://cdn.jsdelivr.net/npm/garbage-classification-data/garbage.json,garbage-classification-data
漫画书,可回收物,,[],https://cdn.jsdelivr.net/npm/garbage-classification-data/garbage.json,garbage-classification-data
芒果,厨余垃圾,,[],https://cdn.jsdelivr.net/npm/garbage-classification-data/garbage.json,garbage-classification-data
芒果干,厨余垃圾,,[],https://cdn.jsdelivr.net/npm/garbage-classification-data/garbage.json,garbage-classification-data
芒果核,厨余垃圾,,[],https://cdn.jsdelivr.net/npm/garbage-classification-data/garbage.json,garbage-classification-data
貂毛,其他垃圾,,[],https://cdn.jsdelivr.net/npm/garbage-classification-data/garbage.json,garbage-classification-data
狗毛,其他垃圾,,[],https://cdn.jsdelivr.net/npm/garbage-classification-data/garbage.json,garbage-classification-data
帽子,可回收物,,[],https://cdn.jsdelivr.net/npm/garbage-classification-data/garbage.json,garbage-classification-data
浴帽,其他垃圾,,[],https://cdn.jsdelivr.net/npm/garbage-classification-data/garbage.json,garbage-classification-data
泡沫箱属于什么垃圾,可回收物,,[],https://cdn.jsdelivr.net/npm/garbage-classification-data/garbage.json,garbage-classification-data
杨梅,厨余垃圾,,[],https://cdn.jsdelivr.net/npm/garbage-classification-data/garbage.json,garbage-classification-data
发霉食物,厨余垃圾,,[],https://cdn.jsdelivr.net/npm/garbage-classification-data/garbage.json,garbage-classification-data
煤饼,其他垃圾,,[],https://cdn.jsdelivr.net/npm/garbage-classification-data/garbage.json,garbage-classification-data
煤灰,其他垃圾,,[],https://cdn.jsdelivr.net/npm/garbage-classification-data/garbage.json,garbage-classification-data
煤渣,其他垃圾,,[],https://cdn.jsdelivr.net/npm/garbage-classification-data/garbage.json,garbage-classification-data
没用过尿片,其他垃圾,,[],https://cdn.jsdelivr.net/npm/garbage-classification-data/garbage.json,garbage-classification-data
没用过的纸杯,其他垃圾,,[],https://cdn.jsdelivr.net/npm/garbage-classification-data/garbage.json,garbage-classification-data
没用过的尿不湿,其他垃圾,,[],https://cdn.jsdelivr.net/npm/garbage-classification-data/garbage.json,garbage-classification-data
眉笔,其他垃圾,,[],https://cdn.jsdelivr.net/npm/garbage-classification-data/garbage.json,garbage-classification-data
美瞳,其他垃圾,,[],https://cdn.jsdelivr.net/npm/garbage-classification-data/garbage.json,garbage-classification-data
门锁,可回收物,,[],https://cdn.jsdelivr.net/npm/garbage-classification-data/garbage.json,garbage-classification-data
柠檬,厨余垃圾,,[],https://cdn.jsdelivr.net/npm/garbage-classification-data/garbage.json,garbage-classification-data
米,厨余垃圾,,[],https://cdn.jsdelivr.net/npm/garbage-classification-data/garbage.json,garbage-classification-data
大米,厨余垃圾,,[],https://cdn.jsdelivr.net/npm/garbage-classification-data/garbage.json,garbage-classification-data
菠萝蜜,厨余垃圾,,[],https://cdn.jsdelivr.net/npm/garbage-classification-data/garbage.json,garbage-classification-data
棉,可回收物,,[],https://cdn.jsdelivr.net/npm/garbage-classification-data/garbage.json,garbage-classification-data
海绵,其他垃圾,,[],https://cdn.jsdelivr.net/npm/garbage-classification-data/garbage.json,garbage-classification-data
海绵垫,其他垃圾,,[],https://cdn.jsdelivr.net/npm/garbage-classification-data/garbage.json,garbage-classification-data
海绵纸,其他垃圾,,[],https://cdn.jsdelivr.net/npm/garbage-classification-data/garbage.json,garbage-classification-data
面,厨余垃圾,,[],https://cdn.jsdelivr.net/npm/garbage-classification-data/garbage.json,garbage-classification-data
面包,厨余垃圾,,[],https://cdn.jsdelivr.net/npm/garbage-classification-data/garbage.json,garbage-classification-data
灭火器,可回收物,,[],https://cdn.jsdelivr.net/npm/garbage-classification-data/garbage.json,garbage-classification-data
灭蚊剂,有害垃圾,,[],https://cdn.jsdelivr.net/npm/garbage-classification-data/garbage.json,garbage-classification-data
废灭火器,可回收物,,[],https://cdn.jsdelivr.net/npm/garbage-classification-data/garbage.json,garbage-classification-data
玻璃器皿,可回收物,,[],https://cdn.jsdelivr.net/npm/garbage-classification-data/garbage.json,garbage-classification-data
明信片,其他垃圾,,[],https://cdn.jsdelivr.net/npm/garbage-classification-data/garbage.json,garbage-classification-data
三明治,厨余垃圾,,[],https://cdn.jsdelivr.net/npm/garbage-classification-data/garbage.json,garbage-classification-data
说明书,可回收物,,[],https://cdn.jsdelivr.net/npm/garbage-classification-data/garbage.json,garbage-classification-data
名画,其他垃圾,,[],https://cdn.jsdelivr.net/npm/garbage-classification-data/garbage.json,garbage-classification-data
名片,可回收物,,[],https://cdn.jsdelivr.net/npm/garbage-classification-data/garbage.json,garbage-classification-data
塑料模型,可回收物,,[],https://cdn.jsdelivr.net/npm/garbage-classification-data/garbage.json,garbage-classification-data
面膜,其他垃圾,,[],https://cdn.jsdelivr.net/npm/garbage-classification-data/garbage.json,garbage-classification-data
磨刀器,可回收物,,[],https://cdn.jsdelivr.net/npm/garbage-classification-data/garbage.json,garbage-classification-data
磨砂膏,其他垃圾,,[],https://cdn.jsdelivr.net/npm/garbage-classification-data/garbage.json,garbage-classification-data
摩丝,其他垃圾,,[],https://cdn.jsdelivr.net/npm/garbage-classification-data/garbage.json,garbage-classification-data
摩易擦,其他垃圾,,[],https://cdn.jsdelivr.net/npm/garbage-classification-data/garbage.json,garbage-classification-data
魔笔,其他垃圾,,[],https://cdn.jsdelivr.net/npm/garbage-classification-data/garbage.json,garbage-classification-data
抹布,其他垃圾,,[],https://cdn.jsdelivr.net/npm/garbage-classification-data/garbage.json,garbage-classification-data
废抹布,其他垃圾,,[],https://cdn.jsdelivr.net/npm/garbage-classification-data/garbage.json,garbage-classification-data
旧抹布,其他垃圾,,[],https://cdn.jsdelivr.net/npm/garbage-classification-data/garbage.json,garbage-classification-data
速溶饮料粉末,厨余垃圾,,[],https://cdn.jsdelivr.net/npm/garbage-classification-data/garbage.json,garbage-classification-data
墨粉,其他垃圾,,[],https://cdn.jsdelivr.net/npm/garbage-classification-data/garbage.json,garbage-classification-data
墨盒,可回收物,,[],https://cdn.jsdelivr.net/npm/garbage-classification-data/garbage.json,garbage-classification-data
默写本,可回收物,,[],https://cdn.jsdelivr.net/npm/garbage-classification-data/garbage.json,garbage-classification-data
泡沫,可回收物,,[],https://cdn.jsdelivr.net/npm/garbage-classification-data/garbage.json,garbage-classification-data
肉沫,厨余垃圾,,[],https://cdn.jsdelivr.net/npm/garbage-classification-data/garbage.json,garbage-classification-data
泡沫板,可回收物,,[],https://cdn.jsdelivr.net/npm/garbage-classification-data/garbage.json,garbage-classification-data
牡蛎壳,其他垃圾,,[],https://cdn.jsdelivr.net/npm/garbage-classification-data/garbage.json,garbage-classification-data
牡蛎肉,厨余垃圾,,[],https://cdn.jsdelivr.net/npm/garbage-classification-data/garbage.json,garbage-classification-data
吃剩下的牡蛎壳,其他垃圾,,[],https://cdn.jsdelivr.net/npm/garbage-classification-data/garbage.json,garbage-classification-data
屏幕,可回收物,,[],https://cdn.jsdelivr.net/npm/garbage-classification-data/garbage.json,garbage-classification-data
荧幕,可回收物,,[],https://cdn.jsdelivr.net/npm/garbage-classification-data/garbage.json,garbage-classification-data
电脑屏幕,可回收物,,[],https://cdn.jsdelivr.net/npm/garbage-classification-data/garbage.json,garbage-classification-data
树叶是那种垃圾,厨余垃圾,,[],https://cdn.jsdelivr.net/npm/garbage-classification-data/garbage.json,garbage-classification-data
收纳箱,可回收物,,[],https://cdn.jsdelivr.net/npm/garbage-classification-data/garbage.json,garbage-classification-data
塑料收纳盒,可回收物,,[],https://cdn.jsdelivr.net/npm/garbage-classification-data/garbage.json,garbage-classification-data
奶粉,厨余垃圾,,[],https://cdn.jsdelivr.net/npm/garbage-classification-data/garbage.json,garbage-classification-data
奶盒,可回收物,,[],https://cdn.jsdelivr.net/npm/garbage-classification-data/garbage.json,garbage-classification-data
南瓜,厨余垃圾,,[],https://cdn.jsdelivr.net/npm/garbage-classification-data/garbage.json,garbage-classification-data
南瓜皮,厨余垃圾,,[],https://cdn.jsdelivr.net/npm/garbage-classification-data/garbage.json,garbage-classification-data
南瓜子壳,厨余垃圾,,[],https://cdn.jsdelivr.net/npm/garbage-classification-data/garbage.json,garbage-classification-data
笔囊,其他垃圾,,[],https://cdn.jsdelivr.net/npm/garbage-classification-data/garbage.json,garbage-classification-data
胶囊,有害垃圾,,[],https://cdn.jsdelivr.net/npm/garbage-classification-data/garbage.json,garbage-classification-data
墨囊,其他垃圾,,[],https://cdn.jsdelivr.net/npm/garbage-classification-data/garbage.json,garbage-classification-data
电脑,可回收物,,[],https://cdn.jsdelivr.net/npm/garbage-classification-data/garbage.json,garbage-classification-data
猪脑,厨余垃圾,,[],https://cdn.jsdelivr.net/npm/garbage-classification-data/garbage.json,garbage-classification-data
电脑包,可回收物,,[],https://cdn.jsdelivr.net/npm/garbage-classification-data/garbage.json,garbage-classification-data
闹钟,可回收物,,[],https://cdn.jsdelivr.net/npm/garbage-classification-data/garbage.json,garbage-classification-data
内裤,其他垃圾,,[],https://cdn.jsdelivr.net/npm/garbage-classification-data/garbage.json,garbage-classification-data
内衣,其他垃圾,,[],https://cdn.jsdelivr.net/npm/garbage-classification-data/garbage.json,garbage-classification-data
内脏,厨余垃圾,,[],https://cdn.jsdelivr.net/npm/garbage-classification-data/garbage.json,garbage-classification-data
花泥,其他垃圾,,[],https://cdn.jsdelivr.net/npm/garbage-classification-data/garbage.json,garbage-classification-data
尼龙绳,其他垃圾,,[],https://cdn.jsdelivr.net/npm/garbage-classification-data/garbage.json,garbage-classification-data
尼龙丝袜,其他垃圾,,[],https://cdn.jsdelivr.net/npm/garbage-classification-data/garbage.json,garbage-classification-data
尼龙制品,其他垃圾,,[],https://cdn.jsdelivr.net/npm/garbage-classification-data/garbage.json,garbage-classification-data
油腻的餐巾纸,其他垃圾,,[],https://cdn.jsdelivr.net/npm/garbage-classification-data/garbage.json,garbage-classification-data
年糕,厨余垃圾,,[],https://cdn.jsdelivr.net/npm/garbage-classification-data/garbage.json,garbage-classification-data
少年报,可回收物,,[],https://cdn.jsdelivr.net/npm/garbage-classification-data/garbage.json,garbage-classification-data
尿布,其他垃圾,,[],https://cdn.jsdelivr.net/npm/garbage-classification-data/garbage.json,garbage-classification-data
尿垫,其他垃圾,,[],https://cdn.jsdelivr.net/npm/garbage-classification-data/garbage.json,garbage-classification-data
尿裤,其他垃圾,,[],https://cdn.jsdelivr.net/npm/garbage-classification-data/garbage.json,garbage-classification-data
镍镉电池,有害垃圾,,[],https://cdn.jsdelivr.net/npm/garbage-classification-data/garbage.json,garbage-classification-data
牛,厨余垃圾,,[],https://cdn.jsdelivr.net/npm/garbage-classification-data/garbage.json,garbage-classification-data
塑料纽扣,可回收物,,[],https://cdn.jsdelivr.net/npm/garbage-classification-data/garbage.json,garbage-classification-data
农药片,有害垃圾,,[],https://cdn.jsdelivr.net/npm/garbage-classification-data/garbage.json,garbage-classification-data
圣女果,厨余垃圾,,[],https://cdn.jsdelivr.net/npm/garbage-classification-data/garbage.json,garbage-classification-data
女生内衣,其他垃圾,,[],https://cdn.jsdelivr.net/npm/garbage-classification-data/garbage.json,garbage-classification-data
女性卫生用品,其他垃圾,,[],https://cdn.jsdelivr.net/npm/garbage-classification-data/garbage.json,garbage-classification-data
暖瓶,可回收物,,[],https://cdn.jsdelivr.net/npm/garbage-classification-data/garbage.json,garbage-classification-data
保暖瓶,可回收物,,[],https://cdn.jsdelivr.net/npm/garbage-classification-data/garbage.json,garbage-classification-data
呕吐包,其他垃圾,,[],https://cdn.jsdelivr.net/npm/garbage-classification-data/garbage.json,garbage-classification-data
呕吐物,厨余垃圾,,[],https://cdn.jsdelivr.net/npm/garbage-classification-data/garbage.json,garbage-classification-data
布偶,可回收物,,[],https://cdn.jsdelivr.net/npm/garbage-classification-data/garbage.json,garbage-classification-data
玩偶,可回收物,,[],https://cdn.jsdelivr.net/npm/garbage-classification-data/garbage.json,garbage-classification-data
布玩偶,可回收物,,[],https://cdn.jsdelivr.net/npm/garbage-classification-data/garbage.json,garbage-classification-data
手帕,其他垃圾,,[],https://cdn.jsdelivr.net/npm/garbage-classification-data/garbage.json,garbage-classification-data
电蚊拍,可回收物,,[],https://cdn.jsdelivr.net/npm/garbage-classification-data/garbage.json,garbage-classification-data
大排,厨余垃圾,,[],https://cdn.jsdelivr.net/npm/garbage-classification-data/garbage.json,garbage-classification-data
鸡排,厨余垃圾,,[],https://cdn.jsdelivr.net/npm/garbage-classification-data/garbage.json,garbage-classification-data
铜牌,可回收物,,[],https://cdn.jsdelivr.net/npm/garbage-classification-data/garbage.json,garbage-classification-data
菠萝派,厨余垃圾,,[],https://cdn.jsdelivr.net/npm/garbage-classification-data/garbage.json,garbage-classification-data
U盘,可回收物,,[],https://cdn.jsdelivr.net/npm/garbage-classification-data/garbage.json,garbage-classification-data
乒乓板,其他垃圾,,[],https://cdn.jsdelivr.net/npm/garbage-classification-data/garbage.json,garbage-classification-data
乒乓球,其他垃圾,,[],https://cdn.jsdelivr.net/npm/garbage-classification-data/garbage.json,garbage-classification-data
日抛美瞳,其他垃圾,,[],https://cdn.jsdelivr.net/npm/garbage-classification-data/garbage.json,garbage-classification-data
灯炮,有害垃圾,,[],https://cdn.jsdelivr.net/npm/garbage-classification-data/garbage.json,garbage-classification-data
泡面,厨余垃圾,,[],https://cdn.jsdelivr.net/npm/garbage-classification-data/garbage.json,garbage-classification-data
泡馍,厨余垃圾,,[],https://cdn.jsdelivr.net/npm/garbage-classification-data/garbage.json,garbage-classification-data
水培植物,厨余垃圾,,[],https://cdn.jsdelivr.net/npm/garbage-classification-data/garbage.json,garbage-classification-data
电脑配件,可回收物,,[],https://cdn.jsdelivr.net/npm/garbage-classification-data/garbage.json,garbage-classification-data
铝喷雾瓶,可回收物,,[],https://cdn.jsdelivr.net/npm/garbage-classification-data/garbage.json,garbage-classification-data
喷蟑螂瓶,有害垃圾,,[],https://cdn.jsdelivr.net/npm/garbage-classification-data/garbage.json,garbage-classification-data
杀虫喷雾,有害垃圾,,[],https://cdn.jsdelivr.net/npm/garbage-classification-data/garbage.json,garbage-classification-data
花盆,其他垃圾,,[],https://cdn.jsdelivr.net/npm/garbage-classification-data/garbage.json,garbage-classification-data
铝盆,可回收物,,[],https://cdn.jsdelivr.net/npm/garbage-classification-data/garbage.json,garbage-classification-data
盆栽,厨余垃圾,,[],https://cdn.jsdelivr.net/npm/garbage-classification-data/garbage.json,garbage-classification-data
帐篷,可回收物,,[],https://cdn.jsdelivr.net/npm/garbage-classification-data/garbage.json,garbage-classification-data
膨化食品,厨余垃圾,,[],https://cdn.jsdelivr.net/npm/garbage-classification-data/garbage.json,garbage-classification-data
膨化食品包装,其他垃圾,,[],https://cdn.jsdelivr.net/npm/garbage-classification-data/garbage.json,garbage-classification-data
披萨,厨余垃圾,,[],https://cdn.jsdelivr.net/npm/garbage-classification-data/garbage.json,garbage-classification-data
雨披,其他垃圾,,[],https://cdn.jsdelivr.net/npm/garbage-classification-data/garbage.json,garbage-classification-data
披萨盒,其他垃圾,,[],https://cdn.jsdelivr.net/npm/garbage-classification-data/garbage.json,garbage-classification-data
啤酒盖,可回收物,,[],https://cdn.jsdelivr.net/npm/garbage-classification-data/garbage.json,garbage-classification-data
啤酒罐,可回收物,,[],https://cdn.jsdelivr.net/npm/garbage-classification-data/garbage.json,garbage-classification-data
啤酒瓶,可回收物,,[],https://cdn.jsdelivr.net/npm/garbage-classification-data/garbage.json,garbage-classification-data
菜皮,厨余垃圾,,[],https://cdn.jsdelivr.net/npm/garbage-classification-data/garbage.json,garbage-classification-data
草皮,厨余垃圾,,[],https://cdn.jsdelivr.net/npm/garbage-classification-data/garbage.json,garbage-classification-data
漂白粉,其他垃圾,,[],https://cdn.jsdelivr.net/npm/garbage-classification-data/garbage.json,garbage-classification-data
漂白剂罐,有害垃圾,,[],https://cdn.jsdelivr.net/npm/garbage-classification-data/garbage.json,garbage-classification-data
票,其他垃圾,,[],https://cdn.jsdelivr.net/npm/garbage-classification-data/garbage.json,garbage-classification-data
食品,厨余垃圾,,[],https://cdn.jsdelivr.net/npm/garbage-classification-data/garbage.json,garbage-classification-data
饰品,其他垃圾,,[],https://cdn.jsdelivr.net/npm/garbage-classification-data/garbage.json,garbage-classification-data
药品,有害垃圾,,[],https://cdn.jsdelivr.net/npm/garbage-classification-data/garbage.json,garbage-classification-data
苹果,厨余垃圾,,[],https://cdn.jsdelivr.net/npm/garbage-classification-data/garbage.json,garbage-classification-data
烂苹果,厨余垃圾,,[],https://cdn.jsdelivr.net/npm/garbage-classification-data/garbage.json,garbage-classification-data
苹果核,厨余垃圾,,[],https://cdn.jsdelivr.net/npm/garbage-classification-data/garbage.json,garbage-classification-data
平底锅,可回收物,,[],https://cdn.jsdelivr.net/npm/garbage-classification-data/garbage.json,garbage-classification-data
平板玻璃,可回收物,,[],https://cdn.jsdelivr.net/npm/garbage-classification-data/garbage.json,garbage-classification-data
平板电脑,可回收物,,[],https://cdn.jsdelivr.net/npm/garbage-classification-data/garbage.json,garbage-classification-data
电瓶,可回收物,,[],https://cdn.jsdelivr.net/npm/garbage-classification-data/garbage.json,garbage-classification-data
破布,可回收物,,[],https://cdn.jsdelivr.net/npm/garbage-classification-data/garbage.json,garbage-classification-data
破碗,其他垃圾,,[],https://cdn.jsdelivr.net/npm/garbage-classification-data/garbage.json,garbage-classification-data
破瓷品,其他垃圾,,[],https://cdn.jsdelivr.net/npm/garbage-classification-data/garbage.json,garbage-classification-data
扑克牌,可回收物,,[],https://cdn.jsdelivr.net/npm/garbage-classification-data/garbage.json,garbage-classification-data
猪肉铺,厨余垃圾,,[],https://cdn.jsdelivr.net/npm/garbage-classification-data/garbage.json,garbage-classification-data
葡萄,厨余垃圾,,[],https://cdn.jsdelivr.net/npm/garbage-classification-data/garbage.json,garbage-classification-data
葡萄皮,厨余垃圾,,[],https://cdn.jsdelivr.net/npm/garbage-classification-data/garbage.json,garbage-classification-data
普通塑料袋,其他垃圾,,[],https://cdn.jsdelivr.net/npm/garbage-classification-data/garbage.json,garbage-classification-data
过期药,有害垃圾,,[],https://cdn.jsdelivr.net/npm/garbage-classification-data/garbage.json,garbage-classification-data
过期饼干,厨余垃圾,,[],https://cdn.jsdelivr.net/npm/garbage-classification-data/garbage.json,garbage-classification-data
漆桶,有害垃圾,,[],https://cdn.jsdelivr.net/npm/garbage-classification-data/garbage.json,garbage-classification-data
油漆,有害垃圾,,[],https://cdn.jsdelivr.net/npm/garbage-classification-data/garbage.json,garbage-classification-data
废油漆,有害垃圾,,[],https://cdn.jsdelivr.net/npm/garbage-classification-data/garbage.json,garbage-classification-data
其他垃圾桶,可回收物,,[],https://cdn.jsdelivr.net/npm/garbage-classification-data/garbage.json,garbage-classification-data
象棋,其他垃圾,,[],https://cdn.jsdelivr.net/npm/garbage-classification-data/garbage.json,garbage-classification-data
曲奇,厨余垃圾,,[],https://cdn.jsdelivr.net/npm/garbage-classification-data/garbage.json,garbage-classification-data
吃过的奇趣蛋,其他垃圾,,[],https://cdn.jsdelivr.net/npm/garbage-classification-data/garbage.json,garbage-classification-data
电器,可回收物,,[],https://cdn.jsdelivr.net/npm/garbage-classification-data/garbage.json,garbage-classification-data
陶器,其他垃圾,,[],https://cdn.jsdelivr.net/npm/garbage-classification-data/garbage.json,garbage-classification-data
气球,其他垃圾,,[],https://cdn.jsdelivr.net/npm/garbage-classification-data/garbage.json,garbage-classification-data
充气娃,可回收物,,[],https://cdn.jsdelivr.net/npm/garbage-classification-data/garbage.json,garbage-classification-data
煤气罐,可回收物,,[],https://cdn.jsdelivr.net/npm/garbage-classification-data/garbage.json,garbage-classification-data
废弃布包,可回收物,,[],https://cdn.jsdelivr.net/npm/garbage-classification-data/garbage.json,garbage-classification-data
废弃地毯,可回收物,,[],https://cdn.jsdelivr.net/npm/garbage-classification-data/garbage.json,garbage-classification-data
废弃电线,可回收物,,[],https://cdn.jsdelivr.net/npm/garbage-classification-data/garbage.json,garbage-classification-data
铅笔,其他垃圾,,[],https://cdn.jsdelivr.net/npm/garbage-classification-data/garbage.json,garbage-classification-data
铅桶,可回收物,,[],https://cdn.jsdelivr.net/npm/garbage-classification-data/garbage.json,garbage-classification-data
铅芯,其他垃圾,,[],https://cdn.jsdelivr.net/npm/garbage-classification-data/garbage.json,garbage-classification-data
棉签,其他垃圾,,[],https://cdn.jsdelivr.net/npm/garbage-classification-data/garbage.json,garbage-classification-data
指甲钳,可回收物,,[],https://cdn.jsdelivr.net/npm/garbage-classification-data/garbage.json,garbage-classification-data
金枪鱼罐头,可回收物,,[],https://cdn.jsdelivr.net/npm/garbage-classification-data/garbage.json,garbage-classification-data
墙刷,其他垃圾,,[],https://cdn.jsdelivr.net/npm/garbage-classification-data/garbage.json,garbage-classification-data
一块墙皮,其他垃圾,,[],https://cdn.jsdelivr.net/npm/garbage-classification-data/garbage.json,garbage-classification-data
强化玻璃,可回收物,,[],https://cdn.jsdelivr.net/npm/garbage-classification-data/garbage.json,garbage-classification-data
敲碎的碗,其他垃圾,,[],https://cdn.jsdelivr.net/npm/garbage-classification-data/garbage.json,garbage-classification-data
巧克力袋子,其他垃圾,,[],https://cdn.jsdelivr.net/npm/garbage-classification-data/garbage.json,garbage-classification-data
巧克力盒子,其他垃圾,,[],https://cdn.jsdelivr.net/npm/garbage-classification-data/garbage.json,garbage-classification-data
茄子,厨余垃圾,,[],https://cdn.jsdelivr.net/npm/garbage-classification-data/garbage.json,garbage-classification-data
电子琴,可回收物,,[],https://cdn.jsdelivr.net/npm/garbage-classification-data/garbage.json,garbage-classification-data
芹菜,厨余垃圾,,[],https://cdn.jsdelivr.net/npm/garbage-classification-data/garbage.json,garbage-classification-data
芹菜叶,厨余垃圾,,[],https://cdn.jsdelivr.net/npm/garbage-classification-data/garbage.json,garbage-classification-data
家禽内脏,厨余垃圾,,[],https://cdn.jsdelivr.net/npm/garbage-classification-data/garbage.json,garbage-classification-data
青菜,厨余垃圾,,[],https://cdn.jsdelivr.net/npm/garbage-classification-data/garbage.json,garbage-classification-data
氢气罐,可回收物,,[],https://cdn.jsdelivr.net/npm/garbage-classification-data/garbage.json,garbage-classification-data
氢气球,其他垃圾,,[],https://cdn.jsdelivr.net/npm/garbage-classification-data/garbage.json,garbage-classification-data
氢气球充气钢瓶,可回收物,,[],https://cdn.jsdelivr.net/npm/garbage-classification-data/garbage.json,garbage-classification-data
滤清器,其他垃圾,,[],https://cdn.jsdelivr.net/npm/garbage-classification-data/garbage.json,garbage-classification-data
汽车空气滤清器,可回收物,,[],https://cdn.jsdelivr.net/npm/garbage-classification-data/garbage.json,garbage-classification-data
情趣内衣,其他垃圾,,[],https://cdn.jsdelivr.net/npm/garbage-classification-data/garbage.json,garbage-classification-data
琼脂,厨余垃圾,,[],https://cdn.jsdelivr.net/npm/garbage-classification-data/garbage.json,garbage-classification-data
营养琼脂,厨余垃圾,,[],https://cdn.jsdelivr.net/npm/garbage-classification-data/garbage.json,garbage-classification-data
秋衣,可回收物,,[],https://cdn.jsdelivr.net/npm/garbage-classification-data/garbage.json,garbage-classification-data
棉球,其他垃圾,,[],https://cdn.jsdelivr.net/npm/garbage-classification-data/garbage.json,garbage-classification-data
皮球,可回收物,,[],https://cdn.jsdelivr.net/npm/garbage-classification-data/garbage.json,garbage-classification-data
驱蚊瓶,可回收物,,[],https://cdn.jsdelivr.net/npm/garbage-classification-data/garbage.json,garbage-classification-data
发圈,其他垃圾,,[],https://cdn.jsdelivr.net/npm/garbage-classification-data/garbage.json,garbage-classification-data
铁圈,可回收物,,[],https://cdn.jsdelivr.net/npm/garbage-classification-data/garbage.json,garbage-classification-data
甜甜圈,厨余垃圾,,[],https://cdn.jsdelivr.net/npm/garbage-classification-data/garbage.json,garbage-classification-data
围裙,可回收物,,[],https://cdn.jsdelivr.net/npm/garbage-classification-data/garbage.json,garbage-classification-data
燃油罐,可回收物,,[],https://cdn.jsdelivr.net/npm/garbage-classification-data/garbage.json,garbage-classification-data
染发剂罐,有害垃圾,,[],https://cdn.jsdelivr.net/npm/garbage-classification-data/garbage.json,garbage-classification-data
染发剂壳,有害垃圾,,[],https://cdn.jsdelivr.net/npm/garbage-classification-data/garbage.json,garbage-classification-data
污染报纸,其他垃圾,,[],https://cdn.jsdelivr.net/npm/garbage-classification-data/garbage.json,garbage-classification-data
丝瓜瓤,厨余垃圾,,[],https://cdn.jsdelivr.net/npm/garbage-classification-data/garbage.json,garbage-classification-data
电热毯,可回收物,,[],https://cdn.jsdelivr.net/npm/garbage-classification-data/garbage.json,garbage-classification-data
退热贴,其他垃圾,,[],https://cdn.jsdelivr.net/npm/garbage-classification-data/garbage.json,garbage-classification-data
电热水袋,可回收物,,[],https://cdn.jsdelivr.net/npm/garbage-classification-data/garbage.json,garbage-classification-data
杏仁,厨余垃圾,,[],https://cdn.jsdelivr.net/npm/garbage-classification-data/garbage.json,garbage-classification-data
瓜子仁,厨余垃圾,,[],https://cdn.jsdelivr.net/npm/garbage-classification-data/garbage.json,garbage-classification-data
虾仁壳,厨余垃圾,,[],https://cdn.jsdelivr.net/npm/garbage-classification-data/garbage.json,garbage-classification-data
无人机,可回收物,,[],https://cdn.jsdelivr.net/npm/garbage-classification-data/garbage.json,garbage-classification-data
仙人球,厨余垃圾,,[],https://cdn.jsdelivr.net/npm/garbage-classification-data/garbage.json,garbage-classification-data
日报,可回收物,,[],https://cdn.jsdelivr.net/npm/garbage-classification-data/garbage.json,garbage-classification-data
日光灯,有害垃圾,,[],https://cdn.jsdelivr.net/npm/garbage-classification-data/garbage.json,garbage-classification-data
有机溶剂,有害垃圾,,[],https://cdn.jsdelivr.net/npm/garbage-classification-data/garbage.json,garbage-classification-data
速溶咖啡包装,其他垃圾,,[],https://cdn.jsdelivr.net/npm/garbage-classification-data/garbage.json,garbage-classification-data
电容器,可回收物,,[],https://cdn.jsdelivr.net/npm/garbage-classification-data/garbage.json,garbage-classification-data
美容仪,可回收物,,[],https://cdn.jsdelivr.net/npm/garbage-classification-data/garbage.json,garbage-classification-data
玻璃制容器,可回收物,,[],https://cdn.jsdelivr.net/npm/garbage-classification-data/garbage.json,garbage-classification-data
绒娃娃,可回收物,,[],https://cdn.jsdelivr.net/npm/garbage-classification-data/garbage.json,garbage-classification-data
绒线衣,可回收物,,[],https://cdn.jsdelivr.net/npm/garbage-classification-data/garbage.json,garbage-classification-data
羽绒被,可回收物,,[],https://cdn.jsdelivr.net/npm/garbage-classification-data/garbage.json,garbage-classification-data
棉柔巾,其他垃圾,,[],https://cdn.jsdelivr.net/npm/garbage-classification-data/garbage.json,garbage-classification-data
肉,厨余垃圾,,[],https://cdn.jsdelivr.net/npm/garbage-classification-data/garbage.json,garbage-classification-data
大骨（如：猪腿骨）,其他垃圾,,[],https://cdn.jsdelivr.net/npm/garbage-classification-data/garbage.json,garbage-classification-data
乳牙,其他垃圾,,[],https://cdn.jsdelivr.net/npm/garbage-classification-data/garbage.json,garbage-classification-data
豆腐乳,厨余垃圾,,[],https://cdn.jsdelivr.net/npm/garbage-classification-data/garbage.json,garbage-classification-data
沐浴乳,其他垃圾,,[],https://cdn.jsdelivr.net/npm/garbage-classification-data/garbage.json,garbage-classification-data
入厕用纸,其他垃圾,,[],https://cdn.jsdelivr.net/npm/garbage-classification-data/garbage.json,garbage-classification-data
软骨,厨余垃圾,,[],https://cdn.jsdelivr.net/npm/garbage-classification-data/garbage.json,garbage-classification-data
软盘,其他垃圾,,[],https://cdn.jsdelivr.net/npm/garbage-classification-data/garbage.json,garbage-classification-data
软糖,厨余垃圾,,[],https://cdn.jsdelivr.net/npm/garbage-classification-data/garbage.json,garbage-classification-data
润发乳,其他垃圾,,[],https://cdn.jsdelivr.net/npm/garbage-classification-data/garbage.json,garbage-classification-data
花洒,可回收物,,[],https://cdn.jsdelivr.net/npm/garbage-classification-data/garbage.json,garbage-classification-data
披萨饼盒,其他垃圾,,[],https://cdn.jsdelivr.net/npm/garbage-classification-data/garbage.json,garbage-classification-data
木塞,其他垃圾,,[],https://cdn.jsdelivr.net/npm/garbage-classification-data/garbage.json,garbage-classification-data
软木塞,其他垃圾,,[],https://cdn.jsdelivr.net/npm/garbage-classification-data/garbage.json,garbage-classification-data
酒瓶塞子,其他垃圾,,[],https://cdn.jsdelivr.net/npm/garbage-classification-data/garbage.json,garbage-classification-data
三杯鸡,厨余垃圾,,[],https://cdn.jsdelivr.net/npm/garbage-classification-data/garbage.json,garbage-classification-data
三文鱼,厨余垃圾,,[],https://cdn.jsdelivr.net/npm/garbage-classification-data/garbage.json,garbage-classification-data
伞,其他垃圾,,[],https://cdn.jsdelivr.net/npm/garbage-classification-data/garbage.json,garbage-classification-data
雨伞,其他垃圾,,[],https://cdn.jsdelivr.net/npm/garbage-classification-data/garbage.json,garbage-classification-data
旧雨伞,其他垃圾,,[],https://cdn.jsdelivr.net/npm/garbage-classification-data/garbage.json,garbage-classification-data
散粉,其他垃圾,,[],https://cdn.jsdelivr.net/npm/garbage-classification-data/garbage.json,garbage-classification-data
桑叶,厨余垃圾,,[],https://cdn.jsdelivr.net/npm/garbage-classification-data/garbage.json,garbage-classification-data
扫帚,其他垃圾,,[],https://cdn.jsdelivr.net/npm/garbage-classification-data/garbage.json,garbage-classification-data
扫地机,可回收物,,[],https://cdn.jsdelivr.net/npm/garbage-classification-data/garbage.json,garbage-classification-data
彩色笔,其他垃圾,,[],https://cdn.jsdelivr.net/npm/garbage-classification-data/garbage.json,garbage-classification-data
标签色带,其他垃圾,,[],https://cdn.jsdelivr.net/npm/garbage-classification-data/garbage.json,garbage-classification-data
彩色玻璃,可回收物,,[],https://cdn.jsdelivr.net/npm/garbage-classification-data/garbage.json,garbage-classification-data
猫砂,其他垃圾,,[],https://cdn.jsdelivr.net/npm/garbage-classification-data/garbage.json,garbage-classification-data
砂锅,其他垃圾,,[],https://cdn.jsdelivr.net/npm/garbage-classification-data/garbage.json,garbage-classification-data
砂皮,其他垃圾,,[],https://cdn.jsdelivr.net/npm/garbage-classification-data/garbage.json,garbage-classification-data
杀虫剂,有害垃圾,,[],https://cdn.jsdelivr.net/npm/garbage-classification-data/garbage.json,garbage-classification-data
猫沙,其他垃圾,,[],https://cdn.jsdelivr.net/npm/garbage-classification-data/garbage.json,garbage-classification-data
纱布,其他垃圾,,[],https://cdn.jsdelivr.net/npm/garbage-classification-data/garbage.json,garbage-classification-data
纱窗,其他垃圾,,[],https://cdn.jsdelivr.net/npm/garbage-classification-data/garbage.json,garbage-classification-data
防晒霜,其他垃圾,,[],https://cdn.jsdelivr.net/npm/garbage-classification-data/garbage.json,garbage-classification-data
防晒霜罐,可回收物,,[],https://cdn.jsdelivr.net/npm/garbage-classification-data/garbage.json,garbage-classification-data
山芋,厨余垃圾,,[],https://cdn.jsdelivr.net/npm/garbage-classification-data/garbage.json,garbage-classification-data
山竹,厨余垃圾,,[],https://cdn.jsdelivr.net/npm/garbage-classification-data/garbage.json,garbage-classification-data
羊毛衫,可回收物,,[],https://cdn.jsdelivr.net/npm/garbage-classification-data/garbage.json,garbage-classification-data
电扇,可回收物,,[],https://cdn.jsdelivr.net/npm/garbage-classification-data/garbage.json,garbage-classification-data
烫伤膏,有害垃圾,,[],https://cdn.jsdelivr.net/npm/garbage-classification-data/garbage.json,garbage-classification-data
纸质商标,其他垃圾,,[],https://cdn.jsdelivr.net/npm/garbage-classification-data/garbage.json,garbage-classification-data
上衣,可回收物,,[],https://cdn.jsdelivr.net/npm/garbage-classification-data/garbage.json,garbage-classification-data
床上用品,可回收物,,[],https://cdn.jsdelivr.net/npm/garbage-classification-data/garbage.json,garbage-classification-data
烧鸡,厨余垃圾,,[],https://cdn.jsdelivr.net/npm/garbage-classification-data/garbage.json,garbage-classification-data
红烧肉,厨余垃圾,,[],https://cdn.jsdelivr.net/npm/garbage-classification-data/garbage.json,garbage-classification-data
勺子,可回收物,,[],https://cdn.jsdelivr.net/npm/garbage-classification-data/garbage.json,garbage-classification-data
塑料勺,其他垃圾,,[],https://cdn.jsdelivr.net/npm/garbage-classification-data/garbage.json,garbage-classification-data
蛇皮袋,可回收物,,[],https://cdn.jsdelivr.net/npm/garbage-classification-data/garbage.json,garbage-classification-data
摄像机,可回收物,,[],https://cdn.jsdelivr.net/npm/garbage-classification-data/garbage.json,garbage-classification-data
摄像头,可回收物,,[],https://cdn.jsdelivr.net/npm/garbage-classification-data/garbage.json,garbage-classification-data
注射器,其他垃圾,,[],https://cdn.jsdelivr.net/npm/garbage-classification-data/garbage.json,garbage-classification-data
无菌注射器包装,其他垃圾,,[],https://cdn.jsdelivr.net/npm/garbage-classification-data/garbage.json,garbage-classification-data
养身壶,可回收物,,[],https://cdn.jsdelivr.net/npm/garbage-classification-data/garbage.json,garbage-classification-data
花生,厨余垃圾,,[],https://cdn.jsdelivr.net/npm/garbage-classification-data/garbage.json,garbage-classification-data
生菜,厨余垃圾,,[],https://cdn.jsdelivr.net/npm/garbage-classification-data/garbage.json,garbage-classification-data
生蚝,厨余垃圾,,[],https://cdn.jsdelivr.net/npm/garbage-classification-data/garbage.json,garbage-classification-data
棉绳,其他垃圾,,[],https://cdn.jsdelivr.net/npm/garbage-classification-data/garbage.json,garbage-classification-data
绳子,可回收物,,[],https://cdn.jsdelivr.net/npm/garbage-classification-data/garbage.json,garbage-classification-data
盛装湿垃圾的垃圾袋,其他垃圾,,[],https://cdn.jsdelivr.net/npm/garbage-classification-data/garbage.json,garbage-classification-data
剩菜,厨余垃圾,,[],https://cdn.jsdelivr.net/npm/garbage-classification-data/garbage.json,garbage-classification-data
剩餐,厨余垃圾,,[],https://cdn.jsdelivr.net/npm/garbage-classification-data/garbage.json,garbage-classification-data
剩饭,厨余垃圾,,[],https://cdn.jsdelivr.net/npm/garbage-classification-data/garbage.json,garbage-classification-data
螺狮,厨余垃圾,,[],https://cdn.jsdelivr.net/npm/garbage-classification-data/garbage.json,garbage-classification-data
螺狮壳,厨余垃圾,,[],https://cdn.jsdelivr.net/npm/garbage-classification-data/garbage.json,garbage-classification-data
施工安全帽,可回收物,,[],https://cdn.jsdelivr.net/npm/garbage-classification-data/garbage.json,garbage-classification-data
湿纸,其他垃圾,,[],https://cdn.jsdelivr.net/npm/garbage-classification-data/garbage.json,garbage-classification-data
使用的餐巾纸,其他垃圾,,[],https://cdn.jsdelivr.net/npm/garbage-classification-data/garbage.json,garbage-classification-data
使用过的餐盒,其他垃圾,,[],https://cdn.jsdelivr.net/npm/garbage-classification-data/garbage.json,garbage-classification-data
使用过的猫砂,其他垃圾,,[],https://cdn.jsdelivr.net/npm/garbage-classification-data/garbage.json,garbage-classification-data
废台式机,可回收物,,[],https://cdn.jsdelivr.net/npm/garbage-classification-data/garbage.json,garbage-classification-data
硬式磁碟机,可回收物,,[],https://cdn.jsdelivr.net/npm/garbage-classification-data/garbage.json,garbage-classification-data
显示器,可回收物,,[],https://cdn.jsdelivr.net/npm/garbage-classification-data/garbage.json,garbage-classification-data
显示屏幕,可回收物,,[],https://cdn.jsdelivr.net/npm/garbage-classification-data/garbage.json,garbage-classification-data
芝士,厨余垃圾,,[],https://cdn.jsdelivr.net/npm/garbage-classification-data/garbage.json,garbage-classification-data
芝士片,厨余垃圾,,[],https://cdn.jsdelivr.net/npm/garbage-classification-data/garbage.json,garbage-classification-data
西红柿,厨余垃圾,,[],https://cdn.jsdelivr.net/npm/garbage-classification-data/garbage.json,garbage-classification-data
乐事薯片,厨余垃圾,,[],https://cdn.jsdelivr.net/npm/garbage-classification-data/garbage.json,garbage-classification-data
擦拭过的餐巾纸,其他垃圾,,[],https://cdn.jsdelivr.net/npm/garbage-classification-data/garbage.json,garbage-classification-data
油漆稀释剂,有害垃圾,,[],https://cdn.jsdelivr.net/npm/garbage-classification-data/garbage.json,garbage-classification-data
电视,可回收物,,[],https://cdn.jsdelivr.net/npm/garbage-classification-data/garbage.json,garbage-classification-data
电视机,可回收物,,[],https://cdn.jsdelivr.net/npm/garbage-classification-data/garbage.json,garbage-classification-data
废电视,可回收物,,[],https://cdn.jsdelivr.net/npm/garbage-classification-data/garbage.json,garbage-classification-data
试卷,可回收物,,[],https://cdn.jsdelivr.net/npm/garbage-classification-data/garbage.json,garbage-classification-data
试纸,其他垃圾,,[],https://cdn.jsdelivr.net/npm/garbage-classification-data/garbage.json,garbage-classification-data
寿司,厨余垃圾,,[],https://cdn.jsdelivr.net/npm/garbage-classification-data/garbage.json,garbage-classification-data
受污纸巾,其他垃圾,,[],https://cdn.jsdelivr.net/npm/garbage-classification-data/garbage.json,garbage-classification-data
受潮的纸张,可回收物,,[],https://cdn.jsdelivr.net/npm/garbage-classification-data/garbage.json,garbage-classification-data
受过污染的纸,其他垃圾,,[],https://cdn.jsdelivr.net/npm/garbage-classification-data/garbage.json,garbage-classification-data
蔬菜,厨余垃圾,,[],https://cdn.jsdelivr.net/npm/garbage-classification-data/garbage.json,garbage-classification-data
蔬果,厨余垃圾,,[],https://cdn.jsdelivr.net/npm/garbage-classification-data/garbage.json,garbage-classification-data
烂蔬菜,厨余垃圾,,[],https://cdn.jsdelivr.net/npm/garbage-classification-data/garbage.json,garbage-classification-data
木梳,可回收物,,[],https://cdn.jsdelivr.net/npm/garbage-classification-data/garbage.json,garbage-classification-data
梳子,其他垃圾,,[],https://cdn.jsdelivr.net/npm/garbage-classification-data/garbage.json,garbage-classification-data
木梳子,可回收物,,[],https://cdn.jsdelivr.net/npm/garbage-classification-data/garbage.json,garbage-classification-data
书,可回收物,,[],https://cdn.jsdelivr.net/npm/garbage-classification-data/garbage.json,garbage-classification-data
熟菜,厨余垃圾,,[],https://cdn.jsdelivr.net/npm/garbage-classification-data/garbage.json,garbage-classification-data
熟鸡蛋,厨余垃圾,,[],https://cdn.jsdelivr.net/npm/garbage-classification-data/garbage.json,garbage-classification-data
熟虾壳,厨余垃圾,,[],https://cdn.jsdelivr.net/npm/garbage-classification-data/garbage.json,garbage-classification-data
薯片,厨余垃圾,,[],https://cdn.jsdelivr.net/npm/garbage-classification-data/garbage.json,garbage-classification-data
甜芦黍,厨余垃圾,,[],https://cdn.jsdelivr.net/npm/garbage-classification-data/garbage.json,garbage-classification-data
废金属,可回收物,,[],https://cdn.jsdelivr.net/npm/garbage-classification-data/garbage.json,garbage-classification-data
金属罐,可回收物,,[],https://cdn.jsdelivr.net/npm/garbage-classification-data/garbage.json,garbage-classification-data
美术袋,其他垃圾,,[],https://cdn.jsdelivr.net/npm/garbage-classification-data/garbage.json,garbage-classification-data
美术黏土,其他垃圾,,[],https://cdn.jsdelivr.net/npm/garbage-classification-data/garbage.json,garbage-classification-data
树皮,厨余垃圾,,[],https://cdn.jsdelivr.net/npm/garbage-classification-data/garbage.json,garbage-classification-data
数学书,可回收物,,[],https://cdn.jsdelivr.net/npm/garbage-classification-data/garbage.json,garbage-classification-data
漱口水瓶子,可回收物,,[],https://cdn.jsdelivr.net/npm/garbage-classification-data/garbage.json,garbage-classification-data
牙刷,其他垃圾,,[],https://cdn.jsdelivr.net/npm/garbage-classification-data/garbage.json,garbage-classification-data
化妆刷,其他垃圾,,[],https://cdn.jsdelivr.net/npm/garbage-classification-data/garbage.json,garbage-classification-data
面霜,其他垃圾,,[],https://cdn.jsdelivr.net/npm/garbage-classification-data/garbage.json,garbage-classification-data
眼霜,其他垃圾,,[],https://cdn.jsdelivr.net/npm/garbage-classification-data/garbage.json,garbage-classification-data
双面胶,其他垃圾,,[],https://cdn.jsdelivr.net/npm/garbage-classification-data/garbage.json,garbage-classification-data
双面胶带,其他垃圾,,[],https://cdn.jsdelivr.net/npm/garbage-classification-data/garbage.json,garbage-classification-data
爽肤水瓶,可回收物,,[],https://cdn.jsdelivr.net/npm/garbage-classification-data/garbage.json,garbage-classification-data
胶水,其他垃圾,,[],https://cdn.jsdelivr.net/npm/garbage-classification-data/garbage.json,garbage-classification-data
水笔,其他垃圾,,[],https://cdn.jsdelivr.net/npm/garbage-classification-data/garbage.json,garbage-classification-data
水彩,其他垃圾,,[],https://cdn.jsdelivr.net/npm/garbage-classification-data/garbage.json,garbage-classification-data
纸质说明书,可回收物,,[],https://cdn.jsdelivr.net/npm/garbage-classification-data/garbage.json,garbage-classification-data
瓦斯桶,可回收物,,[],https://cdn.jsdelivr.net/npm/garbage-classification-data/garbage.json,garbage-classification-data
手撕猪肉,厨余垃圾,,[],https://cdn.jsdelivr.net/npm/garbage-classification-data/garbage.json,garbage-classification-data
钢丝,可回收物,,[],https://cdn.jsdelivr.net/npm/garbage-classification-data/garbage.json,garbage-classification-data
死花,厨余垃圾,,[],https://cdn.jsdelivr.net/npm/garbage-classification-data/garbage.json,garbage-classification-data
饲料,厨余垃圾,,[],https://cdn.jsdelivr.net/npm/garbage-classification-data/garbage.json,garbage-classification-data
猫饲料,厨余垃圾,,[],https://cdn.jsdelivr.net/npm/garbage-classification-data/garbage.json,garbage-classification-data
饲料袋,其他垃圾,,[],https://cdn.jsdelivr.net/npm/garbage-classification-data/garbage.json,garbage-classification-data
松子,厨余垃圾,,[],https://cdn.jsdelivr.net/npm/garbage-classification-data/garbage.json,garbage-classification-data
松子壳,厨余垃圾,,[],https://cdn.jsdelivr.net/npm/garbage-classification-data/garbage.json,garbage-classification-data
松木猫砂,其他垃圾,,[],https://cdn.jsdelivr.net/npm/garbage-classification-data/garbage.json,garbage-classification-data
素菜,厨余垃圾,,[],https://cdn.jsdelivr.net/npm/garbage-classification-data/garbage.json,garbage-classification-data
快速面盒,其他垃圾,,[],https://cdn.jsdelivr.net/npm/garbage-classification-data/garbage.json,garbage-classification-data
速冻饺子,厨余垃圾,,[],https://cdn.jsdelivr.net/npm/garbage-classification-data/garbage.json,garbage-classification-data
速冻水饺,厨余垃圾,,[],https://cdn.jsdelivr.net/npm/garbage-classification-data/garbage.json,garbage-classification-data
粟子壳,厨余垃圾,,[],https://cdn.jsdelivr.net/npm/garbage-classification-data/garbage.json,garbage-classification-data
甜芦粟,厨余垃圾,,[],https://cdn.jsdelivr.net/npm/garbage-classification-data/garbage.json,garbage-classification-data
甜芦粟皮,其他垃圾,,[],https://cdn.jsdelivr.net/npm/garbage-classification-data/garbage.json,garbage-classification-data
塑料,可回收物,,[],https://cdn.jsdelivr.net/npm/garbage-classification-data/garbage.json,garbage-classification-data
废塑料,可回收物,,[],https://cdn.jsdelivr.net/npm/garbage-classification-data/garbage.json,garbage-classification-data
酸奶袋,其他垃圾,,[],https://cdn.jsdelivr.net/npm/garbage-classification-data/garbage.json,garbage-classification-data
酸奶盖,其他垃圾,,[],https://cdn.jsdelivr.net/npm/garbage-classification-data/garbage.json,garbage-classification-data
蒜,厨余垃圾,,[],https://cdn.jsdelivr.net/npm/garbage-classification-data/garbage.json,garbage-classification-data
大蒜,厨余垃圾,,[],https://cdn.jsdelivr.net/npm/garbage-classification-data/garbage.json,garbage-classification-data
废弃计算机,可回收物,,[],https://cdn.jsdelivr.net/npm/garbage-classification-data/garbage.json,garbage-classification-data
碎布,可回收物,,[],https://cdn.jsdelivr.net/npm/garbage-classification-data/garbage.json,garbage-classification-data
碎瓷,其他垃圾,,[],https://cdn.jsdelivr.net/npm/garbage-classification-data/garbage.json,garbage-classification-data
碎骨,厨余垃圾,,[],https://cdn.jsdelivr.net/npm/garbage-classification-data/garbage.json,garbage-classification-data
玉米穗,厨余垃圾,,[],https://cdn.jsdelivr.net/npm/garbage-classification-data/garbage.json,garbage-classification-data
破损瓷器,其他垃圾,,[],https://cdn.jsdelivr.net/npm/garbage-classification-data/garbage.json,garbage-classification-data
污损纸张,其他垃圾,,[],https://cdn.jsdelivr.net/npm/garbage-classification-data/garbage.json,garbage-classification-data
破损垃圾袋,其他垃圾,,[],https://cdn.jsdelivr.net/npm/garbage-classification-data/garbage.json,garbage-classification-data
笋壳,厨余垃圾,,[],https://cdn.jsdelivr.net/npm/garbage-classification-data/garbage.json,garbage-classification-data
笋皮,厨余垃圾,,[],https://cdn.jsdelivr.net/npm/garbage-classification-data/garbage.json,garbage-classification-data
竹笋,厨余垃圾,,[],https://cdn.jsdelivr.net/npm/garbage-classification-data/garbage.json,garbage-classification-data
梭子蟹,厨余垃圾,,[],https://cdn.jsdelivr.net/npm/garbage-classification-data/garbage.json,garbage-classification-data
压缩瓶,可回收物,,[],https://cdn.jsdelivr.net/npm/garbage-classification-data/garbage.json,garbage-classification-data
锁,可回收物,,[],https://cdn.jsdelivr.net/npm/garbage-classification-data/garbage.json,garbage-classification-data
锁头,可回收物,,[],https://cdn.jsdelivr.net/npm/garbage-classification-data/garbage.json,garbage-classification-data
厕所手纸,其他垃圾,,[],https://cdn.jsdelivr.net/npm/garbage-classification-data/garbage.json,garbage-classification-data
蛋挞,厨余垃圾,,[],https://cdn.jsdelivr.net/npm/garbage-classification-data/garbage.json,garbage-classification-data
蛋挞壳,其他垃圾,,[],https://cdn.jsdelivr.net/npm/garbage-classification-data/garbage.json,garbage-classification-data
蛋挞皮,厨余垃圾,,[],https://cdn.jsdelivr.net/npm/garbage-classification-data/garbage.json,garbage-classification-data
废踏垫,其他垃圾,,[],https://cdn.jsdelivr.net/npm/garbage-classification-data/garbage.json,garbage-classification-data
脚踏板,其他垃圾,,[],https://cdn.jsdelivr.net/npm/garbage-classification-data/garbage.json,garbage-classification-data
海苔,厨余垃圾,,[],https://cdn.jsdelivr.net/npm/garbage-classification-data/garbage.json,garbage-classification-data
海苔袋子,其他垃圾,,[],https://cdn.jsdelivr.net/npm/garbage-classification-data/garbage.json,garbage-classification-data
台灯,可回收物,,[],https://cdn.jsdelivr.net/npm/garbage-classification-data/garbage.json,garbage-classification-data
印台,其他垃圾,,[],https://cdn.jsdelivr.net/npm/garbage-classification-data/garbage.json,garbage-classification-data
太阳帽,可回收物,,[],https://cdn.jsdelivr.net/npm/garbage-classification-data/garbage.json,garbage-classification-data
太阳能热水管,可回收物,,[],https://cdn.jsdelivr.net/npm/garbage-classification-data/garbage.json,garbage-classification-data
太阳能热水器,可回收物,,[],https://cdn.jsdelivr.net/npm/garbage-classification-data/garbage.json,garbage-classification-data
痰盂罐,可回收物,,[],https://cdn.jsdelivr.net/npm/garbage-classification-data/garbage.json,garbage-classification-data
毛毯,可回收物,,[],https://cdn.jsdelivr.net/npm/garbage-classification-data/garbage.json,garbage-classification-data
碳灰,其他垃圾,,[],https://cdn.jsdelivr.net/npm/garbage-classification-data/garbage.json,garbage-classification-data
碳粉匣,可回收物,,[],https://cdn.jsdelivr.net/npm/garbage-classification-data/garbage.json,garbage-classification-data
碳纤维,其他垃圾,,[],https://cdn.jsdelivr.net/npm/garbage-classification-data/garbage.json,garbage-classification-data
木炭,其他垃圾,,[],https://cdn.jsdelivr.net/npm/garbage-classification-data/garbage.json,garbage-classification-data
炭包,其他垃圾,,[],https://cdn.jsdelivr.net/npm/garbage-classification-data/garbage.json,garbage-classification-data
汤骨,其他垃圾,,[],https://cdn.jsdelivr.net/npm/garbage-classification-data/garbage.json,garbage-classification-data
鱼汤,厨余垃圾,,[],https://cdn.jsdelivr.net/npm/garbage-classification-data/garbage.json,garbage-classification-data
火锅汤底,厨余垃圾,,[],https://cdn.jsdelivr.net/npm/garbage-classification-data/garbage.json,garbage-classification-data
搪瓷,可回收物,,[],https://cdn.jsdelivr.net/npm/garbage-classification-data/garbage.json,garbage-classification-data
搪瓷杯,其他垃圾,,[],https://cdn.jsdelivr.net/npm/garbage-classification-data/garbage.json,garbage-classification-data
搪瓷碗,可回收物,,[],https://cdn.jsdelivr.net/npm/garbage-classification-data/garbage.json,garbage-classification-data
糖,厨余垃圾,,[],https://cdn.jsdelivr.net/npm/garbage-classification-data/garbage.json,garbage-classification-data
红糖,厨余垃圾,,[],https://cdn.jsdelivr.net/npm/garbage-classification-data/garbage.json,garbage-classification-data
麻辣烫,厨余垃圾,,[],https://cdn.jsdelivr.net/npm/garbage-classification-data/garbage.json,garbage-classification-data
黄桃,厨余垃圾,,[],https://cdn.jsdelivr.net/npm/garbage-classification-data/garbage.json,garbage-classification-data
桃板,厨余垃圾,,[],https://cdn.jsdelivr.net/npm/garbage-classification-data/garbage.json,garbage-classification-data
淘宝纸盒,可回收物,,[],https://cdn.jsdelivr.net/npm/garbage-classification-data/garbage.json,garbage-classification-data
碎陶,其他垃圾,,[],https://cdn.jsdelivr.net/npm/garbage-classification-data/garbage.json,garbage-classification-data
陶瓷,其他垃圾,,[],https://cdn.jsdelivr.net/npm/garbage-classification-data/garbage.json,garbage-classification-data
笔套,其他垃圾,,[],https://cdn.jsdelivr.net/npm/garbage-classification-data/garbage.json,garbage-classification-data
耳套,可回收物,,[],https://cdn.jsdelivr.net/npm/garbage-classification-data/garbage.json,garbage-classification-data
藤席,其他垃圾,,[],https://cdn.jsdelivr.net/npm/garbage-classification-data/garbage.json,garbage-classification-data
旧手提包,可回收物,,[],https://cdn.jsdelivr.net/npm/garbage-classification-data/garbage.json,garbage-classification-data
手提电脑,可回收物,,[],https://cdn.jsdelivr.net/npm/garbage-classification-data/garbage.json,garbage-classification-data
蹄髈,厨余垃圾,,[],https://cdn.jsdelivr.net/npm/garbage-classification-data/garbage.json,garbage-classification-data
猪蹄,厨余垃圾,,[],https://cdn.jsdelivr.net/npm/garbage-classification-data/garbage.json,garbage-classification-data
擦鼻涕纸,其他垃圾,,[],https://cdn.jsdelivr.net/npm/garbage-classification-data/garbage.json,garbage-classification-data
剃须刀,可回收物,,[],https://cdn.jsdelivr.net/npm/garbage-classification-data/garbage.json,garbage-classification-data
剃须刀片,可回收物,,[],https://cdn.jsdelivr.net/npm/garbage-classification-data/garbage.json,garbage-classification-data
剃须泡瓶,可回收物,,[],https://cdn.jsdelivr.net/npm/garbage-classification-data/garbage.json,garbage-classification-data
泡沫填充,其他垃圾,,[],https://cdn.jsdelivr.net/npm/garbage-classification-data/garbage.json,garbage-classification-data
田螺,厨余垃圾,,[],https://cdn.jsdelivr.net/npm/garbage-classification-data/garbage.json,garbage-classification-data
甜瓜,厨余垃圾,,[],https://cdn.jsdelivr.net/npm/garbage-classification-data/garbage.json,garbage-classification-data
布条,可回收物,,[],https://cdn.jsdelivr.net/npm/garbage-classification-data/garbage.json,garbage-classification-data
面条,厨余垃圾,,[],https://cdn.jsdelivr.net/npm/garbage-classification-data/garbage.json,garbage-classification-data
跳蛋,其他垃圾,,[],https://cdn.jsdelivr.net/npm/garbage-classification-data/garbage.json,garbage-classification-data
跳跳糖包装袋,其他垃圾,,[],https://cdn.jsdelivr.net/npm/garbage-classification-data/garbage.json,garbage-classification-data
贴纸,其他垃圾,,[],https://cdn.jsdelivr.net/npm/garbage-classification-data/garbage.json,garbage-classification-data
铁,可回收物,,[],https://cdn.jsdelivr.net/npm/garbage-classification-data/garbage.json,garbage-classification-data
暖宝宝帖,其他垃圾,,[],https://cdn.jsdelivr.net/npm/garbage-classification-data/garbage.json,garbage-classification-data
餐厅纸,其他垃圾,,[],https://cdn.jsdelivr.net/npm/garbage-classification-data/garbage.json,garbage-classification-data
家庭花卉,厨余垃圾,,[],https://cdn.jsdelivr.net/npm/garbage-classification-data/garbage.json,garbage-classification-data
家庭绿化,厨余垃圾,,[],https://cdn.jsdelivr.net/npm/garbage-classification-data/garbage.json,garbage-classification-data
家庭盆栽树叶,厨余垃圾,,[],https://cdn.jsdelivr.net/npm/garbage-classification-data/garbage.json,garbage-classification-data
铜皮,可回收物,,[],https://cdn.jsdelivr.net/npm/garbage-classification-data/garbage.json,garbage-classification-data
废铜烂铁,可回收物,,[],https://cdn.jsdelivr.net/npm/garbage-classification-data/garbage.json,garbage-classification-data
儿童尿不湿,其他垃圾,,[],https://cdn.jsdelivr.net/npm/garbage-classification-data/garbage.json,garbage-classification-data
儿童电动玩具,可回收物,,[],https://cdn.jsdelivr.net/npm/garbage-classification-data/garbage.json,garbage-classification-data
木桶,可回收物,,[],https://cdn.jsdelivr.net/npm/garbage-classification-data/garbage.json,garbage-classification-data
筒骨,其他垃圾,,[],https://cdn.jsdelivr.net/npm/garbage-classification-data/garbage.json,garbage-classification-data
针筒,有害垃圾,,[],https://cdn.jsdelivr.net/npm/garbage-classification-data/garbage.json,garbage-classification-data
骨头,其他垃圾,,[],https://cdn.jsdelivr.net/npm/garbage-classification-data/garbage.json,garbage-classification-data
透明胶,其他垃圾,,[],https://cdn.jsdelivr.net/npm/garbage-classification-data/garbage.json,garbage-classification-data
透明胶带,其他垃圾,,[],https://cdn.jsdelivr.net/npm/garbage-classification-data/garbage.json,garbage-classification-data
一次性透明盒子,其他垃圾,,[],https://cdn.jsdelivr.net/npm/garbage-classification-data/garbage.json,garbage-classification-data
地图,可回收物,,[],https://cdn.jsdelivr.net/npm/garbage-classification-data/garbage.json,garbage-classification-data
图画,其他垃圾,,[],https://cdn.jsdelivr.net/npm/garbage-classification-data/garbage.json,garbage-classification-data
涂料,有害垃圾,,[],https://cdn.jsdelivr.net/npm/garbage-classification-data/garbage.json,garbage-classification-data
涂料桶,有害垃圾,,[],https://cdn.jsdelivr.net/npm/garbage-classification-data/garbage.json,garbage-classification-data
屠龙刀,可回收物,,[],https://cdn.jsdelivr.net/npm/garbage-classification-data/garbage.json,garbage-classification-data
土豆,厨余垃圾,,[],https://cdn.jsdelivr.net/npm/garbage-classification-data/garbage.json,garbage-classification-data
兔肉,厨余垃圾,,[],https://cdn.jsdelivr.net/npm/garbage-classification-data/garbage.json,garbage-classification-data
兔头,厨余垃圾,,[],https://cdn.jsdelivr.net/npm/garbage-classification-data/garbage.json,garbage-classification-data
饭团,厨余垃圾,,[],https://cdn.jsdelivr.net/npm/garbage-classification-data/garbage.json,garbage-classification-data
线团,其他垃圾,,[],https://cdn.jsdelivr.net/npm/garbage-classification-data/garbage.json,garbage-classification-data
纸团,其他垃圾,,[],https://cdn.jsdelivr.net/npm/garbage-classification-data/garbage.json,garbage-classification-data
火腿,厨余垃圾,,[],https://cdn.jsdelivr.net/npm/garbage-classification-data/garbage.json,garbage-classification-data
鸡腿,厨余垃圾,,[],https://cdn.jsdelivr.net/npm/garbage-classification-data/garbage.json,garbage-classification-data
腿骨,其他垃圾,,[],https://cdn.jsdelivr.net/npm/garbage-classification-data/garbage.json,garbage-classification-data
拖鞋,其他垃圾,,[],https://cdn.jsdelivr.net/npm/garbage-classification-data/garbage.json,garbage-classification-data
蛋挞托,其他垃圾,,[],https://cdn.jsdelivr.net/npm/garbage-classification-data/garbage.json,garbage-classification-data
食物托盘,可回收物,,[],https://cdn.jsdelivr.net/npm/garbage-classification-data/garbage.json,garbage-classification-data
塑料托盘,可回收物,,[],https://cdn.jsdelivr.net/npm/garbage-classification-data/garbage.json,garbage-classification-data
脱水机,可回收物,,[],https://cdn.jsdelivr.net/npm/garbage-classification-data/garbage.json,garbage-classification-data
脱氧剂,其他垃圾,,[],https://cdn.jsdelivr.net/npm/garbage-classification-data/garbage.json,garbage-classification-data
食品用脱氧剂,其他垃圾,,[],https://cdn.jsdelivr.net/npm/garbage-classification-data/garbage.json,garbage-classification-data
牛蛙,厨余垃圾,,[],https://cdn.jsdelivr.net/npm/garbage-classification-data/garbage.json,garbage-classification-data
牛蛙骨头,厨余垃圾,,[],https://cdn.jsdelivr.net/npm/garbage-classification-data/garbage.json,garbage-classification-data
布娃娃,可回收物,,[],https://cdn.jsdelivr.net/npm/garbage-classification-data/garbage.json,garbage-classification-data
棉袜,可回收物,,[],https://cdn.jsdelivr.net/npm/garbage-classification-data/garbage.json,garbage-classification-data
丝袜,其他垃圾,,[],https://cdn.jsdelivr.net/npm/garbage-classification-data/garbage.json,garbage-classification-data
外套,可回收物,,[],https://cdn.jsdelivr.net/npm/garbage-classification-data/garbage.json,garbage-classification-data
水笔外壳,其他垃圾,,[],https://cdn.jsdelivr.net/npm/garbage-classification-data/garbage.json,garbage-classification-data
豌豆壳,厨余垃圾,,[],https://cdn.jsdelivr.net/npm/garbage-classification-data/garbage.json,garbage-classification-data
豌豆殼,厨余垃圾,,[],https://cdn.jsdelivr.net/npm/garbage-classification-data/garbage.json,garbage-classification-data
玩具,可回收物,,[],https://cdn.jsdelivr.net/npm/garbage-classification-data/garbage.json,garbage-classification-data
药丸,有害垃圾,,[],https://cdn.jsdelivr.net/npm/garbage-classification-data/garbage.json,garbage-classification-data
蟑螂丸,有害垃圾,,[],https://cdn.jsdelivr.net/npm/garbage-classification-data/garbage.json,garbage-classification-data
擦完嘴的纸,其他垃圾,,[],https://cdn.jsdelivr.net/npm/garbage-classification-data/garbage.json,garbage-classification-data
碗,其他垃圾,,[],https://cdn.jsdelivr.net/npm/garbage-classification-data/garbage.json,garbage-classification-data
茶碗,其他垃圾,,[],https://cdn.jsdelivr.net/npm/garbage-classification-data/garbage.json,garbage-classification-data
万能胶水,其他垃圾,,[],https://cdn.jsdelivr.net/npm/garbage-classification-data/garbage.json,garbage-classification-data
网线,可回收物,,[],https://cdn.jsdelivr.net/npm/garbage-classification-data/garbage.json,garbage-classification-data
鱼网,其他垃圾,,[],https://cdn.jsdelivr.net/npm/garbage-classification-data/garbage.json,garbage-classification-data
望远镜,可回收物,,[],https://cdn.jsdelivr.net/npm/garbage-classification-data/garbage.json,garbage-classification-data
夏威夷果,其他垃圾,,[],https://cdn.jsdelivr.net/npm/garbage-classification-data/garbage.json,garbage-classification-data
夏威夷果壳,其他垃圾,,[],https://cdn.jsdelivr.net/npm/garbage-classification-data/garbage.json,garbage-classification-data
夏威夷果的壳,其他垃圾,,[],https://cdn.jsdelivr.net/npm/garbage-classification-data/garbage.json,garbage-classification-data
围巾,可回收物,,[],https://cdn.jsdelivr.net/npm/garbage-classification-data/garbage.json,garbage-classification-data
华为P20,可回收物,,[],https://cdn.jsdelivr.net/npm/garbage-classification-data/garbage.json,garbage-classification-data
维生素,有害垃圾,,[],https://cdn.jsdelivr.net/npm/garbage-classification-data/garbage.json,garbage-classification-data
人造纤维,其他垃圾,,[],https://cdn.jsdelivr.net/npm/garbage-classification-data/garbage.json,garbage-classification-data
芦苇叶,其他垃圾,,[],https://cdn.jsdelivr.net/npm/garbage-classification-data/garbage.json,garbage-classification-data
枯萎的花,厨余垃圾,,[],https://cdn.jsdelivr.net/npm/garbage-classification-data/garbage.json,garbage-classification-data
枯萎的鲜花,厨余垃圾,,[],https://cdn.jsdelivr.net/npm/garbage-classification-data/garbage.json,garbage-classification-data
牛尾,厨余垃圾,,[],https://cdn.jsdelivr.net/npm/garbage-classification-data/garbage.json,garbage-classification-data
燕尾夹,可回收物,,[],https://cdn.jsdelivr.net/npm/garbage-classification-data/garbage.json,garbage-classification-data
长尾夹,可回收物,,[],https://cdn.jsdelivr.net/npm/garbage-classification-data/garbage.json,garbage-classification-data
未使用的餐巾纸,其他垃圾,,[],https://cdn.jsdelivr.net/npm/garbage-classification-data/garbage.json,garbage-classification-data
调味袋,其他垃圾,,[],https://cdn.jsdelivr.net/npm/garbage-classification-data/garbage.json,garbage-classification-data
调味料,厨余垃圾,,[],https://cdn.jsdelivr.net/npm/garbage-classification-data/garbage.json,garbage-classification-data
自慰棒,可回收物,,[],https://cdn.jsdelivr.net/npm/garbage-classification-data/garbage.json,garbage-classification-data
自慰器,可回收物,,[],https://cdn.jsdelivr.net/npm/garbage-classification-data/garbage.json,garbage-classification-data
卫衣,可回收物,,[],https://cdn.jsdelivr.net/npm/garbage-classification-data/garbage.json,garbage-classification-data
卫生巾,其他垃圾,,[],https://cdn.jsdelivr.net/npm/garbage-classification-data/garbage.json,garbage-classification-data
保温杯,可回收物,,[],https://cdn.jsdelivr.net/npm/garbage-classification-data/garbage.json,garbage-classification-data
保温棉,其他垃圾,,[],https://cdn.jsdelivr.net/npm/garbage-classification-data/garbage.json,garbage-classification-data
保温瓶,可回收物,,[],https://cdn.jsdelivr.net/npm/garbage-classification-data/garbage.json,garbage-classification-data
蚊香,其他垃圾,,[],https://cdn.jsdelivr.net/npm/garbage-classification-data/garbage.json,garbage-classification-data
蚊帐,可回收物,,[],https://cdn.jsdelivr.net/npm/garbage-classification-data/garbage.json,garbage-classification-data
蚊子,厨余垃圾,,[],https://cdn.jsdelivr.net/npm/garbage-classification-data/garbage.json,garbage-classification-data
文胸,其他垃圾,,[],https://cdn.jsdelivr.net/npm/garbage-classification-data/garbage.json,garbage-classification-data
文竹,厨余垃圾,,[],https://cdn.jsdelivr.net/npm/garbage-classification-data/garbage.json,garbage-classification-data
公文包,可回收物,,[],https://cdn.jsdelivr.net/npm/garbage-classification-data/garbage.json,garbage-classification-data
蜗牛壳,其他垃圾,,[],https://cdn.jsdelivr.net/npm/garbage-classification-data/garbage.json,garbage-classification-data
燕窝,厨余垃圾,,[],https://cdn.jsdelivr.net/npm/garbage-classification-data/garbage.json,garbage-classification-data
钨丝,可回收物,,[],https://cdn.jsdelivr.net/npm/garbage-classification-data/garbage.json,garbage-classification-data
钨丝灯泡,有害垃圾,,[],https://cdn.jsdelivr.net/npm/garbage-classification-data/garbage.json,garbage-classification-data
污水袋,其他垃圾,,[],https://cdn.jsdelivr.net/npm/garbage-classification-data/garbage.json,garbage-classification-data
油污布,其他垃圾,,[],https://cdn.jsdelivr.net/npm/garbage-classification-data/garbage.json,garbage-classification-data
无纺布,可回收物,,[],https://cdn.jsdelivr.net/npm/garbage-classification-data/garbage.json,garbage-classification-data
无纺布袋,可回收物,,[],https://cdn.jsdelivr.net/npm/garbage-classification-data/garbage.json,garbage-classification-data
午饭,厨余垃圾,,[],https://cdn.jsdelivr.net/npm/garbage-classification-data/garbage.json,garbage-classification-data
午餐肉,厨余垃圾,,[],https://cdn.jsdelivr.net/npm/garbage-classification-data/garbage.json,garbage-classification-data
午餐肉罐,可回收物,,[],https://cdn.jsdelivr.net/npm/garbage-classification-data/garbage.json,garbage-classification-data
西瓜,厨余垃圾,,[],https://cdn.jsdelivr.net/npm/garbage-classification-data/garbage.json,garbage-classification-data
西药,有害垃圾,,[],https://cdn.jsdelivr.net/npm/garbage-classification-data/garbage.json,garbage-classification-data
西柚,厨余垃圾,,[],https://cdn.jsdelivr.net/npm/garbage-classification-data/garbage.json,garbage-classification-data
吸尘器,可回收物,,[],https://cdn.jsdelivr.net/npm/garbage-classification-data/garbage.json,garbage-classification-data
稀饭,厨余垃圾,,[],https://cdn.jsdelivr.net/npm/garbage-classification-data/garbage.json,garbage-classification-data
草席,其他垃圾,,[],https://cdn.jsdelivr.net/npm/garbage-classification-data/garbage.json,garbage-classification-data
洗发精,其他垃圾,,[],https://cdn.jsdelivr.net/npm/garbage-classification-data/garbage.json,garbage-classification-data
洗发水,其他垃圾,,[],https://cdn.jsdelivr.net/npm/garbage-classification-data/garbage.json,garbage-classification-data
游戏机,可回收物,,[],https://cdn.jsdelivr.net/npm/garbage-classification-data/garbage.json,garbage-classification-data
虾,厨余垃圾,,[],https://cdn.jsdelivr.net/npm/garbage-classification-data/garbage.json,garbage-classification-data
虾壳,厨余垃圾,,[],https://cdn.jsdelivr.net/npm/garbage-classification-data/garbage.json,garbage-classification-data
吃剩下的葡萄杆,厨余垃圾,,[],https://cdn.jsdelivr.net/npm/garbage-classification-data/garbage.json,garbage-classification-data
仙人掌,厨余垃圾,,[],https://cdn.jsdelivr.net/npm/garbage-classification-data/garbage.json,garbage-classification-data
海鲜,厨余垃圾,,[],https://cdn.jsdelivr.net/npm/garbage-classification-data/garbage.json,garbage-classification-data
鲜花,厨余垃圾,,[],https://cdn.jsdelivr.net/npm/garbage-classification-data/garbage.json,garbage-classification-data
保鲜袋,其他垃圾,,[],https://cdn.jsdelivr.net/npm/garbage-classification-data/garbage.json,garbage-classification-data
化纤衣物,可回收物,,[],https://cdn.jsdelivr.net/npm/garbage-classification-data/garbage.json,garbage-classification-data
咸菜,厨余垃圾,,[],https://cdn.jsdelivr.net/npm/garbage-classification-data/garbage.json,garbage-classification-data
咸鱼,厨余垃圾,,[],https://cdn.jsdelivr.net/npm/garbage-classification-data/garbage.json,garbage-classification-data
咸鸭蛋壳,厨余垃圾,,[],https://cdn.jsdelivr.net/npm/garbage-classification-data/garbage.json,garbage-classification-data
显卡,可回收物,,[],https://cdn.jsdelivr.net/npm/garbage-classification-data/garbage.json,garbage-classification-data
保险套,其他垃圾,,[],https://cdn.jsdelivr.net/npm/garbage-classification-data/garbage.json,garbage-classification-data
保险箱,可回收物,,[],https://cdn.jsdelivr.net/npm/garbage-classification-data/garbage.json,garbage-classification-data
线,其他垃圾,,[],https://cdn.jsdelivr.net/npm/garbage-classification-data/garbage.json,garbage-classification-data
电线,可回收物,,[],https://cdn.jsdelivr.net/npm/garbage-classification-data/garbage.json,garbage-classification-data
相机,可回收物,,[],https://cdn.jsdelivr.net/npm/garbage-classification-data/garbage.json,garbage-classification-data
茴香,厨余垃圾,,[],https://cdn.jsdelivr.net/npm/garbage-classification-data/garbage.json,garbage-classification-data
冰箱,可回收物,,[],https://cdn.jsdelivr.net/npm/garbage-classification-data/garbage.json,garbage-classification-data
机箱,可回收物,,[],https://cdn.jsdelivr.net/npm/garbage-classification-data/garbage.json,garbage-classification-data
墨襄,其他垃圾,,[],https://cdn.jsdelivr.net/npm/garbage-classification-data/garbage.json,garbage-classification-data
音响,可回收物,,[],https://cdn.jsdelivr.net/npm/garbage-classification-data/garbage.json,garbage-classification-data
电脑小音响,可回收物,,[],https://cdn.jsdelivr.net/npm/garbage-classification-data/garbage.json,garbage-classification-data
橡胶,其他垃圾,,[],https://cdn.jsdelivr.net/npm/garbage-classification-data/garbage.json,garbage-classification-data
橡皮,其他垃圾,,[],https://cdn.jsdelivr.net/npm/garbage-classification-data/garbage.json,garbage-classification-data
废橡胶,其他垃圾,,[],https://cdn.jsdelivr.net/npm/garbage-classification-data/garbage.json,garbage-classification-data
象牙,其他垃圾,,[],https://cdn.jsdelivr.net/npm/garbage-classification-data/garbage.json,garbage-classification-data
小刀,可回收物,,[],https://cdn.jsdelivr.net/npm/garbage-classification-data/garbage.json,garbage-classification-data
小骨,厨余垃圾,,[],https://cdn.jsdelivr.net/npm/garbage-classification-data/garbage.json,garbage-classification-data
羊蝎子,其他垃圾,,[],https://cdn.jsdelivr.net/npm/garbage-classification-data/garbage.json,garbage-classification-data
羊蝎子骨头,其他垃圾,,[],https://cdn.jsdelivr.net/npm/garbage-classification-data/garbage.json,garbage-classification-data
鞋,可回收物,,[],https://cdn.jsdelivr.net/npm/garbage-classification-data/garbage.json,garbage-classification-data
布鞋,可回收物,,[],https://cdn.jsdelivr.net/npm/garbage-classification-data/garbage.json,garbage-classification-data
写字纸,可回收物,,[],https://cdn.jsdelivr.net/npm/garbage-classification-data/garbage.json,garbage-classification-data
机械表,可回收物,,[],https://cdn.jsdelivr.net/npm/garbage-classification-data/garbage.json,garbage-classification-data
卸妆巾,其他垃圾,,[],https://cdn.jsdelivr.net/npm/garbage-classification-data/garbage.json,garbage-classification-data
卸妆棉,其他垃圾,,[],https://cdn.jsdelivr.net/npm/garbage-classification-data/garbage.json,garbage-classification-data
卸妆油,其他垃圾,,[],https://cdn.jsdelivr.net/npm/garbage-classification-data/garbage.json,garbage-classification-data
蟹,厨余垃圾,,[],https://cdn.jsdelivr.net/npm/garbage-classification-data/garbage.json,garbage-classification-data
螃蟹,厨余垃圾,,[],https://cdn.jsdelivr.net/npm/garbage-classification-data/garbage.json,garbage-classification-data
青蟹,厨余垃圾,,[],https://cdn.jsdelivr.net/npm/garbage-classification-data/garbage.json,garbage-classification-data
笔屑,其他垃圾,,[],https://cdn.jsdelivr.net/npm/garbage-classification-data/garbage.json,garbage-classification-data
木屑,其他垃圾,,[],https://cdn.jsdelivr.net/npm/garbage-classification-data/garbage.json,garbage-classification-data
皮屑,其他垃圾,,[],https://cdn.jsdelivr.net/npm/garbage-classification-data/garbage.json,garbage-classification-data
笔芯,其他垃圾,,[],https://cdn.jsdelivr.net/npm/garbage-classification-data/garbage.json,garbage-classification-data
玉米心,厨余垃圾,,[],https://cdn.jsdelivr.net/npm/garbage-classification-data/garbage.json,garbage-classification-data
信封带,可回收物,,[],https://cdn.jsdelivr.net/npm/garbage-classification-data/garbage.json,garbage-classification-data
星巴克纸杯,其他垃圾,,[],https://cdn.jsdelivr.net/npm/garbage-classification-data/garbage.json,garbage-classification-data
U型回形针,其他垃圾,,[],https://cdn.jsdelivr.net/npm/garbage-classification-data/garbage.json,garbage-classification-data
隐形眼镜,其他垃圾,,[],https://cdn.jsdelivr.net/npm/garbage-classification-data/garbage.json,garbage-classification-data
银行卡,可回收物,,[],https://cdn.jsdelivr.net/npm/garbage-classification-data/garbage.json,garbage-classification-data
杏仁壳,厨余垃圾,,[],https://cdn.jsdelivr.net/npm/garbage-classification-data/garbage.json,garbage-classification-data
水性笔,其他垃圾,,[],https://cdn.jsdelivr.net/npm/garbage-classification-data/garbage.json,garbage-classification-data
水性漆,有害垃圾,,[],https://cdn.jsdelivr.net/npm/garbage-classification-data/garbage.json,garbage-classification-data
鸡胸,厨余垃圾,,[],https://cdn.jsdelivr.net/npm/garbage-classification-data/garbage.json,garbage-classification-data
胸罩,其他垃圾,,[],https://cdn.jsdelivr.net/npm/garbage-classification-data/garbage.json,garbage-classification-data
修正带,其他垃圾,,[],https://cdn.jsdelivr.net/npm/garbage-classification-data/garbage.json,garbage-classification-data
小修正带,其他垃圾,,[],https://cdn.jsdelivr.net/npm/garbage-classification-data/garbage.json,garbage-classification-data
不锈钢刀,可回收物,,[],https://cdn.jsdelivr.net/npm/garbage-classification-data/garbage.json,garbage-classification-data
不锈钢杯子,可回收物,,[],https://cdn.jsdelivr.net/npm/garbage-classification-data/garbage.json,garbage-classification-data
绣花针,其他垃圾,,[],https://cdn.jsdelivr.net/npm/garbage-classification-data/garbage.json,garbage-classification-data
胡须刀,可回收物,,[],https://cdn.jsdelivr.net/npm/garbage-classification-data/garbage.json,garbage-classification-data
旧棉絮,可回收物,,[],https://cdn.jsdelivr.net/npm/garbage-classification-data/garbage.json,garbage-classification-data
宣纸,其他垃圾,,[],https://cdn.jsdelivr.net/npm/garbage-classification-data/garbage.json,garbage-classification-data
宣传单,可回收物,,[],https://cdn.jsdelivr.net/npm/garbage-classification-data/garbage.json,garbage-classification-data
皮靴,可回收物,,[],https://cdn.jsdelivr.net/npm/garbage-classification-data/garbage.json,garbage-classification-data
雨靴,可回收物,,[],https://cdn.jsdelivr.net/npm/garbage-classification-data/garbage.json,garbage-classification-data
化学试剂包装玻璃瓶,有害垃圾,,[],https://cdn.jsdelivr.net/npm/garbage-classification-data/garbage.json,garbage-classification-data
雪糕棒,其他垃圾,,[],https://cdn.jsdelivr.net/npm/garbage-classification-data/garbage.json,garbage-classification-data
雪糕纸,其他垃圾,,[],https://cdn.jsdelivr.net/npm/garbage-classification-data/garbage.json,garbage-classification-data
鸭血,厨余垃圾,,[],https://cdn.jsdelivr.net/npm/garbage-classification-data/garbage.json,garbage-classification-data
血压计,可回收物,,[],https://cdn.jsdelivr.net/npm/garbage-classification-data/garbage.json,garbage-classification-data
压力罐,可回收物,,[],https://cdn.jsdelivr.net/npm/garbage-classification-data/garbage.json,garbage-classification-data
压力锅,可回收物,,[],https://cdn.jsdelivr.net/npm/garbage-classification-data/garbage.json,garbage-classification-data
鸭,厨余垃圾,,[],https://cdn.jsdelivr.net/npm/garbage-classification-data/garbage.json,garbage-classification-data
鸭骨,厨余垃圾,,[],https://cdn.jsdelivr.net/npm/garbage-classification-data/garbage.json,garbage-classification-data
绿豆芽,厨余垃圾,,[],https://cdn.jsdelivr.net/npm/garbage-classification-data/garbage.json,garbage-classification-data
牙,其他垃圾,,[],https://cdn.jsdelivr.net/npm/garbage-classification-data/garbage.json,garbage-classification-data
雅漾喷雾,其他垃圾,,[],https://cdn.jsdelivr.net/npm/garbage-classification-data/garbage.json,garbage-classification-data
亚克力,可回收物,,[],https://cdn.jsdelivr.net/npm/garbage-classification-data/garbage.json,garbage-classification-data
亚克力板,可回收物,,[],https://cdn.jsdelivr.net/npm/garbage-classification-data/garbage.json,garbage-classification-data
亚克力胶水,其他垃圾,,[],https://cdn.jsdelivr.net/npm/garbage-classification-data/garbage.json,garbage-classification-data
香烟,其他垃圾,,[],https://cdn.jsdelivr.net/npm/garbage-classification-data/garbage.json,garbage-classification-data
盐,厨余垃圾,,[],https://cdn.jsdelivr.net/npm/garbage-classification-data/garbage.json,garbage-classification-data
污染严重的纸,其他垃圾,,[],https://cdn.jsdelivr.net/npm/garbage-classification-data/garbage.json,garbage-classification-data
污染严重的纸盒,其他垃圾,,[],https://cdn.jsdelivr.net/npm/garbage-classification-data/garbage.json,garbage-classification-data
污染严重的纸张,其他垃圾,,[],https://cdn.jsdelivr.net/npm/garbage-classification-data/garbage.json,garbage-classification-data
颜料,其他垃圾,,[],https://cdn.jsdelivr.net/npm/garbage-classification-data/garbage.json,garbage-classification-data
颜料板,其他垃圾,,[],https://cdn.jsdelivr.net/npm/garbage-classification-data/garbage.json,garbage-classification-data
颜料笔,其他垃圾,,[],https://cdn.jsdelivr.net/npm/garbage-classification-data/garbage.json,garbage-classification-data
过期的燕麦片,厨余垃圾,,[],https://cdn.jsdelivr.net/npm/garbage-classification-data/garbage.json,garbage-classification-data
验孕棒,其他垃圾,,[],https://cdn.jsdelivr.net/npm/garbage-classification-data/garbage.json,garbage-classification-data
羊骨,其他垃圾,,[],https://cdn.jsdelivr.net/npm/garbage-classification-data/garbage.json,garbage-classification-data
羊毛,可回收物,,[],https://cdn.jsdelivr.net/npm/garbage-classification-data/garbage.json,garbage-classification-data
洋装,可回收物,,[],https://cdn.jsdelivr.net/npm/garbage-classification-data/garbage.json,garbage-classification-data
海洋球,可回收物,,[],https://cdn.jsdelivr.net/npm/garbage-classification-data/garbage.json,garbage-classification-data
遮阳帽,可回收物,,[],https://cdn.jsdelivr.net/npm/garbage-classification-data/garbage.json,garbage-classification-data
除氧剂,其他垃圾,,[],https://cdn.jsdelivr.net/npm/garbage-classification-data/garbage.json,garbage-classification-data
环氧树脂,其他垃圾,,[],https://cdn.jsdelivr.net/npm/garbage-classification-data/garbage.json,garbage-classification-data
养生壶,可回收物,,[],https://cdn.jsdelivr.net/npm/garbage-classification-data/garbage.json,garbage-classification-data
家养绿植,厨余垃圾,,[],https://cdn.jsdelivr.net/npm/garbage-classification-data/garbage.json,garbage-classification-data
腰带,可回收物,,[],https://cdn.jsdelivr.net/npm/garbage-classification-data/garbage.json,garbage-classification-data
腰果,厨余垃圾,,[],https://cdn.jsdelivr.net/npm/garbage-classification-data/garbage.json,garbage-classification-data
高裤腰带,其他垃圾,,[],https://cdn.jsdelivr.net/npm/garbage-classification-data/garbage.json,garbage-classification-data
咬过的口香糖,其他垃圾,,[],https://cdn.jsdelivr.net/npm/garbage-classification-data/garbage.json,garbage-classification-data
草药,厨余垃圾,,[],https://cdn.jsdelivr.net/npm/garbage-classification-data/garbage.json,garbage-classification-data
废药,有害垃圾,,[],https://cdn.jsdelivr.net/npm/garbage-classification-data/garbage.json,garbage-classification-data
青椰,其他垃圾,,[],https://cdn.jsdelivr.net/npm/garbage-classification-data/garbage.json,garbage-classification-data
椰壳,其他垃圾,,[],https://cdn.jsdelivr.net/npm/garbage-classification-data/garbage.json,garbage-classification-data
椰子,其他垃圾,,[],https://cdn.jsdelivr.net/npm/garbage-classification-data/garbage.json,garbage-classification-data
宣传页,可回收物,,[],https://cdn.jsdelivr.net/npm/garbage-classification-data/garbage.json,garbage-classification-data
广告单页,可回收物,,[],https://cdn.jsdelivr.net/npm/garbage-classification-data/garbage.json,garbage-classification-data
作业本,可回收物,,[],https://cdn.jsdelivr.net/npm/garbage-classification-data/garbage.json,garbage-classification-data
叶,厨余垃圾,,[],https://cdn.jsdelivr.net/npm/garbage-classification-data/garbage.json,garbage-classification-data
菜叶,厨余垃圾,,[],https://cdn.jsdelivr.net/npm/garbage-classification-data/garbage.json,garbage-classification-data
隔夜饭,厨余垃圾,,[],https://cdn.jsdelivr.net/npm/garbage-classification-data/garbage.json,garbage-classification-data
乳液罐,可回收物,,[],https://cdn.jsdelivr.net/npm/garbage-classification-data/garbage.json,garbage-classification-data
乳液瓶,可回收物,,[],https://cdn.jsdelivr.net/npm/garbage-classification-data/garbage.json,garbage-classification-data
医用冰袋,其他垃圾,,[],https://cdn.jsdelivr.net/npm/garbage-classification-data/garbage.json,garbage-classification-data
大衣,可回收物,,[],https://cdn.jsdelivr.net/npm/garbage-classification-data/garbage.json,garbage-classification-data
移动电源,可回收物,,[],https://cdn.jsdelivr.net/npm/garbage-classification-data/garbage.json,garbage-classification-data
移动硬盘,可回收物,,[],https://cdn.jsdelivr.net/npm/garbage-classification-data/garbage.json,garbage-classification-data
行车记录仪,可回收物,,[],https://cdn.jsdelivr.net/npm/garbage-classification-data/garbage.json,garbage-classification-data
易拉宝,可回收物,,[],https://cdn.jsdelivr.net/npm/garbage-classification-data/garbage.json,garbage-classification-data
易拉罐,可回收物,,[],https://cdn.jsdelivr.net/npm/garbage-classification-data/garbage.json,garbage-classification-data
音箱,可回收物,,[],https://cdn.jsdelivr.net/npm/garbage-classification-data/garbage.json,garbage-classification-data
旧音箱,可回收物,,[],https://cdn.jsdelivr.net/npm/garbage-classification-data/garbage.json,garbage-classification-data
水银,有害垃圾,,[],https://cdn.jsdelivr.net/npm/garbage-classification-data/garbage.json,garbage-classification-data
收银条,其他垃圾,,[],https://cdn.jsdelivr.net/npm/garbage-classification-data/garbage.json,garbage-classification-data
隐形眼镜片,其他垃圾,,[],https://cdn.jsdelivr.net/npm/garbage-classification-data/garbage.json,garbage-classification-data
过期隐形眼镜,其他垃圾,,[],https://cdn.jsdelivr.net/npm/garbage-classification-data/garbage.json,garbage-classification-data
印泥,其他垃圾,,[],https://cdn.jsdelivr.net/npm/garbage-classification-data/garbage.json,garbage-classification-data
打印机,可回收物,,[],https://cdn.jsdelivr.net/npm/garbage-classification-data/garbage.json,garbage-classification-data
英语书,可回收物,,[],https://cdn.jsdelivr.net/npm/garbage-classification-data/garbage.json,garbage-classification-data
樱花,厨余垃圾,,[],https://cdn.jsdelivr.net/npm/garbage-classification-data/garbage.json,garbage-classification-data
樱桃,厨余垃圾,,[],https://cdn.jsdelivr.net/npm/garbage-classification-data/garbage.json,garbage-classification-data
樱桃核,厨余垃圾,,[],https://cdn.jsdelivr.net/npm/garbage-classification-data/garbage.json,garbage-classification-data
婴儿尿不湿,其他垃圾,,[],https://cdn.jsdelivr.net/npm/garbage-classification-data/garbage.json,garbage-classification-data
婴儿纸尿裤,其他垃圾,,[],https://cdn.jsdelivr.net/npm/garbage-classification-data/garbage.json,garbage-classification-data
萤石,其他垃圾,,[],https://cdn.jsdelivr.net/npm/garbage-classification-data/garbage.json,garbage-classification-data
荧光棒,其他垃圾,,[],https://cdn.jsdelivr.net/npm/garbage-classification-data/garbage.json,garbage-classification-data
荧光笔,其他垃圾,,[],https://cdn.jsdelivr.net/npm/garbage-classification-data/garbage.json,garbage-classification-data
眼影,其他垃圾,,[],https://cdn.jsdelivr.net/npm/garbage-classification-data/garbage.json,garbage-classification-data
电影票,其他垃圾,,[],https://cdn.jsdelivr.net/npm/garbage-classification-data/garbage.json,garbage-classification-data
影印纸,可回收物,,[],https://cdn.jsdelivr.net/npm/garbage-classification-data/garbage.json,garbage-classification-data
硬盘,可回收物,,[],https://cdn.jsdelivr.net/npm/garbage-classification-data/garbage.json,garbage-classification-data
硬板纸,可回收物,,[],https://cdn.jsdelivr.net/npm/garbage-classification-data/garbage.json,garbage-classification-data
硬贝壳,其他垃圾,,[],https://cdn.jsdelivr.net/npm/garbage-classification-data/garbage.json,garbage-classification-data
游泳裤,可回收物,,[],https://cdn.jsdelivr.net/npm/garbage-classification-data/garbage.json,garbage-classification-data
信用卡,可回收物,,[],https://cdn.jsdelivr.net/npm/garbage-classification-data/garbage.json,garbage-classification-data
包装用纸,可回收物,,[],https://cdn.jsdelivr.net/npm/garbage-classification-data/garbage.json,garbage-classification-data
厕所用纸,其他垃圾,,[],https://cdn.jsdelivr.net/npm/garbage-classification-data/garbage.json,garbage-classification-data
优盘,可回收物,,[],https://cdn.jsdelivr.net/npm/garbage-classification-data/garbage.json,garbage-classification-data
无线路由器,可回收物,,[],https://cdn.jsdelivr.net/npm/garbage-classification-data/garbage.json,garbage-classification-data
黄油,厨余垃圾,,[],https://cdn.jsdelivr.net/npm/garbage-classification-data/garbage.json,garbage-classification-data
有机玻璃,可回收物,,[],https://cdn.jsdelivr.net/npm/garbage-classification-data/garbage.json,garbage-classification-data
婴幼儿尿布,其他垃圾,,[],https://cdn.jsdelivr.net/npm/garbage-classification-data/garbage.json,garbage-classification-data
旧衣服属于,可回收物,,[],https://cdn.jsdelivr.net/npm/garbage-classification-data/garbage.json,garbage-classification-data
厨余果皮,厨余垃圾,,[],https://cdn.jsdelivr.net/npm/garbage-classification-data/garbage.json,garbage-classification-data
厨余垃圾,厨余垃圾,,[],https://cdn.jsdelivr.net/npm/garbage-classification-data/garbage.json,garbage-classification-data
鱼,厨余垃圾,,[],https://cdn.jsdelivr.net/npm/garbage-classification-data/garbage.json,garbage-classification-data
黄鱼,厨余垃圾,,[],https://cdn.jsdelivr.net/npm/garbage-classification-data/garbage.json,garbage-classification-data
雨鞋,可回收物,,[],https://cdn.jsdelivr.net/npm/garbage-classification-data/garbage.json,garbage-classification-data
语文书,可回收物,,[],https://cdn.jsdelivr.net/npm/garbage-classification-data/garbage.json,garbage-classification-data
羽毛,其他垃圾,,[],https://cdn.jsdelivr.net/npm/garbage-classification-data/garbage.json,garbage-classification-data
羽毛球,其他垃圾,,[],https://cdn.jsdelivr.net/npm/garbage-classification-data/garbage.json,garbage-classification-data
玉,其他垃圾,,[],https://cdn.jsdelivr.net/npm/garbage-classification-data/garbage.json,garbage-classification-data
玉米,厨余垃圾,,[],https://cdn.jsdelivr.net/npm/garbage-classification-data/garbage.json,garbage-classification-data
玉镯,可回收物,,[],https://cdn.jsdelivr.net/npm/garbage-classification-data/garbage.json,garbage-classification-data
芋艿,厨余垃圾,,[],https://cdn.jsdelivr.net/npm/garbage-classification-data/garbage.json,garbage-classification-data
芋头,厨余垃圾,,[],https://cdn.jsdelivr.net/npm/garbage-classification-data/garbage.json,garbage-classification-data
浴巾,其他垃圾,,[],https://cdn.jsdelivr.net/npm/garbage-classification-data/garbage.json,garbage-classification-data
金属元件,可回收物,,[],https://cdn.jsdelivr.net/npm/garbage-classification-data/garbage.json,garbage-classification-data
原味鸡,厨余垃圾,,[],https://cdn.jsdelivr.net/npm/garbage-classification-data/garbage.json,garbage-classification-data
原珠笔,其他垃圾,,[],https://cdn.jsdelivr.net/npm/garbage-classification-data/garbage.json,garbage-classification-data
原子笔,其他垃圾,,[],https://cdn.jsdelivr.net/npm/garbage-classification-data/garbage.json,garbage-classification-data
芋圆,厨余垃圾,,[],https://cdn.jsdelivr.net/npm/garbage-classification-data/garbage.json,garbage-classification-data
电源器,可回收物,,[],https://cdn.jsdelivr.net/npm/garbage-classification-data/garbage.json,garbage-classification-data
电源线,可回收物,,[],https://cdn.jsdelivr.net/npm/garbage-classification-data/garbage.json,garbage-classification-data
月饼,厨余垃圾,,[],https://cdn.jsdelivr.net/npm/garbage-classification-data/garbage.json,garbage-classification-data
月饼盒,可回收物,,[],https://cdn.jsdelivr.net/npm/garbage-classification-data/garbage.json,garbage-classification-data
运动服,可回收物,,[],https://cdn.jsdelivr.net/npm/garbage-classification-data/garbage.json,garbage-classification-data
运动鞋,可回收物,,[],https://cdn.jsdelivr.net/npm/garbage-classification-data/garbage.json,garbage-classification-data
旧运动鞋,可回收物,,[],https://cdn.jsdelivr.net/npm/garbage-classification-data/garbage.json,garbage-classification-data
牛杂,厨余垃圾,,[],https://cdn.jsdelivr.net/npm/garbage-classification-data/garbage.json,garbage-classification-data
杂草,厨余垃圾,,[],https://cdn.jsdelivr.net/npm/garbage-classification-data/garbage.json,garbage-classification-data
杂志,可回收物,,[],https://cdn.jsdelivr.net/npm/garbage-classification-data/garbage.json,garbage-classification-data
盆栽树叶,厨余垃圾,,[],https://cdn.jsdelivr.net/npm/garbage-classification-data/garbage.json,garbage-classification-data
盆栽植物,厨余垃圾,,[],https://cdn.jsdelivr.net/npm/garbage-classification-data/garbage.json,garbage-classification-data
再生纸,可回收物,,[],https://cdn.jsdelivr.net/npm/garbage-classification-data/garbage.json,garbage-classification-data
脏布,其他垃圾,,[],https://cdn.jsdelivr.net/npm/garbage-classification-data/garbage.json,garbage-classification-data
鱼内脏,厨余垃圾,,[],https://cdn.jsdelivr.net/npm/garbage-classification-data/garbage.json,garbage-classification-data
枣,厨余垃圾,,[],https://cdn.jsdelivr.net/npm/garbage-classification-data/garbage.json,garbage-classification-data
红枣,厨余垃圾,,[],https://cdn.jsdelivr.net/npm/garbage-classification-data/garbage.json,garbage-classification-data
枣核,厨余垃圾,,[],https://cdn.jsdelivr.net/npm/garbage-classification-data/garbage.json,garbage-classification-data
洗澡掉的头发,其他垃圾,,[],https://cdn.jsdelivr.net/npm/garbage-classification-data/garbage.json,garbage-classification-data
人造玻璃,可回收物,,[],https://cdn.jsdelivr.net/npm/garbage-classification-data/garbage.json,garbage-classification-data
人造奶油,厨余垃圾,,[],https://cdn.jsdelivr.net/npm/garbage-classification-data/garbage.json,garbage-classification-data
香皂,其他垃圾,,[],https://cdn.jsdelivr.net/npm/garbage-classification-data/garbage.json,garbage-classification-data
碎小肥皂,其他垃圾,,[],https://cdn.jsdelivr.net/npm/garbage-classification-data/garbage.json,garbage-classification-data
干燥剂,其他垃圾,,[],https://cdn.jsdelivr.net/npm/garbage-classification-data/garbage.json,garbage-classification-data
包装干燥剂,其他垃圾,,[],https://cdn.jsdelivr.net/npm/garbage-classification-data/garbage.json,garbage-classification-data
石灰干燥剂,其他垃圾,,[],https://cdn.jsdelivr.net/npm/garbage-classification-data/garbage.json,garbage-classification-data
扎带,其他垃圾,,[],https://cdn.jsdelivr.net/npm/garbage-classification-data/garbage.json,garbage-classification-data
粽子 包扎线,其他垃圾,,[],https://cdn.jsdelivr.net/npm/garbage-classification-data/garbage.json,garbage-classification-data
菜渣,厨余垃圾,,[],https://cdn.jsdelivr.net/npm/garbage-classification-data/garbage.json,garbage-classification-data
茶渣,厨余垃圾,,[],https://cdn.jsdelivr.net/npm/garbage-classification-data/garbage.json,garbage-classification-data
豆渣,厨余垃圾,,[],https://cdn.jsdelivr.net/npm/garbage-classification-data/garbage.json,garbage-classification-data
大闸蟹,厨余垃圾,,[],https://cdn.jsdelivr.net/npm/garbage-classification-data/garbage.json,garbage-classification-data
大闸蟹壳,厨余垃圾,,[],https://cdn.jsdelivr.net/npm/garbage-classification-data/garbage.json,garbage-classification-data
炸鸡,厨余垃圾,,[],https://cdn.jsdelivr.net/npm/garbage-classification-data/garbage.json,garbage-classification-data
粘纸,其他垃圾,,[],https://cdn.jsdelivr.net/npm/garbage-classification-data/garbage.json,garbage-classification-data
粘鼠板,其他垃圾,,[],https://cdn.jsdelivr.net/npm/garbage-classification-data/garbage.json,garbage-classification-data
沾有墨水的纸,其他垃圾,,[],https://cdn.jsdelivr.net/npm/garbage-classification-data/garbage.json,garbage-classification-data
沾了油污的报纸,可回收物,,[],https://cdn.jsdelivr.net/npm/garbage-classification-data/garbage.json,garbage-classification-data
沾了菜油的餐巾纸,可回收物,,[],https://cdn.jsdelivr.net/npm/garbage-classification-data/garbage.json,garbage-classification-data
蘸酱,厨余垃圾,,[],https://cdn.jsdelivr.net/npm/garbage-classification-data/garbage.json,garbage-classification-data
蘸酱盒,其他垃圾,,[],https://cdn.jsdelivr.net/npm/garbage-classification-data/garbage.json,garbage-classification-data
火锅蘸酱,厨余垃圾,,[],https://cdn.jsdelivr.net/npm/garbage-classification-data/garbage.json,garbage-classification-data
图章,其他垃圾,,[],https://cdn.jsdelivr.net/npm/garbage-classification-data/garbage.json,garbage-classification-data
章鱼,厨余垃圾,,[],https://cdn.jsdelivr.net/npm/garbage-classification-data/garbage.json,garbage-classification-data
纸张,可回收物,,[],https://cdn.jsdelivr.net/npm/garbage-classification-data/garbage.json,garbage-classification-data
废纸张,可回收物,,[],https://cdn.jsdelivr.net/npm/garbage-classification-data/garbage.json,garbage-classification-data
纸张类,可回收物,,[],https://cdn.jsdelivr.net/npm/garbage-classification-data/garbage.json,garbage-classification-data
擀面杖,可回收物,,[],https://cdn.jsdelivr.net/npm/garbage-classification-data/garbage.json,garbage-classification-data
账单,可回收物,,[],https://cdn.jsdelivr.net/npm/garbage-classification-data/garbage.json,garbage-classification-data
照片,其他垃圾,,[],https://cdn.jsdelivr.net/npm/garbage-classification-data/garbage.json,garbage-classification-data
旧照片,有害垃圾,,[],https://cdn.jsdelivr.net/npm/garbage-classification-data/garbage.json,garbage-classification-data
照片纸,有害垃圾,,[],https://cdn.jsdelivr.net/npm/garbage-classification-data/garbage.json,garbage-classification-data
床罩,可回收物,,[],https://cdn.jsdelivr.net/npm/garbage-classification-data/garbage.json,garbage-classification-data
奶罩,其他垃圾,,[],https://cdn.jsdelivr.net/npm/garbage-classification-data/garbage.json,garbage-classification-data
折扇,其他垃圾,,[],https://cdn.jsdelivr.net/npm/garbage-classification-data/garbage.json,garbage-classification-data
蔗糖,厨余垃圾,,[],https://cdn.jsdelivr.net/npm/garbage-classification-data/garbage.json,garbage-classification-data
珍珠,可回收物,,[],https://cdn.jsdelivr.net/npm/garbage-classification-data/garbage.json,garbage-classification-data
黑珍猪,厨余垃圾,,[],https://cdn.jsdelivr.net/npm/garbage-classification-data/garbage.json,garbage-classification-data
珍珠米,厨余垃圾,,[],https://cdn.jsdelivr.net/npm/garbage-classification-data/garbage.json,garbage-classification-data
真空袋,其他垃圾,,[],https://cdn.jsdelivr.net/npm/garbage-classification-data/garbage.json,garbage-classification-data
砧板,可回收物,,[],https://cdn.jsdelivr.net/npm/garbage-classification-data/garbage.json,garbage-classification-data
木砧板,可回收物,,[],https://cdn.jsdelivr.net/npm/garbage-classification-data/garbage.json,garbage-classification-data
针,其他垃圾,,[],https://cdn.jsdelivr.net/npm/garbage-classification-data/garbage.json,garbage-classification-data
针管,有害垃圾,,[],https://cdn.jsdelivr.net/npm/garbage-classification-data/garbage.json,garbage-classification-data
枕套,可回收物,,[],https://cdn.jsdelivr.net/npm/garbage-classification-data/garbage.json,garbage-classification-data
震动棒,可回收物,,[],https://cdn.jsdelivr.net/npm/garbage-classification-data/garbage.json,garbage-classification-data
蒸汽眼罩,其他垃圾,,[],https://cdn.jsdelivr.net/npm/garbage-classification-data/garbage.json,garbage-classification-data
修正带内芯,其他垃圾,,[],https://cdn.jsdelivr.net/npm/garbage-classification-data/garbage.json,garbage-classification-data
证书,可回收物,,[],https://cdn.jsdelivr.net/npm/garbage-classification-data/garbage.json,garbage-classification-data
芝麻,厨余垃圾,,[],https://cdn.jsdelivr.net/npm/garbage-classification-data/garbage.json,garbage-classification-data
树枝,其他垃圾,,[],https://cdn.jsdelivr.net/npm/garbage-classification-data/garbage.json,garbage-classification-data
蜘蛛,厨余垃圾,,[],https://cdn.jsdelivr.net/npm/garbage-classification-data/garbage.json,garbage-classification-data
树脂,有害垃圾,,[],https://cdn.jsdelivr.net/npm/garbage-classification-data/garbage.json,garbage-classification-data
油脂,其他垃圾,,[],https://cdn.jsdelivr.net/npm/garbage-classification-data/garbage.json,garbage-classification-data
饭汁,厨余垃圾,,[],https://cdn.jsdelivr.net/npm/garbage-classification-data/garbage.json,garbage-classification-data
蟹汁,厨余垃圾,,[],https://cdn.jsdelivr.net/npm/garbage-classification-data/garbage.json,garbage-classification-data
织物,其他垃圾,,[],https://cdn.jsdelivr.net/npm/garbage-classification-data/garbage.json,garbage-classification-data
直尺,其他垃圾,,[],https://cdn.jsdelivr.net/npm/garbage-classification-data/garbage.json,garbage-classification-data
废直式日光灯管,有害垃圾,,[],https://cdn.jsdelivr.net/npm/garbage-classification-data/garbage.json,garbage-classification-data
绿植,厨余垃圾,,[],https://cdn.jsdelivr.net/npm/garbage-classification-data/garbage.json,garbage-classification-data
植物,厨余垃圾,,[],https://cdn.jsdelivr.net/npm/garbage-classification-data/garbage.json,garbage-classification-data
废植物,厨余垃圾,,[],https://cdn.jsdelivr.net/npm/garbage-classification-data/garbage.json,garbage-classification-data
指甲,其他垃圾,,[],https://cdn.jsdelivr.net/npm/garbage-classification-data/garbage.json,garbage-classification-data
脚指甲,其他垃圾,,[],https://cdn.jsdelivr.net/npm/garbage-classification-data/garbage.json,garbage-classification-data
手指甲脚趾甲,其他垃圾,,[],https://cdn.jsdelivr.net/npm/garbage-classification-data/garbage.json,garbage-classification-data
纸,可回收物,,[],https://cdn.jsdelivr.net/npm/garbage-classification-data/garbage.json,garbage-classification-data
瓷制品,其他垃圾,,[],https://cdn.jsdelivr.net/npm/garbage-classification-data/garbage.json,garbage-classification-data
铝制品,可回收物,,[],https://cdn.jsdelivr.net/npm/garbage-classification-data/garbage.json,garbage-classification-data
木制品,可回收物,,[],https://cdn.jsdelivr.net/npm/garbage-classification-data/garbage.json,garbage-classification-data
木质菜板,可回收物,,[],https://cdn.jsdelivr.net/npm/garbage-classification-data/garbage.json,garbage-classification-data
三明治包装,其他垃圾,,[],https://cdn.jsdelivr.net/npm/garbage-classification-data/garbage.json,garbage-classification-data
中药,厨余垃圾,,[],https://cdn.jsdelivr.net/npm/garbage-classification-data/garbage.json,garbage-classification-data
中草药,厨余垃圾,,[],https://cdn.jsdelivr.net/npm/garbage-classification-data/garbage.json,garbage-classification-data
钟,其他垃圾,,[],https://cdn.jsdelivr.net/npm/garbage-classification-data/garbage.json,garbage-classification-data
粥,厨余垃圾,,[],https://cdn.jsdelivr.net/npm/garbage-classification-data/garbage.json,garbage-classification-data
圆珠笔,其他垃圾,,[],https://cdn.jsdelivr.net/npm/garbage-classification-data/garbage.json,garbage-classification-data
猪,厨余垃圾,,[],https://cdn.jsdelivr.net/npm/garbage-classification-data/garbage.json,garbage-classification-data
毛竹,其他垃圾,,[],https://cdn.jsdelivr.net/npm/garbage-classification-data/garbage.json,garbage-classification-data
蜡烛,可回收物,,[],https://cdn.jsdelivr.net/npm/garbage-classification-data/garbage.json,garbage-classification-data
生日蜡烛,其他垃圾,,[],https://cdn.jsdelivr.net/npm/garbage-classification-data/garbage.json,garbage-classification-data
白煮蛋壳,厨余垃圾,,[],https://cdn.jsdelivr.net/npm/garbage-classification-data/garbage.json,garbage-classification-data
水煮肉片,厨余垃圾,,[],https://cdn.jsdelivr.net/npm/garbage-classification-data/garbage.json,garbage-classification-data
煮花生壳,厨余垃圾,,[],https://cdn.jsdelivr.net/npm/garbage-classification-data/garbage.json,garbage-classification-data
主板,可回收物,,[],https://cdn.jsdelivr.net/npm/garbage-classification-data/garbage.json,garbage-classification-data
主机板,可回收物,,[],https://cdn.jsdelivr.net/npm/garbage-classification-data/garbage.json,garbage-classification-data
电路主板,可回收物,,[],https://cdn.jsdelivr.net/npm/garbage-classification-data/garbage.json,garbage-classification-data
鸡爪,厨余垃圾,,[],https://cdn.jsdelivr.net/npm/garbage-classification-data/garbage.json,garbage-classification-data
猪爪骨头,厨余垃圾,,[],https://cdn.jsdelivr.net/npm/garbage-classification-data/garbage.json,garbage-classification-data
西装,可回收物,,[],https://cdn.jsdelivr.net/npm/garbage-classification-data/garbage.json,garbage-classification-data
彩妆,其他垃圾,,[],https://cdn.jsdelivr.net/npm/garbage-classification-data/garbage.json,garbage-classification-data
化妆棉,其他垃圾,,[],https://cdn.jsdelivr.net/npm/garbage-classification-data/garbage.json,garbage-classification-data
防撞塑料,其他垃圾,,[],https://cdn.jsdelivr.net/npm/garbage-classification-data/garbage.json,garbage-classification-data
塑胶制资料夹,可回收物,,[],https://cdn.jsdelivr.net/npm/garbage-classification-data/garbage.json,garbage-classification-data
紫菜,厨余垃圾,,[],https://cdn.jsdelivr.net/npm/garbage-classification-data/garbage.json,garbage-classification-data
紫砂茶具,其他垃圾,,[],https://cdn.jsdelivr.net/npm/garbage-classification-data/garbage.json,garbage-classification-data
紫砂碎片,其他垃圾,,[],https://cdn.jsdelivr.net/npm/garbage-classification-data/garbage.json,garbage-classification-data
牛仔裤,可回收物,,[],https://cdn.jsdelivr.net/npm/garbage-classification-data/garbage.json,garbage-classification-data
葡萄籽,厨余垃圾,,[],https://cdn.jsdelivr.net/npm/garbage-classification-data/garbage.json,garbage-classification-data
西瓜籽,厨余垃圾,,[],https://cdn.jsdelivr.net/npm/garbage-classification-data/garbage.json,garbage-classification-data
被子,可回收物,,[],https://cdn.jsdelivr.net/npm/garbage-classification-data/garbage.json,garbage-classification-data
自动铅,其他垃圾,,[],https://cdn.jsdelivr.net/npm/garbage-classification-data/garbage.json,garbage-classification-data
自暖包,其他垃圾,,[],https://cdn.jsdelivr.net/npm/garbage-classification-data/garbage.json,garbage-classification-data
油渍的报纸,其他垃圾,,[],https://cdn.jsdelivr.net/npm/garbage-classification-data/garbage.json,garbage-classification-data
有污渍的餐盒,其他垃圾,,[],https://cdn.jsdelivr.net/npm/garbage-classification-data/garbage.json,garbage-classification-data
签字笔,其他垃圾,,[],https://cdn.jsdelivr.net/npm/garbage-classification-data/garbage.json,garbage-classification-data
棕叶,其他垃圾,,[],https://cdn.jsdelivr.net/npm/garbage-classification-data/garbage.json,garbage-classification-data
棕子皮,其他垃圾,,[],https://cdn.jsdelivr.net/npm/garbage-classification-data/garbage.json,garbage-classification-data
棕子叶,其他垃圾,,[],https://cdn.jsdelivr.net/npm/garbage-classification-data/garbage.json,garbage-classification-data
走油肉,厨余垃圾,,[],https://cdn.jsdelivr.net/npm/garbage-classification-data/garbage.json,garbage-classification-data
足球,可回收物,,[],https://cdn.jsdelivr.net/npm/garbage-classification-data/garbage.json,garbage-classification-data
电钻,可回收物,,[],https://cdn.jsdelivr.net/npm/garbage-classification-data/garbage.json,garbage-classification-data
钻笔,其他垃圾,,[],https://cdn.jsdelivr.net/npm/garbage-classification-data/garbage.json,garbage-classification-data
钻石,可回收物,,[],https://cdn.jsdelivr.net/npm/garbage-classification-data/garbage.json,garbage-classification-data
香烟过滤嘴,其他垃圾,,[],https://cdn.jsdelivr.net/npm/garbage-classification-data/garbage.json,garbage-classification-data
作文书,可回收物,,[],https://cdn.jsdelivr.net/npm/garbage-classification-data/garbage.json,garbage-classification-data
竹坐垫,其他垃圾,,[],https://cdn.jsdelivr.net/npm/garbage-classification-data/garbage.json,garbage-classification-data
led灯,有害垃圾,,[],https://cdn.jsdelivr.net/npm/garbage-classification-data/garbage.json,garbage-classification-data
PET瓶,可回收物,,[],https://cdn.jsdelivr.net/npm/garbage-classification-data/garbage.json,garbage-classification-data
LED灯泡,有害垃圾,,[],https://cdn.jsdelivr.net/npm/garbage-classification-data/garbage.json,garbage-classification-data
kt板,可回收物,,[],https://cdn.jsdelivr.net/npm/garbage-classification-data/garbage.json,garbage-classification-data
cpu,可回收物,,[],https://cdn.jsdelivr.net/npm/garbage-classification-data/garbage.json,garbage-classification-data
ipad,可回收物,,[],https://cdn.jsdelivr.net/npm/garbage-classification-data/garbage.json,garbage-classification-data
kindle,可回收物,,[],https://cdn.jsdelivr.net/npm/garbage-classification-data/garbage.json,garbage-classification-data
PIZZA盒,其他垃圾,,[],https://cdn.jsdelivr.net/npm/garbage-classification-data/garbage.json,garbage-classification-data
xbox,可回收物,,[],https://cdn.jsdelivr.net/npm/garbage-classification-data/garbage.json,garbage-classification-data
iphone x,可回收物,,[],https://cdn.jsdelivr.net/npm/garbage-classification-data/garbage.json,garbage-classification-data
IPHONE手机,可回收物,,[],https://cdn.jsdelivr.net/npm/garbage-classification-data/garbage.json,garbage-classification-data
pp管,可回收物,,[],https://cdn.jsdelivr.net/npm/garbage-classification-data/garbage.json,garbage-classification-data
A4纸,可回收物,,[],https://cdn.jsdelivr.net/npm/garbage-classification-data/garbage.json,garbage-classification-data
cd,可回收物,,[],https://cdn.jsdelivr.net/npm/garbage-classification-data/garbage.json,garbage-classification-data
CD机,可回收物,,[],https://cdn.jsdelivr.net/npm/garbage-classification-data/garbage.json,garbage-classification-data
KINDLE壳,其他垃圾,,[],https://cdn.jsdelivr.net/npm/garbage-classification-data/garbage.json,garbage-classification-data
zippo打火机,其他垃圾,,[],https://cdn.jsdelivr.net/npm/garbage-classification-data/garbage.json,garbage-classification-data
x光片,有害垃圾,,[],https://cdn.jsdelivr.net/npm/garbage-classification-data/garbage.json,garbage-classification-data
x光胶片,有害垃圾,,[],https://cdn.jsdelivr.net/npm/garbage-classification-data/garbage.json,garbage-classification-data
PVC瓶,可回收物,,[],https://cdn.jsdelivr.net/npm/garbage-classification-data/garbage.json,garbage-classification-data
剩菜剩饭,厨余垃圾,,[],https://cdn.jsdelivr.net/npm/garbage-classification-data/garbage.json,garbage-classification-data
食物残渣,厨余垃圾,,[],https://cdn.jsdelivr.net/npm/garbage-classification-data/garbage.json,garbage-classification-data
肉类,厨余垃圾,,[],https://cdn.jsdelivr.net/npm/garbage-classification-data/garbage.json,garbage-classification-data
鱼虾,厨余垃圾,,[],https://cdn.jsdelivr.net/npm/garbage-classification-data/garbage.json,garbage-classification-data
蛋壳,厨余垃圾,,[],https://cdn.jsdelivr.net/npm/garbage-classification-data/garbage.json,garbage-classification-data
鱼骨头,厨余垃圾,,[],https://cdn.jsdelivr.net/npm/garbage-classification-data/garbage.json,garbage-classification-data
肉骨头,厨余垃圾,,[],https://cdn.jsdelivr.net/npm/garbage-classification-data/garbage.json,garbage-classification-data
果皮,厨余垃圾,,[],https://cdn.jsdelivr.net/npm/garbage-classification-data/garbage.json,garbage-classification-data
树叶,厨余垃圾,,[],https://cdn.jsdelivr.net/npm/garbage-classification-data/garbage.json,garbage-classification-data
瓜子壳,厨余垃圾,,[],https://cdn.jsdelivr.net/npm/garbage-classification-data/garbage.json,garbage-classification-data
花生壳,厨余垃圾,,[],https://cdn.jsdelivr.net/npm/garbage-classification-data/garbage.json,garbage-classification-data
藜麦,厨余垃圾,,[],https://cdn.jsdelivr.net/npm/garbage-classification-data/garbage.json,garbage-classification-data
鸡骨头,厨余垃圾,,[],https://cdn.jsdelivr.net/npm/garbage-classification-data/garbage.json,garbage-classification-data
鸭骨头,厨余垃圾,,[],https://cdn.jsdelivr.net/npm/garbage-classification-data/garbage.json,garbage-classification-data
鹅骨头,厨余垃圾,,[],https://cdn.jsdelivr.net/npm/garbage-classification-data/garbage.json,garbage-classification-data
草莓叶,厨余垃圾,,[],https://cdn.jsdelivr.net/npm/garbage-classification-data/garbage.json,garbage-classification-data
米饭,厨余垃圾,,[],https://cdn.jsdelivr.net/npm/garbage-classification-data/garbage.json,garbage-classification-data
豌豆皮,厨余垃圾,,[],https://cdn.jsdelivr.net/npm/garbage-classification-data/garbage.json,garbage-classification-data
韩国泡菜,厨余垃圾,,[],https://cdn.jsdelivr.net/npm/garbage-classification-data/garbage.json,garbage-classification-data
普洱茶,厨余垃圾,,[],https://cdn.jsdelivr.net/npm/garbage-classification-data/garbage.json,garbage-classification-data
残枝落叶,厨余垃圾,,[],https://cdn.jsdelivr.net/npm/garbage-classification-data/garbage.json,garbage-classification-data
植物枝干,厨余垃圾,,[],https://cdn.jsdelivr.net/npm/garbage-classification-data/garbage.json,garbage-classification-data
杂菜,厨余垃圾,,[],https://cdn.jsdelivr.net/npm/garbage-classification-data/garbage.json,garbage-classification-data
动物尸体,厨余垃圾,,[],https://cdn.jsdelivr.net/npm/garbage-classification-data/garbage.json,garbage-classification-data
牲畜粪便,厨余垃圾,,[],https://cdn.jsdelivr.net/npm/garbage-classification-data/garbage.json,garbage-classification-data
橘子皮,厨余垃圾,,[],https://cdn.jsdelivr.net/npm/garbage-classification-data/garbage.json,garbage-classification-data
香蕉皮,厨余垃圾,,[],https://cdn.jsdelivr.net/npm/garbage-classification-data/garbage.json,garbage-classification-data
苹果皮,厨余垃圾,,[],https://cdn.jsdelivr.net/npm/garbage-classification-data/garbage.json,garbage-classification-data
西瓜皮,厨余垃圾,,[],https://cdn.jsdelivr.net/npm/garbage-classification-data/garbage.json,garbage-classification-data
芒果皮,厨余垃圾,,[],https://cdn.jsdelivr.net/npm/garbage-classification-data/garbage.json,garbage-classification-data
山竹壳,厨余垃圾,,[],https://cdn.jsdelivr.net/npm/garbage-classification-data/garbage.json,garbage-classification-data
洋葱皮,厨余垃圾,,[],https://cdn.jsdelivr.net/npm/garbage-classification-data/garbage.json,garbage-classification-data
中药渣,厨余垃圾,,[],https://cdn.jsdelivr.net/npm/garbage-classification-data/garbage.json,garbage-classification-data
宠物饲料,厨余垃圾,,[],https://cdn.jsdelivr.net/npm/garbage-classification-data/garbage.json,garbage-classification-data
矿物猫砂,厨余垃圾,,[],https://cdn.jsdelivr.net/npm/garbage-classification-data/garbage.json,garbage-classification-data
食用油,厨余垃圾,,[],https://cdn.jsdelivr.net/npm/garbage-classification-data/garbage.json,garbage-classification-data
动物粪便,厨余垃圾,,[],https://cdn.jsdelivr.net/npm/garbage-classification-data/garbage.json,garbage-classification-data
牛排,厨余垃圾,,[],https://cdn.jsdelivr.net/npm/garbage-classification-data/garbage.json,garbage-classification-data
喜糖,厨余垃圾,,[],https://cdn.jsdelivr.net/npm/garbage-classification-data/garbage.json,garbage-classification-data
咖啡残渣,厨余垃圾,,[],https://cdn.jsdelivr.net/npm/garbage-classification-data/garbage.json,garbage-classification-data
大白菜,厨余垃圾,,[],https://cdn.jsdelivr.net/npm/garbage-classification-data/garbage.json,garbage-classification-data
粽子馅,厨余垃圾,,[],https://cdn.jsdelivr.net/npm/garbage-classification-data/garbage.json,garbage-classification-data
宠物粪便,厨余垃圾,,[],https://cdn.jsdelivr.net/npm/garbage-classification-data/garbage.json,garbage-classification-data
猫屎,厨余垃圾,,[],https://cdn.jsdelivr.net/npm/garbage-classification-data/garbage.json,garbage-classification-data
咖啡渣,厨余垃圾,,[],https://cdn.jsdelivr.net/npm/garbage-classification-data/garbage.json,garbage-classification-data
鲜花瓣,厨余垃圾,,[],https://cdn.jsdelivr.net/npm/garbage-classification-data/garbage.json,garbage-classification-data
豆腐猫砂,厨余垃圾,,[],https://cdn.jsdelivr.net/npm/garbage-classification-data/garbage.json,garbage-classification-data
冬枣,厨余垃圾,,[],https://cdn.jsdelivr.net/npm/garbage-classification-data/garbage.json,garbage-classification-data
大蒜叶,厨余垃圾,,[],https://cdn.jsdelivr.net/npm/garbage-classification-data/garbage.json,garbage-classification-data
杏核,厨余垃圾,,[],https://cdn.jsdelivr.net/npm/garbage-classification-data/garbage.json,garbage-classification-data
纸质吸管,厨余垃圾,,[],https://cdn.jsdelivr.net/npm/garbage-classification-data/garbage.json,garbage-classification-data
茶叶渣,厨余垃圾,,[],https://cdn.jsdelivr.net/npm/garbage-classification-data/garbage.json,garbage-classification-data
小龙虾壳,厨余垃圾,,[],https://cdn.jsdelivr.net/npm/garbage-classification-data/garbage.json,garbage-classification-data
榴莲酥,厨余垃圾,,[],https://cdn.jsdelivr.net/npm/garbage-classification-data/garbage.json,garbage-classification-data
榴莲肉,厨余垃圾,,[],https://cdn.jsdelivr.net/npm/garbage-classification-data/garbage.json,garbage-classification-data
枇杷核,厨余垃圾,,[],https://cdn.jsdelivr.net/npm/garbage-classification-data/garbage.json,garbage-classification-data
百香果壳,厨余垃圾,,[],https://cdn.jsdelivr.net/npm/garbage-classification-data/garbage.json,garbage-classification-data
食品添加剂,厨余垃圾,,[],https://cdn.jsdelivr.net/npm/garbage-classification-data/garbage.json,garbage-classification-data
豆制品,厨余垃圾,,[],https://cdn.jsdelivr.net/npm/garbage-classification-data/garbage.json,garbage-classification-data
动物内脏,厨余垃圾,,[],https://cdn.jsdelivr.net/npm/garbage-classification-data/garbage.json,garbage-classification-data
脆枣,厨余垃圾,,[],https://cdn.jsdelivr.net/npm/garbage-classification-data/garbage.json,garbage-classification-data
废弃食用油,厨余垃圾,,[],https://cdn.jsdelivr.net/npm/garbage-classification-data/garbage.json,garbage-classification-data
废弃调味品,厨余垃圾,,[],https://cdn.jsdelivr.net/npm/garbage-classification-data/garbage.json,garbage-classification-data
糖果,厨余垃圾,,[],https://cdn.jsdelivr.net/npm/garbage-classification-data/garbage.json,garbage-classification-data
水蜜桃肉,厨余垃圾,,[],https://cdn.jsdelivr.net/npm/garbage-classification-data/garbage.json,garbage-classification-data
火龙果,厨余垃圾,,[],https://cdn.jsdelivr.net/npm/garbage-classification-data/garbage.json,garbage-classification-data
火锅底料,厨余垃圾,,[],https://cdn.jsdelivr.net/npm/garbage-classification-data/garbage.json,garbage-classification-data
螺蛳肉,厨余垃圾,,[],https://cdn.jsdelivr.net/npm/garbage-classification-data/garbage.json,garbage-classification-data
排骨,厨余垃圾,,[],https://cdn.jsdelivr.net/npm/garbage-classification-data/garbage.json,garbage-classification-data
蒜皮,厨余垃圾,,[],https://cdn.jsdelivr.net/npm/garbage-classification-data/garbage.json,garbage-classification-data
叉烧酥,厨余垃圾,,[],https://cdn.jsdelivr.net/npm/garbage-classification-data/garbage.json,garbage-classification-data
菠萝皮,厨余垃圾,,[],https://cdn.jsdelivr.net/npm/garbage-classification-data/garbage.json,garbage-classification-data
南瓜籽,厨余垃圾,,[],https://cdn.jsdelivr.net/npm/garbage-classification-data/garbage.json,garbage-classification-data
香瓜子,厨余垃圾,,[],https://cdn.jsdelivr.net/npm/garbage-classification-data/garbage.json,garbage-classification-data
青椒,厨余垃圾,,[],https://cdn.jsdelivr.net/npm/garbage-classification-data/garbage.json,garbage-classification-data
蒜头,厨余垃圾,,[],https://cdn.jsdelivr.net/npm/garbage-classification-data/garbage.json,garbage-classification-data
毛豆壳,厨余垃圾,,[],https://cdn.jsdelivr.net/npm/garbage-classification-data/garbage.json,garbage-classification-data
鸡肉,厨余垃圾,,[],https://cdn.jsdelivr.net/npm/garbage-classification-data/garbage.json,garbage-classification-data
鸭掌,厨余垃圾,,[],https://cdn.jsdelivr.net/npm/garbage-classification-data/garbage.json,garbage-classification-data
鱼肉,厨余垃圾,,[],https://cdn.jsdelivr.net/npm/garbage-classification-data/garbage.json,garbage-classification-data
荔枝皮,厨余垃圾,,[],https://cdn.jsdelivr.net/npm/garbage-classification-data/garbage.json,garbage-classification-data
方便面面条,厨余垃圾,,[],https://cdn.jsdelivr.net/npm/garbage-classification-data/garbage.json,garbage-classification-data
螺蛳壳,厨余垃圾,,[],https://cdn.jsdelivr.net/npm/garbage-classification-data/garbage.json,garbage-classification-data
牛油果核,厨余垃圾,,[],https://cdn.jsdelivr.net/npm/garbage-classification-data/garbage.json,garbage-classification-data
老鼠,厨余垃圾,,[],https://cdn.jsdelivr.net/npm/garbage-classification-data/garbage.json,garbage-classification-data
包裹着猫屎的豆腐猫砂,厨余垃圾,,[],https://cdn.jsdelivr.net/npm/garbage-classification-data/garbage.json,garbage-classification-data
茭白,厨余垃圾,,[],https://cdn.jsdelivr.net/npm/garbage-classification-data/garbage.json,garbage-classification-data
茭白叶,厨余垃圾,,[],https://cdn.jsdelivr.net/npm/garbage-classification-data/garbage.json,garbage-classification-data
葡萄干,厨余垃圾,,[],https://cdn.jsdelivr.net/npm/garbage-classification-data/garbage.json,garbage-classification-data
火龙果皮,厨余垃圾,,[],https://cdn.jsdelivr.net/npm/garbage-classification-data/garbage.json,garbage-classification-data
椰肉,厨余垃圾,,[],https://cdn.jsdelivr.net/npm/garbage-classification-data/garbage.json,garbage-classification-data
苹果肉,厨余垃圾,,[],https://cdn.jsdelivr.net/npm/garbage-classification-data/garbage.json,garbage-classification-data
香瓜皮,厨余垃圾,,[],https://cdn.jsdelivr.net/npm/garbage-classification-data/garbage.json,garbage-classification-data
扁豆,厨余垃圾,,[],https://cdn.jsdelivr.net/npm/garbage-classification-data/garbage.json,garbage-classification-data
玉米须,厨余垃圾,,[],https://cdn.jsdelivr.net/npm/garbage-classification-data/garbage.json,garbage-classification-data
兔子粪便,厨余垃圾,,[],https://cdn.jsdelivr.net/npm/garbage-classification-data/garbage.json,garbage-classification-data
螃蟹壳,厨余垃圾,,[],https://cdn.jsdelivr.net/npm/garbage-classification-data/garbage.json,garbage-classification-data
吸管纸质包装,厨余垃圾,,[],https://cdn.jsdelivr.net/npm/garbage-classification-data/garbage.json,garbage-classification-data
西餐糕点,厨余垃圾,,[],https://cdn.jsdelivr.net/npm/garbage-classification-data/garbage.json,garbage-classification-data
鸡脚爪,厨余垃圾,,[],https://cdn.jsdelivr.net/npm/garbage-classification-data/garbage.json,garbage-classification-data
鸭爪,厨余垃圾,,[],https://cdn.jsdelivr.net/npm/garbage-classification-data/garbage.json,garbage-classification-data
山楂,厨余垃圾,,[],https://cdn.jsdelivr.net/npm/garbage-classification-data/garbage.json,garbage-classification-data
鸭翅,厨余垃圾,,[],https://cdn.jsdelivr.net/npm/garbage-classification-data/garbage.json,garbage-classification-data
扇贝肉,厨余垃圾,,[],https://cdn.jsdelivr.net/npm/garbage-classification-data/garbage.json,garbage-classification-data
火锅渣,厨余垃圾,,[],https://cdn.jsdelivr.net/npm/garbage-classification-data/garbage.json,garbage-classification-data
布丁,厨余垃圾,,[],https://cdn.jsdelivr.net/npm/garbage-classification-data/garbage.json,garbage-classification-data
奶茶中的珍珠,厨余垃圾,,[],https://cdn.jsdelivr.net/npm/garbage-classification-data/garbage.json,garbage-classification-data
燕麦,厨余垃圾,,[],https://cdn.jsdelivr.net/npm/garbage-classification-data/garbage.json,garbage-classification-data
薯格,厨余垃圾,,[],https://cdn.jsdelivr.net/npm/garbage-classification-data/garbage.json,garbage-classification-data
甜品,厨余垃圾,,[],https://cdn.jsdelivr.net/npm/garbage-classification-data/garbage.json,garbage-classification-data
水果,厨余垃圾,,[],https://cdn.jsdelivr.net/npm/garbage-classification-data/garbage.json,garbage-classification-data
枯树叶,厨余垃圾,,[],https://cdn.jsdelivr.net/npm/garbage-classification-data/garbage.json,garbage-classification-data
蔬菜残余,厨余垃圾,,[],https://cdn.jsdelivr.net/npm/garbage-classification-data/garbage.json,garbage-classification-data
西兰花梗,厨余垃圾,,[],https://cdn.jsdelivr.net/npm/garbage-classification-data/garbage.json,garbage-classification-data
桃子,厨余垃圾,,[],https://cdn.jsdelivr.net/npm/garbage-classification-data/garbage.json,garbage-classification-data
压缩饼干,厨余垃圾,,[],https://cdn.jsdelivr.net/npm/garbage-classification-data/garbage.json,garbage-classification-data
花生衣,厨余垃圾,,[],https://cdn.jsdelivr.net/npm/garbage-classification-data/garbage.json,garbage-classification-data
结团猫砂,厨余垃圾,,[],https://cdn.jsdelivr.net/npm/garbage-classification-data/garbage.json,garbage-classification-data
红豆,厨余垃圾,,[],https://cdn.jsdelivr.net/npm/garbage-classification-data/garbage.json,garbage-classification-data
熟鸡蛋壳,厨余垃圾,,[],https://cdn.jsdelivr.net/npm/garbage-classification-data/garbage.json,garbage-classification-data
蟑螂,厨余垃圾,,[],https://cdn.jsdelivr.net/npm/garbage-classification-data/garbage.json,garbage-classification-data
西瓜子,厨余垃圾,,[],https://cdn.jsdelivr.net/npm/garbage-classification-data/garbage.json,garbage-classification-data
鸡屎,厨余垃圾,,[],https://cdn.jsdelivr.net/npm/garbage-classification-data/garbage.json,garbage-classification-data
盒饭,厨余垃圾,,[],https://cdn.jsdelivr.net/npm/garbage-classification-data/garbage.json,garbage-classification-data
奶油,厨余垃圾,,[],https://cdn.jsdelivr.net/npm/garbage-classification-data/garbage.json,garbage-classification-data
豆芽,厨余垃圾,,[],https://cdn.jsdelivr.net/npm/garbage-classification-data/garbage.json,garbage-classification-data
杏仁饼,厨余垃圾,,[],https://cdn.jsdelivr.net/npm/garbage-classification-data/garbage.json,garbage-classification-data
猫屎咖啡,厨余垃圾,,[],https://cdn.jsdelivr.net/npm/garbage-classification-data/garbage.json,garbage-classification-data
水果干,厨余垃圾,,[],https://cdn.jsdelivr.net/npm/garbage-classification-data/garbage.json,garbage-classification-data
鸭腿,厨余垃圾,,[],https://cdn.jsdelivr.net/npm/garbage-classification-data/garbage.json,garbage-classification-data
车厘子核,厨余垃圾,,[],https://cdn.jsdelivr.net/npm/garbage-classification-data/garbage.json,garbage-classification-data
平菇,厨余垃圾,,[],https://cdn.jsdelivr.net/npm/garbage-classification-data/garbage.json,garbage-classification-data
金针菇,厨余垃圾,,[],https://cdn.jsdelivr.net/npm/garbage-classification-data/garbage.json,garbage-classification-data
茨菇,厨余垃圾,,[],https://cdn.jsdelivr.net/npm/garbage-classification-data/garbage.json,garbage-classification-data
藕片,厨余垃圾,,[],https://cdn.jsdelivr.net/npm/garbage-classification-data/garbage.json,garbage-classification-data
葡萄梗,厨余垃圾,,[],https://cdn.jsdelivr.net/npm/garbage-classification-data/garbage.json,garbage-classification-data
咖啡豆,厨余垃圾,,[],https://cdn.jsdelivr.net/npm/garbage-classification-data/garbage.json,garbage-classification-data
丝瓜皮,厨余垃圾,,[],https://cdn.jsdelivr.net/npm/garbage-classification-data/garbage.json,garbage-classification-data
烂水果,厨余垃圾,,[],https://cdn.jsdelivr.net/npm/garbage-classification-data/garbage.json,garbage-classification-data
鸡皮,厨余垃圾,,[],https://cdn.jsdelivr.net/npm/garbage-classification-data/garbage.json,garbage-classification-data
海瓜子壳,厨余垃圾,,[],https://cdn.jsdelivr.net/npm/garbage-classification-data/garbage.json,garbage-classification-data
桂皮,厨余垃圾,,[],https://cdn.jsdelivr.net/npm/garbage-classification-data/garbage.json,garbage-classification-data
鸡蛋仔,厨余垃圾,,[],https://cdn.jsdelivr.net/npm/garbage-classification-data/garbage.json,garbage-classification-data
螺蛳,厨余垃圾,,[],https://cdn.jsdelivr.net/npm/garbage-classification-data/garbage.json,garbage-classification-data
猪蹄骨,厨余垃圾,,[],https://cdn.jsdelivr.net/npm/garbage-classification-data/garbage.json,garbage-classification-data
过期大米,厨余垃圾,,[],https://cdn.jsdelivr.net/npm/garbage-classification-data/garbage.json,garbage-classification-data
过期糖,厨余垃圾,,[],https://cdn.jsdelivr.net/npm/garbage-classification-data/garbage.json,garbage-classification-data
过期巧克力,厨余垃圾,,[],https://cdn.jsdelivr.net/npm/garbage-classification-data/garbage.json,garbage-classification-data
巧克力酱,厨余垃圾,,[],https://cdn.jsdelivr.net/npm/garbage-classification-data/garbage.json,garbage-classification-data
李子,厨余垃圾,,[],https://cdn.jsdelivr.net/npm/garbage-classification-data/garbage.json,garbage-classification-data
鸟粪,厨余垃圾,,[],https://cdn.jsdelivr.net/npm/garbage-classification-data/garbage.json,garbage-classification-data
栗子壳,厨余垃圾,,[],https://cdn.jsdelivr.net/npm/garbage-classification-data/garbage.json,garbage-classification-data
核桃肉,厨余垃圾,,[],https://cdn.jsdelivr.net/npm/garbage-classification-data/garbage.json,garbage-classification-data
李子核,厨余垃圾,,[],https://cdn.jsdelivr.net/npm/garbage-classification-data/garbage.json,garbage-classification-data
薯条,厨余垃圾,,[],https://cdn.jsdelivr.net/npm/garbage-classification-data/garbage.json,garbage-classification-data
柠檬皮,厨余垃圾,,[],https://cdn.jsdelivr.net/npm/garbage-classification-data/garbage.json,garbage-classification-data
柚子皮,厨余垃圾,,[],https://cdn.jsdelivr.net/npm/garbage-classification-data/garbage.json,garbage-classification-data
蛋白,厨余垃圾,,[],https://cdn.jsdelivr.net/npm/garbage-classification-data/garbage.json,garbage-classification-data
干果仁,厨余垃圾,,[],https://cdn.jsdelivr.net/npm/garbage-classification-data/garbage.json,garbage-classification-data
橄榄核,厨余垃圾,,[],https://cdn.jsdelivr.net/npm/garbage-classification-data/garbage.json,garbage-classification-data
姜糖,厨余垃圾,,[],https://cdn.jsdelivr.net/npm/garbage-classification-data/garbage.json,garbage-classification-data
瓜子皮,厨余垃圾,,[],https://cdn.jsdelivr.net/npm/garbage-classification-data/garbage.json,garbage-classification-data
玉米棒,厨余垃圾,,[],https://cdn.jsdelivr.net/npm/garbage-classification-data/garbage.json,garbage-classification-data
过期食品,厨余垃圾,,[],https://cdn.jsdelivr.net/npm/garbage-classification-data/garbage.json,garbage-classification-data
虾头,厨余垃圾,,[],https://cdn.jsdelivr.net/npm/garbage-classification-data/garbage.json,garbage-classification-data
牛蛙骨,厨余垃圾,,[],https://cdn.jsdelivr.net/npm/garbage-classification-data/garbage.json,garbage-classification-data
杨梅核,厨余垃圾,,[],https://cdn.jsdelivr.net/npm/garbage-classification-data/garbage.json,garbage-classification-data
过期调味料,厨余垃圾,,[],https://cdn.jsdelivr.net/npm/garbage-classification-data/garbage.json,garbage-classification-data
孜然粉,厨余垃圾,,[],https://cdn.jsdelivr.net/npm/garbage-classification-data/garbage.json,garbage-classification-data
蜂蜜,厨余垃圾,,[],https://cdn.jsdelivr.net/npm/garbage-classification-data/garbage.json,garbage-classification-data
红豆糕,厨余垃圾,,[],https://cdn.jsdelivr.net/npm/garbage-classification-data/garbage.json,garbage-classification-data
叉烧,厨余垃圾,,[],https://cdn.jsdelivr.net/npm/garbage-classification-data/garbage.json,garbage-classification-data
菠萝包,厨余垃圾,,[],https://cdn.jsdelivr.net/npm/garbage-classification-data/garbage.json,garbage-classification-data
干面条,厨余垃圾,,[],https://cdn.jsdelivr.net/npm/garbage-classification-data/garbage.json,garbage-classification-data
干脆面,厨余垃圾,,[],https://cdn.jsdelivr.net/npm/garbage-classification-data/garbage.json,garbage-classification-data
出前一丁面条,厨余垃圾,,[],https://cdn.jsdelivr.net/npm/garbage-classification-data/garbage.json,garbage-classification-data
多宝鱼骨头,厨余垃圾,,[],https://cdn.jsdelivr.net/npm/garbage-classification-data/garbage.json,garbage-classification-data
草本植物,厨余垃圾,,[],https://cdn.jsdelivr.net/npm/garbage-classification-data/garbage.json,garbage-classification-data
小核桃肉,厨余垃圾,,[],https://cdn.jsdelivr.net/npm/garbage-classification-data/garbage.json,garbage-classification-data
凋谢的鲜花,厨余垃圾,,[],https://cdn.jsdelivr.net/npm/garbage-classification-data/garbage.json,garbage-classification-data
咖啡豆渣,厨余垃圾,,[],https://cdn.jsdelivr.net/npm/garbage-classification-data/garbage.json,garbage-classification-data
蚌肉,厨余垃圾,,[],https://cdn.jsdelivr.net/npm/garbage-classification-data/garbage.json,garbage-classification-data
盐水花生,厨余垃圾,,[],https://cdn.jsdelivr.net/npm/garbage-classification-data/garbage.json,garbage-classification-data
盐水花生壳,厨余垃圾,,[],https://cdn.jsdelivr.net/npm/garbage-classification-data/garbage.json,garbage-classification-data
豆浆渣,厨余垃圾,,[],https://cdn.jsdelivr.net/npm/garbage-classification-data/garbage.json,garbage-classification-data
红枣核,厨余垃圾,,[],https://cdn.jsdelivr.net/npm/garbage-classification-data/garbage.json,garbage-classification-data
枣子核,厨余垃圾,,[],https://cdn.jsdelivr.net/npm/garbage-classification-data/garbage.json,garbage-classification-data
面粉,厨余垃圾,,[],https://cdn.jsdelivr.net/npm/garbage-classification-data/garbage.json,garbage-classification-data
咖啡粉,厨余垃圾,,[],https://cdn.jsdelivr.net/npm/garbage-classification-data/garbage.json,garbage-classification-data
桔子皮,厨余垃圾,,[],https://cdn.jsdelivr.net/npm/garbage-classification-data/garbage.json,garbage-classification-data
橘子,厨余垃圾,,[],https://cdn.jsdelivr.net/npm/garbage-classification-data/garbage.json,garbage-classification-data
牛油果皮,厨余垃圾,,[],https://cdn.jsdelivr.net/npm/garbage-classification-data/garbage.json,garbage-classification-data
油桃肉,厨余垃圾,,[],https://cdn.jsdelivr.net/npm/garbage-classification-data/garbage.json,garbage-classification-data
水蜜桃,厨余垃圾,,[],https://cdn.jsdelivr.net/npm/garbage-classification-data/garbage.json,garbage-classification-data
樱桃干,厨余垃圾,,[],https://cdn.jsdelivr.net/npm/garbage-classification-data/garbage.json,garbage-classification-data
龙虾片,厨余垃圾,,[],https://cdn.jsdelivr.net/npm/garbage-classification-data/garbage.json,garbage-classification-data
土豆泥,厨余垃圾,,[],https://cdn.jsdelivr.net/npm/garbage-classification-data/garbage.json,garbage-classification-data
废弃植物,厨余垃圾,,[],https://cdn.jsdelivr.net/npm/garbage-classification-data/garbage.json,garbage-classification-data
玉米猫砂,厨余垃圾,,[],https://cdn.jsdelivr.net/npm/garbage-classification-data/garbage.json,garbage-classification-data
油烟机油脂,厨余垃圾,,[],https://cdn.jsdelivr.net/npm/garbage-classification-data/garbage.json,garbage-classification-data
油条,厨余垃圾,,[],https://cdn.jsdelivr.net/npm/garbage-classification-data/garbage.json,garbage-classification-data
紫薯皮,厨余垃圾,,[],https://cdn.jsdelivr.net/npm/garbage-classification-data/garbage.json,garbage-classification-data
燕麦片,厨余垃圾,,[],https://cdn.jsdelivr.net/npm/garbage-classification-data/garbage.json,garbage-classification-data
小米,厨余垃圾,,[],https://cdn.jsdelivr.net/npm/garbage-classification-data/garbage.json,garbage-classification-data
糯米,厨余垃圾,,[],https://cdn.jsdelivr.net/npm/garbage-classification-data/garbage.json,garbage-classification-data
白糖,厨余垃圾,,[],https://cdn.jsdelivr.net/npm/garbage-classification-data/garbage.json,garbage-classification-data
榨菜,厨余垃圾,,[],https://cdn.jsdelivr.net/npm/garbage-classification-data/garbage.json,garbage-classification-data
油桃核,厨余垃圾,,[],https://cdn.jsdelivr.net/npm/garbage-classification-data/garbage.json,garbage-classification-data
酸豆角,厨余垃圾,,[],https://cdn.jsdelivr.net/npm/garbage-classification-data/garbage.json,garbage-classification-data
牛肉,厨余垃圾,,[],https://cdn.jsdelivr.net/npm/garbage-classification-data/garbage.json,garbage-classification-data
鸭肉,厨余垃圾,,[],https://cdn.jsdelivr.net/npm/garbage-classification-data/garbage.json,garbage-classification-data
话梅肉,厨余垃圾,,[],https://cdn.jsdelivr.net/npm/garbage-classification-data/garbage.json,garbage-classification-data
鱼皮花生,厨余垃圾,,[],https://cdn.jsdelivr.net/npm/garbage-classification-data/garbage.json,garbage-classification-data
咸蛋黄,厨余垃圾,,[],https://cdn.jsdelivr.net/npm/garbage-classification-data/garbage.json,garbage-classification-data
冬瓜皮,厨余垃圾,,[],https://cdn.jsdelivr.net/npm/garbage-classification-data/garbage.json,garbage-classification-data
咖啡伴侣粉,厨余垃圾,,[],https://cdn.jsdelivr.net/npm/garbage-classification-data/garbage.json,garbage-classification-data
苦瓜,厨余垃圾,,[],https://cdn.jsdelivr.net/npm/garbage-classification-data/garbage.json,garbage-classification-data
小龙虾头,厨余垃圾,,[],https://cdn.jsdelivr.net/npm/garbage-classification-data/garbage.json,garbage-classification-data
石榴,厨余垃圾,,[],https://cdn.jsdelivr.net/npm/garbage-classification-data/garbage.json,garbage-classification-data
石榴籽,厨余垃圾,,[],https://cdn.jsdelivr.net/npm/garbage-classification-data/garbage.json,garbage-classification-data
叫化鸡,厨余垃圾,,[],https://cdn.jsdelivr.net/npm/garbage-classification-data/garbage.json,garbage-classification-data
干辣椒,厨余垃圾,,[],https://cdn.jsdelivr.net/npm/garbage-classification-data/garbage.json,garbage-classification-data
山药,厨余垃圾,,[],https://cdn.jsdelivr.net/npm/garbage-classification-data/garbage.json,garbage-classification-data
土豆皮,厨余垃圾,,[],https://cdn.jsdelivr.net/npm/garbage-classification-data/garbage.json,garbage-classification-data
炒花生米,厨余垃圾,,[],https://cdn.jsdelivr.net/npm/garbage-classification-data/garbage.json,garbage-classification-data
蟹肉,厨余垃圾,,[],https://cdn.jsdelivr.net/npm/garbage-classification-data/garbage.json,garbage-classification-data
虾肉,厨余垃圾,,[],https://cdn.jsdelivr.net/npm/garbage-classification-data/garbage.json,garbage-classification-data
速冻馄饨,厨余垃圾,,[],https://cdn.jsdelivr.net/npm/garbage-classification-data/garbage.json,garbage-classification-data
棒棒糖,厨余垃圾,,[],https://cdn.jsdelivr.net/npm/garbage-classification-data/garbage.json,garbage-classification-data
蛤肉,厨余垃圾,,[],https://cdn.jsdelivr.net/npm/garbage-classification-data/garbage.json,garbage-classification-data
小龙虾肉,厨余垃圾,,[],https://cdn.jsdelivr.net/npm/garbage-classification-data/garbage.json,garbage-classification-data
蚕豆,厨余垃圾,,[],https://cdn.jsdelivr.net/npm/garbage-classification-data/garbage.json,garbage-classification-data
樱桃梗,厨余垃圾,,[],https://cdn.jsdelivr.net/npm/garbage-classification-data/garbage.json,garbage-classification-data
水果皮,厨余垃圾,,[],https://cdn.jsdelivr.net/npm/garbage-classification-data/garbage.json,garbage-classification-data
皮蛋,厨余垃圾,,[],https://cdn.jsdelivr.net/npm/garbage-classification-data/garbage.json,garbage-classification-data
咸蛋,厨余垃圾,,[],https://cdn.jsdelivr.net/npm/garbage-classification-data/garbage.json,garbage-classification-data
奇异果,厨余垃圾,,[],https://cdn.jsdelivr.net/npm/garbage-classification-data/garbage.json,garbage-classification-data
花甲壳,厨余垃圾,,[],https://cdn.jsdelivr.net/npm/garbage-classification-data/garbage.json,garbage-classification-data
海底捞锅底,厨余垃圾,,[],https://cdn.jsdelivr.net/npm/garbage-classification-data/garbage.json,garbage-classification-data
牛肉干,厨余垃圾,,[],https://cdn.jsdelivr.net/npm/garbage-classification-data/garbage.json,garbage-classification-data
椰果,厨余垃圾,,[],https://cdn.jsdelivr.net/npm/garbage-classification-data/garbage.json,garbage-classification-data
鸭下巴,厨余垃圾,,[],https://cdn.jsdelivr.net/npm/garbage-classification-data/garbage.json,garbage-classification-data
芝麻酱,厨余垃圾,,[],https://cdn.jsdelivr.net/npm/garbage-classification-data/garbage.json,garbage-classification-data
花生酱,厨余垃圾,,[],https://cdn.jsdelivr.net/npm/garbage-classification-data/garbage.json,garbage-classification-data
小龙虾黄,厨余垃圾,,[],https://cdn.jsdelivr.net/npm/garbage-classification-data/garbage.json,garbage-classification-data
肯德基炸鸡,厨余垃圾,,[],https://cdn.jsdelivr.net/npm/garbage-classification-data/garbage.json,garbage-classification-data
麦当劳炸鸡,厨余垃圾,,[],https://cdn.jsdelivr.net/npm/garbage-classification-data/garbage.json,garbage-classification-data
面饼,厨余垃圾,,[],https://cdn.jsdelivr.net/npm/garbage-classification-data/garbage.json,garbage-classification-data
鸡蛋饼,厨余垃圾,,[],https://cdn.jsdelivr.net/npm/garbage-classification-data/garbage.json,garbage-classification-data
煎饼,厨余垃圾,,[],https://cdn.jsdelivr.net/npm/garbage-classification-data/garbage.json,garbage-classification-data
哈密瓜,厨余垃圾,,[],https://cdn.jsdelivr.net/npm/garbage-classification-data/garbage.json,garbage-classification-data
哈密瓜籽,厨余垃圾,,[],https://cdn.jsdelivr.net/npm/garbage-classification-data/garbage.json,garbage-classification-data
干树叶,厨余垃圾,,[],https://cdn.jsdelivr.net/npm/garbage-classification-data/garbage.json,garbage-classification-data
绿豆糕,厨余垃圾,,[],https://cdn.jsdelivr.net/npm/garbage-classification-data/garbage.json,garbage-classification-data
乒乓糯米糍,厨余垃圾,,[],https://cdn.jsdelivr.net/npm/garbage-classification-data/garbage.json,garbage-classification-data
杏仁核,厨余垃圾,,[],https://cdn.jsdelivr.net/npm/garbage-classification-data/garbage.json,garbage-classification-data
黄杏核,厨余垃圾,,[],https://cdn.jsdelivr.net/npm/garbage-classification-data/garbage.json,garbage-classification-data
茶叶,厨余垃圾,,[],https://cdn.jsdelivr.net/npm/garbage-classification-data/garbage.json,garbage-classification-data
铁观音,厨余垃圾,,[],https://cdn.jsdelivr.net/npm/garbage-classification-data/garbage.json,garbage-classification-data
乌龙茶,厨余垃圾,,[],https://cdn.jsdelivr.net/npm/garbage-classification-data/garbage.json,garbage-classification-data
白茶,厨余垃圾,,[],https://cdn.jsdelivr.net/npm/garbage-classification-data/garbage.json,garbage-classification-data
桔普茶,厨余垃圾,,[],https://cdn.jsdelivr.net/npm/garbage-classification-data/garbage.json,garbage-classification-data
水草,厨余垃圾,,[],https://cdn.jsdelivr.net/npm/garbage-classification-data/garbage.json,garbage-classification-data
海藻,厨余垃圾,,[],https://cdn.jsdelivr.net/npm/garbage-classification-data/garbage.json,garbage-classification-data
水果软核,厨余垃圾,,[],https://cdn.jsdelivr.net/npm/garbage-classification-data/garbage.json,garbage-classification-data
咖喱粉,厨余垃圾,,[],https://cdn.jsdelivr.net/npm/garbage-classification-data/garbage.json,garbage-classification-data
瓜子,厨余垃圾,,[],https://cdn.jsdelivr.net/npm/garbage-classification-data/garbage.json,garbage-classification-data
大蒜皮,厨余垃圾,,[],https://cdn.jsdelivr.net/npm/garbage-classification-data/garbage.json,garbage-classification-data
扇贝壳,厨余垃圾,,[],https://cdn.jsdelivr.net/npm/garbage-classification-data/garbage.json,garbage-classification-data
咸蛋壳,厨余垃圾,,[],https://cdn.jsdelivr.net/npm/garbage-classification-data/garbage.json,garbage-classification-data
鸭蛋壳,厨余垃圾,,[],https://cdn.jsdelivr.net/npm/garbage-classification-data/garbage.json,garbage-classification-data
凤梨皮,厨余垃圾,,[],https://cdn.jsdelivr.net/npm/garbage-classification-data/garbage.json,garbage-classification-data
面包屑,厨余垃圾,,[],https://cdn.jsdelivr.net/npm/garbage-classification-data/garbage.json,garbage-classification-data
小龙虾,厨余垃圾,,[],https://cdn.jsdelivr.net/npm/garbage-classification-data/garbage.json,garbage-classification-data
香榧子壳,厨余垃圾,,[],https://cdn.jsdelivr.net/npm/garbage-classification-data/garbage.json,garbage-classification-data
鸡蛋皮,厨余垃圾,,[],https://cdn.jsdelivr.net/npm/garbage-classification-data/garbage.json,garbage-classification-data
凤梨酥,厨余垃圾,,[],https://cdn.jsdelivr.net/npm/garbage-classification-data/garbage.json,garbage-classification-data
苹果派,厨余垃圾,,[],https://cdn.jsdelivr.net/npm/garbage-classification-data/garbage.json,garbage-classification-data
玉米芯,厨余垃圾,,[],https://cdn.jsdelivr.net/npm/garbage-classification-data/garbage.json,garbage-classification-data
黄瓜皮,厨余垃圾,,[],https://cdn.jsdelivr.net/npm/garbage-classification-data/garbage.json,garbage-classification-data
橙子皮,厨余垃圾,,[],https://cdn.jsdelivr.net/npm/garbage-classification-data/garbage.json,garbage-classification-data
生鸡蛋壳,厨余垃圾,,[],https://cdn.jsdelivr.net/npm/garbage-classification-data/garbage.json,garbage-classification-data
花茶渣,厨余垃圾,,[],https://cdn.jsdelivr.net/npm/garbage-classification-data/garbage.json,garbage-classification-data
荷叶,厨余垃圾,,[],https://cdn.jsdelivr.net/npm/garbage-classification-data/garbage.json,garbage-classification-data
柚子核,厨余垃圾,,[],https://cdn.jsdelivr.net/npm/garbage-classification-data/garbage.json,garbage-classification-data
青蟹壳,厨余垃圾,,[],https://cdn.jsdelivr.net/npm/garbage-classification-data/garbage.json,garbage-classification-data
山楂片,厨余垃圾,,[],https://cdn.jsdelivr.net/npm/garbage-classification-data/garbage.json,garbage-classification-data
红辣椒,厨余垃圾,,[],https://cdn.jsdelivr.net/npm/garbage-classification-data/garbage.json,garbage-classification-data
巧克力粉,厨余垃圾,,[],https://cdn.jsdelivr.net/npm/garbage-classification-data/garbage.json,garbage-classification-data
鸭架,厨余垃圾,,[],https://cdn.jsdelivr.net/npm/garbage-classification-data/garbage.json,garbage-classification-data
白砂糖,厨余垃圾,,[],https://cdn.jsdelivr.net/npm/garbage-classification-data/garbage.json,garbage-classification-data
鸽粪,厨余垃圾,,[],https://cdn.jsdelivr.net/npm/garbage-classification-data/garbage.json,garbage-classification-data
桃子皮,厨余垃圾,,[],https://cdn.jsdelivr.net/npm/garbage-classification-data/garbage.json,garbage-classification-data
桂圆干,厨余垃圾,,[],https://cdn.jsdelivr.net/npm/garbage-classification-data/garbage.json,garbage-classification-data
中草药材,厨余垃圾,,[],https://cdn.jsdelivr.net/npm/garbage-classification-data/garbage.json,garbage-classification-data
梭子蟹壳,厨余垃圾,,[],https://cdn.jsdelivr.net/npm/garbage-classification-data/garbage.json,garbage-classification-data
河虾,厨余垃圾,,[],https://cdn.jsdelivr.net/npm/garbage-classification-data/garbage.json,garbage-classification-data
白米虾,厨余垃圾,,[],https://cdn.jsdelivr.net/npm/garbage-classification-data/garbage.json,garbage-classification-data
象鼻蚌,厨余垃圾,,[],https://cdn.jsdelivr.net/npm/garbage-classification-data/garbage.json,garbage-classification-data
水蜜桃核,厨余垃圾,,[],https://cdn.jsdelivr.net/npm/garbage-classification-data/garbage.json,garbage-classification-data
糯米纸,厨余垃圾,,[],https://cdn.jsdelivr.net/npm/garbage-classification-data/garbage.json,garbage-classification-data
鸡蛋卷,厨余垃圾,,[],https://cdn.jsdelivr.net/npm/garbage-classification-data/garbage.json,garbage-classification-data
鸡蛋壳,厨余垃圾,,[],https://cdn.jsdelivr.net/npm/garbage-classification-data/garbage.json,garbage-classification-data
豆干,厨余垃圾,,[],https://cdn.jsdelivr.net/npm/garbage-classification-data/garbage.json,garbage-classification-data
豆腐干,厨余垃圾,,[],https://cdn.jsdelivr.net/npm/garbage-classification-data/garbage.json,garbage-classification-data
冬瓜籽,厨余垃圾,,[],https://cdn.jsdelivr.net/npm/garbage-classification-data/garbage.json,garbage-classification-data
向日葵花束,厨余垃圾,,[],https://cdn.jsdelivr.net/npm/garbage-classification-data/garbage.json,garbage-classification-data
枯萎花束,厨余垃圾,,[],https://cdn.jsdelivr.net/npm/garbage-classification-data/garbage.json,garbage-classification-data
笋干,厨余垃圾,,[],https://cdn.jsdelivr.net/npm/garbage-classification-data/garbage.json,garbage-classification-data
白煮蛋,厨余垃圾,,[],https://cdn.jsdelivr.net/npm/garbage-classification-data/garbage.json,garbage-classification-data
花蛤肉,厨余垃圾,,[],https://cdn.jsdelivr.net/npm/garbage-classification-data/garbage.json,garbage-classification-data
蛋黄酥,厨余垃圾,,[],https://cdn.jsdelivr.net/npm/garbage-classification-data/garbage.json,garbage-classification-data
油墩子,厨余垃圾,,[],https://cdn.jsdelivr.net/npm/garbage-classification-data/garbage.json,garbage-classification-data
葱油饼,厨余垃圾,,[],https://cdn.jsdelivr.net/npm/garbage-classification-data/garbage.json,garbage-classification-data
山东煎饼,厨余垃圾,,[],https://cdn.jsdelivr.net/npm/garbage-classification-data/garbage.json,garbage-classification-data
碎骨头,厨余垃圾,,[],https://cdn.jsdelivr.net/npm/garbage-classification-data/garbage.json,garbage-classification-data
枸杞,厨余垃圾,,[],https://cdn.jsdelivr.net/npm/garbage-classification-data/garbage.json,garbage-classification-data
猪肝,厨余垃圾,,[],https://cdn.jsdelivr.net/npm/garbage-classification-data/garbage.json,garbage-classification-data
碧根果肉,厨余垃圾,,[],https://cdn.jsdelivr.net/npm/garbage-classification-data/garbage.json,garbage-classification-data
茭白皮,厨余垃圾,,[],https://cdn.jsdelivr.net/npm/garbage-classification-data/garbage.json,garbage-classification-data
西葫芦,厨余垃圾,,[],https://cdn.jsdelivr.net/npm/garbage-classification-data/garbage.json,garbage-classification-data
猪肉,厨余垃圾,,[],https://cdn.jsdelivr.net/npm/garbage-classification-data/garbage.json,garbage-classification-data
小排骨,厨余垃圾,,[],https://cdn.jsdelivr.net/npm/garbage-classification-data/garbage.json,garbage-classification-data
沙拉酱,厨余垃圾,,[],https://cdn.jsdelivr.net/npm/garbage-classification-data/garbage.json,garbage-classification-data
拉菲草,厨余垃圾,,[],https://cdn.jsdelivr.net/npm/garbage-classification-data/garbage.json,garbage-classification-data
大白兔奶糖,厨余垃圾,,[],https://cdn.jsdelivr.net/npm/garbage-classification-data/garbage.json,garbage-classification-data
猕猴桃皮,厨余垃圾,,[],https://cdn.jsdelivr.net/npm/garbage-classification-data/garbage.json,garbage-classification-data
桃仁,厨余垃圾,,[],https://cdn.jsdelivr.net/npm/garbage-classification-data/garbage.json,garbage-classification-data
杨梅干,厨余垃圾,,[],https://cdn.jsdelivr.net/npm/garbage-classification-data/garbage.json,garbage-classification-data
带子壳,厨余垃圾,,[],https://cdn.jsdelivr.net/npm/garbage-classification-data/garbage.json,garbage-classification-data
玉米塑料袋,厨余垃圾,,[],https://cdn.jsdelivr.net/npm/garbage-classification-data/garbage.json,garbage-classification-data
鸭头,厨余垃圾,,[],https://cdn.jsdelivr.net/npm/garbage-classification-data/garbage.json,garbage-classification-data
翅尖,厨余垃圾,,[],https://cdn.jsdelivr.net/npm/garbage-classification-data/garbage.json,garbage-classification-data
番茄沙司,厨余垃圾,,[],https://cdn.jsdelivr.net/npm/garbage-classification-data/garbage.json,garbage-classification-data
巴旦木,厨余垃圾,,[],https://cdn.jsdelivr.net/npm/garbage-classification-data/garbage.json,garbage-classification-data
叶子,厨余垃圾,,[],https://cdn.jsdelivr.net/npm/garbage-classification-data/garbage.json,garbage-classification-data
鸭舌,厨余垃圾,,[],https://cdn.jsdelivr.net/npm/garbage-classification-data/garbage.json,garbage-classification-data
黄芪,厨余垃圾,,[],https://cdn.jsdelivr.net/npm/garbage-classification-data/garbage.json,garbage-classification-data
三七粉,厨余垃圾,,[],https://cdn.jsdelivr.net/npm/garbage-classification-data/garbage.json,garbage-classification-data
章鱼小丸子,厨余垃圾,,[],https://cdn.jsdelivr.net/npm/garbage-classification-data/garbage.json,garbage-classification-data
鱿鱼,厨余垃圾,,[],https://cdn.jsdelivr.net/npm/garbage-classification-data/garbage.json,garbage-classification-data
鱿鱼丝,厨余垃圾,,[],https://cdn.jsdelivr.net/npm/garbage-classification-data/garbage.json,garbage-classification-data
生蚝肉,厨余垃圾,,[],https://cdn.jsdelivr.net/npm/garbage-classification-data/garbage.json,garbage-classification-data
枇杷,厨余垃圾,,[],https://cdn.jsdelivr.net/npm/garbage-classification-data/garbage.json,garbage-classification-data
烤鸭,厨余垃圾,,[],https://cdn.jsdelivr.net/npm/garbage-classification-data/garbage.json,garbage-classification-data
北京烤鸭,厨余垃圾,,[],https://cdn.jsdelivr.net/npm/garbage-classification-data/garbage.json,garbage-classification-data
洋山芋,厨余垃圾,,[],https://cdn.jsdelivr.net/npm/garbage-classification-data/garbage.json,garbage-classification-data
铁棍山药,厨余垃圾,,[],https://cdn.jsdelivr.net/npm/garbage-classification-data/garbage.json,garbage-classification-data
鸭锁骨,厨余垃圾,,[],https://cdn.jsdelivr.net/npm/garbage-classification-data/garbage.json,garbage-classification-data
海星,厨余垃圾,,[],https://cdn.jsdelivr.net/npm/garbage-classification-data/garbage.json,garbage-classification-data
黑椒牛排,厨余垃圾,,[],https://cdn.jsdelivr.net/npm/garbage-classification-data/garbage.json,garbage-classification-data
杨桃,厨余垃圾,,[],https://cdn.jsdelivr.net/npm/garbage-classification-data/garbage.json,garbage-classification-data
胡萝卜皮,厨余垃圾,,[],https://cdn.jsdelivr.net/npm/garbage-classification-data/garbage.json,garbage-classification-data
生肉,厨余垃圾,,[],https://cdn.jsdelivr.net/npm/garbage-classification-data/garbage.json,garbage-classification-data
皮蛋壳,厨余垃圾,,[],https://cdn.jsdelivr.net/npm/garbage-classification-data/garbage.json,garbage-classification-data
山楂干,厨余垃圾,,[],https://cdn.jsdelivr.net/npm/garbage-classification-data/garbage.json,garbage-classification-data
番茄皮,厨余垃圾,,[],https://cdn.jsdelivr.net/npm/garbage-classification-data/garbage.json,garbage-classification-data
番茄梗,厨余垃圾,,[],https://cdn.jsdelivr.net/npm/garbage-classification-data/garbage.json,garbage-classification-data
鲜花饼,厨余垃圾,,[],https://cdn.jsdelivr.net/npm/garbage-classification-data/garbage.json,garbage-classification-data
公丁香,厨余垃圾,,[],https://cdn.jsdelivr.net/npm/garbage-classification-data/garbage.json,garbage-classification-data
薄荷叶,厨余垃圾,,[],https://cdn.jsdelivr.net/npm/garbage-classification-data/garbage.json,garbage-classification-data
花甲粉,厨余垃圾,,[],https://cdn.jsdelivr.net/npm/garbage-classification-data/garbage.json,garbage-classification-data
金丝皇菊,厨余垃圾,,[],https://cdn.jsdelivr.net/npm/garbage-classification-data/garbage.json,garbage-classification-data
火腿肠,厨余垃圾,,[],https://cdn.jsdelivr.net/npm/garbage-classification-data/garbage.json,garbage-classification-data
藏红花,厨余垃圾,,[],https://cdn.jsdelivr.net/npm/garbage-classification-data/garbage.json,garbage-classification-data
基围虾,厨余垃圾,,[],https://cdn.jsdelivr.net/npm/garbage-classification-data/garbage.json,garbage-classification-data
基围虾壳,厨余垃圾,,[],https://cdn.jsdelivr.net/npm/garbage-classification-data/garbage.json,garbage-classification-data
烘山芋皮,厨余垃圾,,[],https://cdn.jsdelivr.net/npm/garbage-classification-data/garbage.json,garbage-classification-data
茶叶蛋壳,厨余垃圾,,[],https://cdn.jsdelivr.net/npm/garbage-classification-data/garbage.json,garbage-classification-data
咸鸡,厨余垃圾,,[],https://cdn.jsdelivr.net/npm/garbage-classification-data/garbage.json,garbage-classification-data
烤鸡,厨余垃圾,,[],https://cdn.jsdelivr.net/npm/garbage-classification-data/garbage.json,garbage-classification-data
盐水鸭,厨余垃圾,,[],https://cdn.jsdelivr.net/npm/garbage-classification-data/garbage.json,garbage-classification-data
银耳,厨余垃圾,,[],https://cdn.jsdelivr.net/npm/garbage-classification-data/garbage.json,garbage-classification-data
意大利面,厨余垃圾,,[],https://cdn.jsdelivr.net/npm/garbage-classification-data/garbage.json,garbage-classification-data
烧饼,厨余垃圾,,[],https://cdn.jsdelivr.net/npm/garbage-classification-data/garbage.json,garbage-classification-data
红薯皮,厨余垃圾,,[],https://cdn.jsdelivr.net/npm/garbage-classification-data/garbage.json,garbage-classification-data
雪花酥,厨余垃圾,,[],https://cdn.jsdelivr.net/npm/garbage-classification-data/garbage.json,garbage-classification-data
干桂圆壳,厨余垃圾,,[],https://cdn.jsdelivr.net/npm/garbage-classification-data/garbage.json,garbage-classification-data
丝瓜,厨余垃圾,,[],https://cdn.jsdelivr.net/npm/garbage-classification-data/garbage.json,garbage-classification-data
玉米粒,厨余垃圾,,[],https://cdn.jsdelivr.net/npm/garbage-classification-data/garbage.json,garbage-classification-data
胖大海,厨余垃圾,,[],https://cdn.jsdelivr.net/npm/garbage-classification-data/garbage.json,garbage-classification-data
干面粉,厨余垃圾,,[],https://cdn.jsdelivr.net/npm/garbage-classification-data/garbage.json,garbage-classification-data
薰衣草,厨余垃圾,,[],https://cdn.jsdelivr.net/npm/garbage-classification-data/garbage.json,garbage-classification-data
干花生壳,厨余垃圾,,[],https://cdn.jsdelivr.net/npm/garbage-classification-data/garbage.json,garbage-classification-data
猫冻干,厨余垃圾,,[],https://cdn.jsdelivr.net/npm/garbage-classification-data/garbage.json,garbage-classification-data
麻辣香锅残渣,厨余垃圾,,[],https://cdn.jsdelivr.net/npm/garbage-classification-data/garbage.json,garbage-classification-data
菠萝蜜肉,厨余垃圾,,[],https://cdn.jsdelivr.net/npm/garbage-classification-data/garbage.json,garbage-classification-data
五香蛋,厨余垃圾,,[],https://cdn.jsdelivr.net/npm/garbage-classification-data/garbage.json,garbage-classification-data
莴苣,厨余垃圾,,[],https://cdn.jsdelivr.net/npm/garbage-classification-data/garbage.json,garbage-classification-data
蒲公英,厨余垃圾,,[],https://cdn.jsdelivr.net/npm/garbage-classification-data/garbage.json,garbage-classification-data
小笼包,厨余垃圾,,[],https://cdn.jsdelivr.net/npm/garbage-classification-data/garbage.json,garbage-classification-data
灌汤包,厨余垃圾,,[],https://cdn.jsdelivr.net/npm/garbage-classification-data/garbage.json,garbage-classification-data
德克士炸鸡,厨余垃圾,,[],https://cdn.jsdelivr.net/npm/garbage-classification-data/garbage.json,garbage-classification-data
鲫鱼,厨余垃圾,,[],https://cdn.jsdelivr.net/npm/garbage-classification-data/garbage.json,garbage-classification-data
鳜鱼,厨余垃圾,,[],https://cdn.jsdelivr.net/npm/garbage-classification-data/garbage.json,garbage-classification-data
粉丝,厨余垃圾,,[],https://cdn.jsdelivr.net/npm/garbage-classification-data/garbage.json,garbage-classification-data
木耳,厨余垃圾,,[],https://cdn.jsdelivr.net/npm/garbage-classification-data/garbage.json,garbage-classification-data
花草茶渣,厨余垃圾,,[],https://cdn.jsdelivr.net/npm/garbage-classification-data/garbage.json,garbage-classification-data
肉夹馍,厨余垃圾,,[],https://cdn.jsdelivr.net/npm/garbage-classification-data/garbage.json,garbage-classification-data
粗盐,厨余垃圾,,[],https://cdn.jsdelivr.net/npm/garbage-classification-data/garbage.json,garbage-classification-data
豆杆,厨余垃圾,,[],https://cdn.jsdelivr.net/npm/garbage-classification-data/garbage.json,garbage-classification-data
青豆,厨余垃圾,,[],https://cdn.jsdelivr.net/npm/garbage-classification-data/garbage.json,garbage-classification-data
青豆萁,厨余垃圾,,[],https://cdn.jsdelivr.net/npm/garbage-classification-data/garbage.json,garbage-classification-data
饺子皮,厨余垃圾,,[],https://cdn.jsdelivr.net/npm/garbage-classification-data/garbage.json,garbage-classification-data
馄饨皮,厨余垃圾,,[],https://cdn.jsdelivr.net/npm/garbage-classification-data/garbage.json,garbage-classification-data
白瓜子,厨余垃圾,,[],https://cdn.jsdelivr.net/npm/garbage-classification-data/garbage.json,garbage-classification-data
煎饼果子,厨余垃圾,,[],https://cdn.jsdelivr.net/npm/garbage-classification-data/garbage.json,garbage-classification-data
小葱,厨余垃圾,,[],https://cdn.jsdelivr.net/npm/garbage-classification-data/garbage.json,garbage-classification-data
木瓜,厨余垃圾,,[],https://cdn.jsdelivr.net/npm/garbage-classification-data/garbage.json,garbage-classification-data
木瓜籽,厨余垃圾,,[],https://cdn.jsdelivr.net/npm/garbage-classification-data/garbage.json,garbage-classification-data
可降解吸管,厨余垃圾,,[],https://cdn.jsdelivr.net/npm/garbage-classification-data/garbage.json,garbage-classification-data
小肉骨头,厨余垃圾,,[],https://cdn.jsdelivr.net/npm/garbage-classification-data/garbage.json,garbage-classification-data
螺蛳粉,厨余垃圾,,[],https://cdn.jsdelivr.net/npm/garbage-classification-data/garbage.json,garbage-classification-data
芋艿皮,厨余垃圾,,[],https://cdn.jsdelivr.net/npm/garbage-classification-data/garbage.json,garbage-classification-data
花椒粉,厨余垃圾,,[],https://cdn.jsdelivr.net/npm/garbage-classification-data/garbage.json,garbage-classification-data
绿豆沙,厨余垃圾,,[],https://cdn.jsdelivr.net/npm/garbage-classification-data/garbage.json,garbage-classification-data
荞麦,厨余垃圾,,[],https://cdn.jsdelivr.net/npm/garbage-classification-data/garbage.json,garbage-classification-data
荞麦面,厨余垃圾,,[],https://cdn.jsdelivr.net/npm/garbage-classification-data/garbage.json,garbage-classification-data
阿胶,厨余垃圾,,[],https://cdn.jsdelivr.net/npm/garbage-classification-data/garbage.json,garbage-classification-data
宽粉条,厨余垃圾,,[],https://cdn.jsdelivr.net/npm/garbage-classification-data/garbage.json,garbage-classification-data
毛豆皮,厨余垃圾,,[],https://cdn.jsdelivr.net/npm/garbage-classification-data/garbage.json,garbage-classification-data
麦片,厨余垃圾,,[],https://cdn.jsdelivr.net/npm/garbage-classification-data/garbage.json,garbage-classification-data
纸吸管,厨余垃圾,,[],https://cdn.jsdelivr.net/npm/garbage-classification-data/garbage.json,garbage-classification-data
调制海藻面膜,厨余垃圾,,[],https://cdn.jsdelivr.net/npm/garbage-classification-data/garbage.json,garbage-classification-data
桂花糕,厨余垃圾,,[],https://cdn.jsdelivr.net/npm/garbage-classification-data/garbage.json,garbage-classification-data
猪皮,厨余垃圾,,[],https://cdn.jsdelivr.net/npm/garbage-classification-data/garbage.json,garbage-classification-data
臭虫,厨余垃圾,,[],https://cdn.jsdelivr.net/npm/garbage-classification-data/garbage.json,garbage-classification-data
芡实糕,厨余垃圾,,[],https://cdn.jsdelivr.net/npm/garbage-classification-data/garbage.json,garbage-classification-data
牛轧糖,厨余垃圾,,[],https://cdn.jsdelivr.net/npm/garbage-classification-data/garbage.json,garbage-classification-data
火鸡骨头,厨余垃圾,,[],https://cdn.jsdelivr.net/npm/garbage-classification-data/garbage.json,garbage-classification-data
鸡头,厨余垃圾,,[],https://cdn.jsdelivr.net/npm/garbage-classification-data/garbage.json,garbage-classification-data
猪排,厨余垃圾,,[],https://cdn.jsdelivr.net/npm/garbage-classification-data/garbage.json,garbage-classification-data
猪扒,厨余垃圾,,[],https://cdn.jsdelivr.net/npm/garbage-classification-data/garbage.json,garbage-classification-data
蜗牛,厨余垃圾,,[],https://cdn.jsdelivr.net/npm/garbage-classification-data/garbage.json,garbage-classification-data
鱼饲料,厨余垃圾,,[],https://cdn.jsdelivr.net/npm/garbage-classification-data/garbage.json,garbage-classification-data
银杏果,厨余垃圾,,[],https://cdn.jsdelivr.net/npm/garbage-classification-data/garbage.json,garbage-classification-data
麻花,厨余垃圾,,[],https://cdn.jsdelivr.net/npm/garbage-classification-data/garbage.json,garbage-classification-data
鱼头,厨余垃圾,,[],https://cdn.jsdelivr.net/npm/garbage-classification-data/garbage.json,garbage-classification-data
早餐谷物,厨余垃圾,,[],https://cdn.jsdelivr.net/npm/garbage-classification-data/garbage.json,garbage-classification-data
猪小排,厨余垃圾,,[],https://cdn.jsdelivr.net/npm/garbage-classification-data/garbage.json,garbage-classification-data
猪肉排骨,厨余垃圾,,[],https://cdn.jsdelivr.net/npm/garbage-classification-data/garbage.json,garbage-classification-data
玉米纤维袋,厨余垃圾,,[],https://cdn.jsdelivr.net/npm/garbage-classification-data/garbage.json,garbage-classification-data
话梅壳,厨余垃圾,,[],https://cdn.jsdelivr.net/npm/garbage-classification-data/garbage.json,garbage-classification-data
乌梅壳,厨余垃圾,,[],https://cdn.jsdelivr.net/npm/garbage-classification-data/garbage.json,garbage-classification-data
山竹核,厨余垃圾,,[],https://cdn.jsdelivr.net/npm/garbage-classification-data/garbage.json,garbage-classification-data
鸡软骨,厨余垃圾,,[],https://cdn.jsdelivr.net/npm/garbage-classification-data/garbage.json,garbage-classification-data
杏子核,厨余垃圾,,[],https://cdn.jsdelivr.net/npm/garbage-classification-data/garbage.json,garbage-classification-data
虾皮,厨余垃圾,,[],https://cdn.jsdelivr.net/npm/garbage-classification-data/garbage.json,garbage-classification-data
虾米,厨余垃圾,,[],https://cdn.jsdelivr.net/npm/garbage-classification-data/garbage.json,garbage-classification-data
蟠桃核,厨余垃圾,,[],https://cdn.jsdelivr.net/npm/garbage-classification-data/garbage.json,garbage-classification-data
手擀面,厨余垃圾,,[],https://cdn.jsdelivr.net/npm/garbage-classification-data/garbage.json,garbage-classification-data
甲鱼小骨,厨余垃圾,,[],https://cdn.jsdelivr.net/npm/garbage-classification-data/garbage.json,garbage-classification-data
猪肋排,厨余垃圾,,[],https://cdn.jsdelivr.net/npm/garbage-classification-data/garbage.json,garbage-classification-data
里脊肉,厨余垃圾,,[],https://cdn.jsdelivr.net/npm/garbage-classification-data/garbage.json,garbage-classification-data
木薯淀粉,厨余垃圾,,[],https://cdn.jsdelivr.net/npm/garbage-classification-data/garbage.json,garbage-classification-data
香蕉干,厨余垃圾,,[],https://cdn.jsdelivr.net/npm/garbage-classification-data/garbage.json,garbage-classification-data
鸭皮,厨余垃圾,,[],https://cdn.jsdelivr.net/npm/garbage-classification-data/garbage.json,garbage-classification-data
纸巾,其他垃圾,,[],https://cdn.jsdelivr.net/npm/garbage-classification-data/garbage.json,garbage-classification-data
牙签,其他垃圾,,[],https://cdn.jsdelivr.net/npm/garbage-classification-data/garbage.json,garbage-classification-data
一次性筷子,其他垃圾,,[],https://cdn.jsdelivr.net/npm/garbage-classification-data/garbage.json,garbage-classification-data
陶瓷类废弃物,其他垃圾,,[],https://cdn.jsdelivr.net/npm/garbage-classification-data/garbage.json,garbage-classification-data
清扫渣土,其他垃圾,,[],https://cdn.jsdelivr.net/npm/garbage-classification-data/garbage.json,garbage-classification-data
陶瓷碗碟,其他垃圾,,[],https://cdn.jsdelivr.net/npm/garbage-classification-data/garbage.json,garbage-classification-data
大块骨头,其他垃圾,,[],https://cdn.jsdelivr.net/npm/garbage-classification-data/garbage.json,garbage-classification-data
植物硬壳,其他垃圾,,[],https://cdn.jsdelivr.net/npm/garbage-classification-data/garbage.json,garbage-classification-data
枯萎花草,其他垃圾,,[],https://cdn.jsdelivr.net/npm/garbage-classification-data/garbage.json,garbage-classification-data
塑料袋,其他垃圾,,[],https://cdn.jsdelivr.net/npm/garbage-classification-data/garbage.json,garbage-classification-data
保鲜膜,其他垃圾,,[],https://cdn.jsdelivr.net/npm/garbage-classification-data/garbage.json,garbage-classification-data
A4纸包装袋,其他垃圾,,[],https://cdn.jsdelivr.net/npm/garbage-classification-data/garbage.json,garbage-classification-data
零食包装袋,其他垃圾,,[],https://cdn.jsdelivr.net/npm/garbage-classification-data/garbage.json,garbage-classification-data
快递包装袋,其他垃圾,,[],https://cdn.jsdelivr.net/npm/garbage-classification-data/garbage.json,garbage-classification-data
热饮杯盖,其他垃圾,,[],https://cdn.jsdelivr.net/npm/garbage-classification-data/garbage.json,garbage-classification-data
咖啡杯杯盖,其他垃圾,,[],https://cdn.jsdelivr.net/npm/garbage-classification-data/garbage.json,garbage-classification-data
干电池（无汞）,其他垃圾,,[],https://cdn.jsdelivr.net/npm/garbage-classification-data/garbage.json,garbage-classification-data
纸尿裤,其他垃圾,,[],https://cdn.jsdelivr.net/npm/garbage-classification-data/garbage.json,garbage-classification-data
卫生纸,其他垃圾,,[],https://cdn.jsdelivr.net/npm/garbage-classification-data/garbage.json,garbage-classification-data
卫生巾外层薄塑纸,其他垃圾,,[],https://cdn.jsdelivr.net/npm/garbage-classification-data/garbage.json,garbage-classification-data
湿纸巾,其他垃圾,,[],https://cdn.jsdelivr.net/npm/garbage-classification-data/garbage.json,garbage-classification-data
旧浴缸,其他垃圾,,[],https://cdn.jsdelivr.net/npm/garbage-classification-data/garbage.json,garbage-classification-data
盆子,其他垃圾,,[],https://cdn.jsdelivr.net/npm/garbage-classification-data/garbage.json,garbage-classification-data
坏马桶,其他垃圾,,[],https://cdn.jsdelivr.net/npm/garbage-classification-data/garbage.json,garbage-classification-data
旧水槽,其他垃圾,,[],https://cdn.jsdelivr.net/npm/garbage-classification-data/garbage.json,garbage-classification-data
坛子,其他垃圾,,[],https://cdn.jsdelivr.net/npm/garbage-classification-data/garbage.json,garbage-classification-data
菜板,其他垃圾,,[],https://cdn.jsdelivr.net/npm/garbage-classification-data/garbage.json,garbage-classification-data
砖块,其他垃圾,,[],https://cdn.jsdelivr.net/npm/garbage-classification-data/garbage.json,garbage-classification-data
杯子,其他垃圾,,[],https://cdn.jsdelivr.net/npm/garbage-classification-data/garbage.json,garbage-classification-data
瓦片,其他垃圾,,[],https://cdn.jsdelivr.net/npm/garbage-classification-data/garbage.json,garbage-classification-data
西梅核,其他垃圾,,[],https://cdn.jsdelivr.net/npm/garbage-classification-data/garbage.json,garbage-classification-data
坏的花盆,其他垃圾,,[],https://cdn.jsdelivr.net/npm/garbage-classification-data/garbage.json,garbage-classification-data
木质梳子,其他垃圾,,[],https://cdn.jsdelivr.net/npm/garbage-classification-data/garbage.json,garbage-classification-data
脏污衣服,其他垃圾,,[],https://cdn.jsdelivr.net/npm/garbage-classification-data/garbage.json,garbage-classification-data
湿垃圾袋,其他垃圾,,[],https://cdn.jsdelivr.net/npm/garbage-classification-data/garbage.json,garbage-classification-data
水彩笔,其他垃圾,,[],https://cdn.jsdelivr.net/npm/garbage-classification-data/garbage.json,garbage-classification-data
过期化妆品,其他垃圾,,[],https://cdn.jsdelivr.net/npm/garbage-classification-data/garbage.json,garbage-classification-data
旧镜子,其他垃圾,,[],https://cdn.jsdelivr.net/npm/garbage-classification-data/garbage.json,garbage-classification-data
猫罐头,其他垃圾,,[],https://cdn.jsdelivr.net/npm/garbage-classification-data/garbage.json,garbage-classification-data
牙膏壳,其他垃圾,,[],https://cdn.jsdelivr.net/npm/garbage-classification-data/garbage.json,garbage-classification-data
椰子壳,其他垃圾,,[],https://cdn.jsdelivr.net/npm/garbage-classification-data/garbage.json,garbage-classification-data
塑料垃圾袋,其他垃圾,,[],https://cdn.jsdelivr.net/npm/garbage-classification-data/garbage.json,garbage-classification-data
污染纸张,其他垃圾,,[],https://cdn.jsdelivr.net/npm/garbage-classification-data/garbage.json,garbage-classification-data
废弃食品袋,其他垃圾,,[],https://cdn.jsdelivr.net/npm/garbage-classification-data/garbage.json,garbage-classification-data
一次性餐盒,其他垃圾,,[],https://cdn.jsdelivr.net/npm/garbage-classification-data/garbage.json,garbage-classification-data
旧毛巾,其他垃圾,,[],https://cdn.jsdelivr.net/npm/garbage-classification-data/garbage.json,garbage-classification-data
牙膏皮,其他垃圾,,[],https://cdn.jsdelivr.net/npm/garbage-classification-data/garbage.json,garbage-classification-data
废弃的纸张,其他垃圾,,[],https://cdn.jsdelivr.net/npm/garbage-classification-data/garbage.json,garbage-classification-data
装修废弃物,其他垃圾,,[],https://cdn.jsdelivr.net/npm/garbage-classification-data/garbage.json,garbage-classification-data
盛放厨余果皮的垃圾袋,其他垃圾,,[],https://cdn.jsdelivr.net/npm/garbage-classification-data/garbage.json,garbage-classification-data
灰土,其他垃圾,,[],https://cdn.jsdelivr.net/npm/garbage-classification-data/garbage.json,garbage-classification-data
污染较严重的纸,其他垃圾,,[],https://cdn.jsdelivr.net/npm/garbage-classification-data/garbage.json,garbage-classification-data
核桃壳,其他垃圾,,[],https://cdn.jsdelivr.net/npm/garbage-classification-data/garbage.json,garbage-classification-data
头发,其他垃圾,,[],https://cdn.jsdelivr.net/npm/garbage-classification-data/garbage.json,garbage-classification-data
胶带,其他垃圾,,[],https://cdn.jsdelivr.net/npm/garbage-classification-data/garbage.json,garbage-classification-data
一次性咖啡纸杯,其他垃圾,,[],https://cdn.jsdelivr.net/npm/garbage-classification-data/garbage.json,garbage-classification-data
奶茶纸杯,其他垃圾,,[],https://cdn.jsdelivr.net/npm/garbage-classification-data/garbage.json,garbage-classification-data
护理垫,其他垃圾,,[],https://cdn.jsdelivr.net/npm/garbage-classification-data/garbage.json,garbage-classification-data
包裹着狗屎的纸巾,其他垃圾,,[],https://cdn.jsdelivr.net/npm/garbage-classification-data/garbage.json,garbage-classification-data
包裹着狗屎的报纸,其他垃圾,,[],https://cdn.jsdelivr.net/npm/garbage-classification-data/garbage.json,garbage-classification-data
雪糕袋,其他垃圾,,[],https://cdn.jsdelivr.net/npm/garbage-classification-data/garbage.json,garbage-classification-data
棉花棒,其他垃圾,,[],https://cdn.jsdelivr.net/npm/garbage-classification-data/garbage.json,garbage-classification-data
橡皮泥,其他垃圾,,[],https://cdn.jsdelivr.net/npm/garbage-classification-data/garbage.json,garbage-classification-data
粽叶,其他垃圾,,[],https://cdn.jsdelivr.net/npm/garbage-classification-data/garbage.json,garbage-classification-data
猫毛,其他垃圾,,[],https://cdn.jsdelivr.net/npm/garbage-classification-data/garbage.json,garbage-classification-data
小票,其他垃圾,,[],https://cdn.jsdelivr.net/npm/garbage-classification-data/garbage.json,garbage-classification-data
蚊香片,其他垃圾,,[],https://cdn.jsdelivr.net/npm/garbage-classification-data/garbage.json,garbage-classification-data
暖宝宝,其他垃圾,,[],https://cdn.jsdelivr.net/npm/garbage-classification-data/garbage.json,garbage-classification-data
干冰,其他垃圾,,[],https://cdn.jsdelivr.net/npm/garbage-classification-data/garbage.json,garbage-classification-data
铅笔屑,其他垃圾,,[],https://cdn.jsdelivr.net/npm/garbage-classification-data/garbage.json,garbage-classification-data
被污染的垃圾袋,其他垃圾,,[],https://cdn.jsdelivr.net/npm/garbage-classification-data/garbage.json,garbage-classification-data
田螺壳,其他垃圾,,[],https://cdn.jsdelivr.net/npm/garbage-classification-data/garbage.json,garbage-classification-data
蛏子壳,其他垃圾,,[],https://cdn.jsdelivr.net/npm/garbage-classification-data/garbage.json,garbage-classification-data
文蛤壳,其他垃圾,,[],https://cdn.jsdelivr.net/npm/garbage-classification-data/garbage.json,garbage-classification-data
水彩颜料,其他垃圾,,[],https://cdn.jsdelivr.net/npm/garbage-classification-data/garbage.json,garbage-classification-data
一次性口罩,其他垃圾,,[],https://cdn.jsdelivr.net/npm/garbage-classification-data/garbage.json,garbage-classification-data
口香糖,其他垃圾,,[],https://cdn.jsdelivr.net/npm/garbage-classification-data/garbage.json,garbage-classification-data
一次性塑料袋,其他垃圾,,[],https://cdn.jsdelivr.net/npm/garbage-classification-data/garbage.json,garbage-classification-data
污渍纸巾,其他垃圾,,[],https://cdn.jsdelivr.net/npm/garbage-classification-data/garbage.json,garbage-classification-data
木瓶塞,其他垃圾,,[],https://cdn.jsdelivr.net/npm/garbage-classification-data/garbage.json,garbage-classification-data
指甲片,其他垃圾,,[],https://cdn.jsdelivr.net/npm/garbage-classification-data/garbage.json,garbage-classification-data
大米袋,其他垃圾,,[],https://cdn.jsdelivr.net/npm/garbage-classification-data/garbage.json,garbage-classification-data
烟盒,其他垃圾,,[],https://cdn.jsdelivr.net/npm/garbage-classification-data/garbage.json,garbage-classification-data
烧烤木签,其他垃圾,,[],https://cdn.jsdelivr.net/npm/garbage-classification-data/garbage.json,garbage-classification-data
棉花球,其他垃圾,,[],https://cdn.jsdelivr.net/npm/garbage-classification-data/garbage.json,garbage-classification-data
泡沫盒子,其他垃圾,,[],https://cdn.jsdelivr.net/npm/garbage-classification-data/garbage.json,garbage-classification-data
大龙虾壳,其他垃圾,,[],https://cdn.jsdelivr.net/npm/garbage-classification-data/garbage.json,garbage-classification-data
中药袋,其他垃圾,,[],https://cdn.jsdelivr.net/npm/garbage-classification-data/garbage.json,garbage-classification-data
胶带纸,其他垃圾,,[],https://cdn.jsdelivr.net/npm/garbage-classification-data/garbage.json,garbage-classification-data
薯片罐,其他垃圾,,[],https://cdn.jsdelivr.net/npm/garbage-classification-data/garbage.json,garbage-classification-data
牙线,其他垃圾,,[],https://cdn.jsdelivr.net/npm/garbage-classification-data/garbage.json,garbage-classification-data
塑料吸管,其他垃圾,,[],https://cdn.jsdelivr.net/npm/garbage-classification-data/garbage.json,garbage-classification-data
一次性保鲜膜,其他垃圾,,[],https://cdn.jsdelivr.net/npm/garbage-classification-data/garbage.json,garbage-classification-data
湿巾纸,其他垃圾,,[],https://cdn.jsdelivr.net/npm/garbage-classification-data/garbage.json,garbage-classification-data
瓷器碎片,其他垃圾,,[],https://cdn.jsdelivr.net/npm/garbage-classification-data/garbage.json,garbage-classification-data
砖瓦陶瓷,其他垃圾,,[],https://cdn.jsdelivr.net/npm/garbage-classification-data/garbage.json,garbage-classification-data
雪糕包装袋,其他垃圾,,[],https://cdn.jsdelivr.net/npm/garbage-classification-data/garbage.json,garbage-classification-data
泡面桶,其他垃圾,,[],https://cdn.jsdelivr.net/npm/garbage-classification-data/garbage.json,garbage-classification-data
酒精棉花,其他垃圾,,[],https://cdn.jsdelivr.net/npm/garbage-classification-data/garbage.json,garbage-classification-data
玉米皮,其他垃圾,,[],https://cdn.jsdelivr.net/npm/garbage-classification-data/garbage.json,garbage-classification-data
奶茶塑料杯,其他垃圾,,[],https://cdn.jsdelivr.net/npm/garbage-classification-data/garbage.json,garbage-classification-data
头屑,其他垃圾,,[],https://cdn.jsdelivr.net/npm/garbage-classification-data/garbage.json,garbage-classification-data
帝王蟹壳,其他垃圾,,[],https://cdn.jsdelivr.net/npm/garbage-classification-data/garbage.json,garbage-classification-data
一次性用品,其他垃圾,,[],https://cdn.jsdelivr.net/npm/garbage-classification-data/garbage.json,garbage-classification-data
渣土,其他垃圾,,[],https://cdn.jsdelivr.net/npm/garbage-classification-data/garbage.json,garbage-classification-data
陶瓷制品,其他垃圾,,[],https://cdn.jsdelivr.net/npm/garbage-classification-data/garbage.json,garbage-classification-data
烘培纸,其他垃圾,,[],https://cdn.jsdelivr.net/npm/garbage-classification-data/garbage.json,garbage-classification-data
除湿袋,其他垃圾,,[],https://cdn.jsdelivr.net/npm/garbage-classification-data/garbage.json,garbage-classification-data
滤纸,其他垃圾,,[],https://cdn.jsdelivr.net/npm/garbage-classification-data/garbage.json,garbage-classification-data
生蚝壳,其他垃圾,,[],https://cdn.jsdelivr.net/npm/garbage-classification-data/garbage.json,garbage-classification-data
猪大骨,其他垃圾,,[],https://cdn.jsdelivr.net/npm/garbage-classification-data/garbage.json,garbage-classification-data
一次性塑料餐盒,其他垃圾,,[],https://cdn.jsdelivr.net/npm/garbage-classification-data/garbage.json,garbage-classification-data
调料袋,其他垃圾,,[],https://cdn.jsdelivr.net/npm/garbage-classification-data/garbage.json,garbage-classification-data
发热包,其他垃圾,,[],https://cdn.jsdelivr.net/npm/garbage-classification-data/garbage.json,garbage-classification-data
洗衣液包装袋,其他垃圾,,[],https://cdn.jsdelivr.net/npm/garbage-classification-data/garbage.json,garbage-classification-data
咖啡滤纸,其他垃圾,,[],https://cdn.jsdelivr.net/npm/garbage-classification-data/garbage.json,garbage-classification-data
包裹着狗屎的塑料袋,其他垃圾,,[],https://cdn.jsdelivr.net/npm/garbage-classification-data/garbage.json,garbage-classification-data
塑料盖子,其他垃圾,,[],https://cdn.jsdelivr.net/npm/garbage-classification-data/garbage.json,garbage-classification-data
头饰,其他垃圾,,[],https://cdn.jsdelivr.net/npm/garbage-classification-data/garbage.json,garbage-classification-data
胶囊咖啡,其他垃圾,,[],https://cdn.jsdelivr.net/npm/garbage-classification-data/garbage.json,garbage-classification-data
椰青壳,其他垃圾,,[],https://cdn.jsdelivr.net/npm/garbage-classification-data/garbage.json,garbage-classification-data
吸油纸,其他垃圾,,[],https://cdn.jsdelivr.net/npm/garbage-classification-data/garbage.json,garbage-classification-data
厨房用纸,其他垃圾,,[],https://cdn.jsdelivr.net/npm/garbage-classification-data/garbage.json,garbage-classification-data
琴弦,其他垃圾,,[],https://cdn.jsdelivr.net/npm/garbage-classification-data/garbage.json,garbage-classification-data
呕吐物纸巾,其他垃圾,,[],https://cdn.jsdelivr.net/npm/garbage-classification-data/garbage.json,garbage-classification-data
纸质包装袋,其他垃圾,,[],https://cdn.jsdelivr.net/npm/garbage-classification-data/garbage.json,garbage-classification-data
方便面桶,其他垃圾,,[],https://cdn.jsdelivr.net/npm/garbage-classification-data/garbage.json,garbage-classification-data
面膜包装袋,其他垃圾,,[],https://cdn.jsdelivr.net/npm/garbage-classification-data/garbage.json,garbage-classification-data
塑料拖鞋,其他垃圾,,[],https://cdn.jsdelivr.net/npm/garbage-classification-data/garbage.json,garbage-classification-data
橡皮筋,其他垃圾,,[],https://cdn.jsdelivr.net/npm/garbage-classification-data/garbage.json,garbage-classification-data
水笔笔芯,其他垃圾,,[],https://cdn.jsdelivr.net/npm/garbage-classification-data/garbage.json,garbage-classification-data
湿灰尘,其他垃圾,,[],https://cdn.jsdelivr.net/npm/garbage-classification-data/garbage.json,garbage-classification-data
蛤蜊壳,其他垃圾,,[],https://cdn.jsdelivr.net/npm/garbage-classification-data/garbage.json,garbage-classification-data
纽扣（少量）,其他垃圾,,[],https://cdn.jsdelivr.net/npm/garbage-classification-data/garbage.json,garbage-classification-data
一次性塑料手套,其他垃圾,,[],https://cdn.jsdelivr.net/npm/garbage-classification-data/garbage.json,garbage-classification-data
中性笔,其他垃圾,,[],https://cdn.jsdelivr.net/npm/garbage-classification-data/garbage.json,garbage-classification-data
KFC食物包装,其他垃圾,,[],https://cdn.jsdelivr.net/npm/garbage-classification-data/garbage.json,garbage-classification-data
蚊香灰,其他垃圾,,[],https://cdn.jsdelivr.net/npm/garbage-classification-data/garbage.json,garbage-classification-data
乳胶,其他垃圾,,[],https://cdn.jsdelivr.net/npm/garbage-classification-data/garbage.json,garbage-classification-data
玻璃胶,其他垃圾,,[],https://cdn.jsdelivr.net/npm/garbage-classification-data/garbage.json,garbage-classification-data
带有婴儿粪便的尿不湿,其他垃圾,,[],https://cdn.jsdelivr.net/npm/garbage-classification-data/garbage.json,garbage-classification-data
暖宝宝贴,其他垃圾,,[],https://cdn.jsdelivr.net/npm/garbage-classification-data/garbage.json,garbage-classification-data
牛奶袋,其他垃圾,,[],https://cdn.jsdelivr.net/npm/garbage-classification-data/garbage.json,garbage-classification-data
血糖试纸,其他垃圾,,[],https://cdn.jsdelivr.net/npm/garbage-classification-data/garbage.json,garbage-classification-data
餐饮外卖盒,其他垃圾,,[],https://cdn.jsdelivr.net/npm/garbage-classification-data/garbage.json,garbage-classification-data
油画颜料,其他垃圾,,[],https://cdn.jsdelivr.net/npm/garbage-classification-data/garbage.json,garbage-classification-data
油画颜料软管,其他垃圾,,[],https://cdn.jsdelivr.net/npm/garbage-classification-data/garbage.json,garbage-classification-data
吸管塑料包装,其他垃圾,,[],https://cdn.jsdelivr.net/npm/garbage-classification-data/garbage.json,garbage-classification-data
橡胶制品,其他垃圾,,[],https://cdn.jsdelivr.net/npm/garbage-classification-data/garbage.json,garbage-classification-data
橡胶手套,其他垃圾,,[],https://cdn.jsdelivr.net/npm/garbage-classification-data/garbage.json,garbage-classification-data
过期口红,其他垃圾,,[],https://cdn.jsdelivr.net/npm/garbage-classification-data/garbage.json,garbage-classification-data
黄油包装纸,其他垃圾,,[],https://cdn.jsdelivr.net/npm/garbage-classification-data/garbage.json,garbage-classification-data
脏纸尿裤,其他垃圾,,[],https://cdn.jsdelivr.net/npm/garbage-classification-data/garbage.json,garbage-classification-data
蛋糕盒,其他垃圾,,[],https://cdn.jsdelivr.net/npm/garbage-classification-data/garbage.json,garbage-classification-data
干净无油食品包装袋,其他垃圾,,[],https://cdn.jsdelivr.net/npm/garbage-classification-data/garbage.json,garbage-classification-data
面包袋,其他垃圾,,[],https://cdn.jsdelivr.net/npm/garbage-classification-data/garbage.json,garbage-classification-data
蛋糕袋,其他垃圾,,[],https://cdn.jsdelivr.net/npm/garbage-classification-data/garbage.json,garbage-classification-data
快递单,其他垃圾,,[],https://cdn.jsdelivr.net/npm/garbage-classification-data/garbage.json,garbage-classification-data
营养土,其他垃圾,,[],https://cdn.jsdelivr.net/npm/garbage-classification-data/garbage.json,garbage-classification-data
一次性塑料盘,其他垃圾,,[],https://cdn.jsdelivr.net/npm/garbage-classification-data/garbage.json,garbage-classification-data
冰宝贴,其他垃圾,,[],https://cdn.jsdelivr.net/npm/garbage-classification-data/garbage.json,garbage-classification-data
一次性塑料调羹,其他垃圾,,[],https://cdn.jsdelivr.net/npm/garbage-classification-data/garbage.json,garbage-classification-data
手指甲,其他垃圾,,[],https://cdn.jsdelivr.net/npm/garbage-classification-data/garbage.json,garbage-classification-data
小纸屑,其他垃圾,,[],https://cdn.jsdelivr.net/npm/garbage-classification-data/garbage.json,garbage-classification-data
眼镜架,其他垃圾,,[],https://cdn.jsdelivr.net/npm/garbage-classification-data/garbage.json,garbage-classification-data
陶土花瓶,其他垃圾,,[],https://cdn.jsdelivr.net/npm/garbage-classification-data/garbage.json,garbage-classification-data
牛肋骨,其他垃圾,,[],https://cdn.jsdelivr.net/npm/garbage-classification-data/garbage.json,garbage-classification-data
被油污污染过的报纸,其他垃圾,,[],https://cdn.jsdelivr.net/npm/garbage-classification-data/garbage.json,garbage-classification-data
脏纸巾,其他垃圾,,[],https://cdn.jsdelivr.net/npm/garbage-classification-data/garbage.json,garbage-classification-data
衣服标签,其他垃圾,,[],https://cdn.jsdelivr.net/npm/garbage-classification-data/garbage.json,garbage-classification-data
小核桃壳,其他垃圾,,[],https://cdn.jsdelivr.net/npm/garbage-classification-data/garbage.json,garbage-classification-data
电蚊香片,其他垃圾,,[],https://cdn.jsdelivr.net/npm/garbage-classification-data/garbage.json,garbage-classification-data
瓷碎片,其他垃圾,,[],https://cdn.jsdelivr.net/npm/garbage-classification-data/garbage.json,garbage-classification-data
卫生棉条,其他垃圾,,[],https://cdn.jsdelivr.net/npm/garbage-classification-data/garbage.json,garbage-classification-data
一次性塑料浴帽,其他垃圾,,[],https://cdn.jsdelivr.net/npm/garbage-classification-data/garbage.json,garbage-classification-data
一次性纸餐盘,其他垃圾,,[],https://cdn.jsdelivr.net/npm/garbage-classification-data/garbage.json,garbage-classification-data
纸巾包装袋,其他垃圾,,[],https://cdn.jsdelivr.net/npm/garbage-classification-data/garbage.json,garbage-classification-data
抽纸塑料袋,其他垃圾,,[],https://cdn.jsdelivr.net/npm/garbage-classification-data/garbage.json,garbage-classification-data
毛笔写过的纸,其他垃圾,,[],https://cdn.jsdelivr.net/npm/garbage-classification-data/garbage.json,garbage-classification-data
塑料表带,其他垃圾,,[],https://cdn.jsdelivr.net/npm/garbage-classification-data/garbage.json,garbage-classification-data
粉饼盒,其他垃圾,,[],https://cdn.jsdelivr.net/npm/garbage-classification-data/garbage.json,garbage-classification-data
502胶水,其他垃圾,,[],https://cdn.jsdelivr.net/npm/garbage-classification-data/garbage.json,garbage-classification-data
硅胶猫砂,其他垃圾,,[],https://cdn.jsdelivr.net/npm/garbage-classification-data/garbage.json,garbage-classification-data
水晶猫砂,其他垃圾,,[],https://cdn.jsdelivr.net/npm/garbage-classification-data/garbage.json,garbage-classification-data
冰淇淋包装袋,其他垃圾,,[],https://cdn.jsdelivr.net/npm/garbage-classification-data/garbage.json,garbage-classification-data
护手霜,其他垃圾,,[],https://cdn.jsdelivr.net/npm/garbage-classification-data/garbage.json,garbage-classification-data
粉尘,其他垃圾,,[],https://cdn.jsdelivr.net/npm/garbage-classification-data/garbage.json,garbage-classification-data
一次性餐具,其他垃圾,,[],https://cdn.jsdelivr.net/npm/garbage-classification-data/garbage.json,garbage-classification-data
卸妆纸巾,其他垃圾,,[],https://cdn.jsdelivr.net/npm/garbage-classification-data/garbage.json,garbage-classification-data
洗衣粉,其他垃圾,,[],https://cdn.jsdelivr.net/npm/garbage-classification-data/garbage.json,garbage-classification-data
气泡膜,其他垃圾,,[],https://cdn.jsdelivr.net/npm/garbage-classification-data/garbage.json,garbage-classification-data
智齿,其他垃圾,,[],https://cdn.jsdelivr.net/npm/garbage-classification-data/garbage.json,garbage-classification-data
钢丝球,其他垃圾,,[],https://cdn.jsdelivr.net/npm/garbage-classification-data/garbage.json,garbage-classification-data
一次性纸杯,其他垃圾,,[],https://cdn.jsdelivr.net/npm/garbage-classification-data/garbage.json,garbage-classification-data
大头针,其他垃圾,,[],https://cdn.jsdelivr.net/npm/garbage-classification-data/garbage.json,garbage-classification-data
永生花,其他垃圾,,[],https://cdn.jsdelivr.net/npm/garbage-classification-data/garbage.json,garbage-classification-data
带有婴儿粪便的纸尿裤,其他垃圾,,[],https://cdn.jsdelivr.net/npm/garbage-classification-data/garbage.json,garbage-classification-data
塑封袋,其他垃圾,,[],https://cdn.jsdelivr.net/npm/garbage-classification-data/garbage.json,garbage-classification-data
圆珠笔芯,其他垃圾,,[],https://cdn.jsdelivr.net/npm/garbage-classification-data/garbage.json,garbage-classification-data
面膜外层纸,其他垃圾,,[],https://cdn.jsdelivr.net/npm/garbage-classification-data/garbage.json,garbage-classification-data
袋泡茶,其他垃圾,,[],https://cdn.jsdelivr.net/npm/garbage-classification-data/garbage.json,garbage-classification-data
塑料花,其他垃圾,,[],https://cdn.jsdelivr.net/npm/garbage-classification-data/garbage.json,garbage-classification-data
冰箱贴,其他垃圾,,[],https://cdn.jsdelivr.net/npm/garbage-classification-data/garbage.json,garbage-classification-data
假睫毛胶水,其他垃圾,,[],https://cdn.jsdelivr.net/npm/garbage-classification-data/garbage.json,garbage-classification-data
洗碗布,其他垃圾,,[],https://cdn.jsdelivr.net/npm/garbage-classification-data/garbage.json,garbage-classification-data
电话卡,其他垃圾,,[],https://cdn.jsdelivr.net/npm/garbage-classification-data/garbage.json,garbage-classification-data
手机壳,其他垃圾,,[],https://cdn.jsdelivr.net/npm/garbage-classification-data/garbage.json,garbage-classification-data
面巾纸,其他垃圾,,[],https://cdn.jsdelivr.net/npm/garbage-classification-data/garbage.json,garbage-classification-data
泥土,其他垃圾,,[],https://cdn.jsdelivr.net/npm/garbage-classification-data/garbage.json,garbage-classification-data
网球,其他垃圾,,[],https://cdn.jsdelivr.net/npm/garbage-classification-data/garbage.json,garbage-classification-data
烟灰,其他垃圾,,[],https://cdn.jsdelivr.net/npm/garbage-classification-data/garbage.json,garbage-classification-data
毛衣针,其他垃圾,,[],https://cdn.jsdelivr.net/npm/garbage-classification-data/garbage.json,garbage-classification-data
护发精油,其他垃圾,,[],https://cdn.jsdelivr.net/npm/garbage-classification-data/garbage.json,garbage-classification-data
紫砂壶,其他垃圾,,[],https://cdn.jsdelivr.net/npm/garbage-classification-data/garbage.json,garbage-classification-data
防晒喷雾,其他垃圾,,[],https://cdn.jsdelivr.net/npm/garbage-classification-data/garbage.json,garbage-classification-data
棉花,其他垃圾,,[],https://cdn.jsdelivr.net/npm/garbage-classification-data/garbage.json,garbage-classification-data
寄居蟹,其他垃圾,,[],https://cdn.jsdelivr.net/npm/garbage-classification-data/garbage.json,garbage-classification-data
水饺包装袋,其他垃圾,,[],https://cdn.jsdelivr.net/npm/garbage-classification-data/garbage.json,garbage-classification-data
巧克力包装袋,其他垃圾,,[],https://cdn.jsdelivr.net/npm/garbage-classification-data/garbage.json,garbage-classification-data
饼干包装袋,其他垃圾,,[],https://cdn.jsdelivr.net/npm/garbage-classification-data/garbage.json,garbage-classification-data
奶嘴,其他垃圾,,[],https://cdn.jsdelivr.net/npm/garbage-classification-data/garbage.json,garbage-classification-data
糖纸,其他垃圾,,[],https://cdn.jsdelivr.net/npm/garbage-classification-data/garbage.json,garbage-classification-data
胡须,其他垃圾,,[],https://cdn.jsdelivr.net/npm/garbage-classification-data/garbage.json,garbage-classification-data
包裹着痰的纸巾,其他垃圾,,[],https://cdn.jsdelivr.net/npm/garbage-classification-data/garbage.json,garbage-classification-data
包裹着鼻涕的纸巾,其他垃圾,,[],https://cdn.jsdelivr.net/npm/garbage-classification-data/garbage.json,garbage-classification-data
KFC纸盒,其他垃圾,,[],https://cdn.jsdelivr.net/npm/garbage-classification-data/garbage.json,garbage-classification-data
麦当劳纸盒,其他垃圾,,[],https://cdn.jsdelivr.net/npm/garbage-classification-data/garbage.json,garbage-classification-data
牛骨,其他垃圾,,[],https://cdn.jsdelivr.net/npm/garbage-classification-data/garbage.json,garbage-classification-data
啤酒瓶盖,其他垃圾,,[],https://cdn.jsdelivr.net/npm/garbage-classification-data/garbage.json,garbage-classification-data
糖果皮,其他垃圾,,[],https://cdn.jsdelivr.net/npm/garbage-classification-data/garbage.json,garbage-classification-data
包裹着西瓜籽的纸巾,其他垃圾,,[],https://cdn.jsdelivr.net/npm/garbage-classification-data/garbage.json,garbage-classification-data
包裹着鼻屎的纸巾,其他垃圾,,[],https://cdn.jsdelivr.net/npm/garbage-classification-data/garbage.json,garbage-classification-data
冷饮包装,其他垃圾,,[],https://cdn.jsdelivr.net/npm/garbage-classification-data/garbage.json,garbage-classification-data
外卖塑料袋,其他垃圾,,[],https://cdn.jsdelivr.net/npm/garbage-classification-data/garbage.json,garbage-classification-data
外卖塑料盒,其他垃圾,,[],https://cdn.jsdelivr.net/npm/garbage-classification-data/garbage.json,garbage-classification-data
外卖纸盒,其他垃圾,,[],https://cdn.jsdelivr.net/npm/garbage-classification-data/garbage.json,garbage-classification-data
5号电池（无汞）,其他垃圾,,[],https://cdn.jsdelivr.net/npm/garbage-classification-data/garbage.json,garbage-classification-data
7号电池（无汞）,其他垃圾,,[],https://cdn.jsdelivr.net/npm/garbage-classification-data/garbage.json,garbage-classification-data
湿头发,其他垃圾,,[],https://cdn.jsdelivr.net/npm/garbage-classification-data/garbage.json,garbage-classification-data
毛发,其他垃圾,,[],https://cdn.jsdelivr.net/npm/garbage-classification-data/garbage.json,garbage-classification-data
一次性手套,其他垃圾,,[],https://cdn.jsdelivr.net/npm/garbage-classification-data/garbage.json,garbage-classification-data
卸妆膏,其他垃圾,,[],https://cdn.jsdelivr.net/npm/garbage-classification-data/garbage.json,garbage-classification-data
手机膜,其他垃圾,,[],https://cdn.jsdelivr.net/npm/garbage-classification-data/garbage.json,garbage-classification-data
防霉防蛀片,其他垃圾,,[],https://cdn.jsdelivr.net/npm/garbage-classification-data/garbage.json,garbage-classification-data
卫生护垫,其他垃圾,,[],https://cdn.jsdelivr.net/npm/garbage-classification-data/garbage.json,garbage-classification-data
摩丝罐,其他垃圾,,[],https://cdn.jsdelivr.net/npm/garbage-classification-data/garbage.json,garbage-classification-data
厨房手套,其他垃圾,,[],https://cdn.jsdelivr.net/npm/garbage-classification-data/garbage.json,garbage-classification-data
沐浴球,其他垃圾,,[],https://cdn.jsdelivr.net/npm/garbage-classification-data/garbage.json,garbage-classification-data
耳塞,其他垃圾,,[],https://cdn.jsdelivr.net/npm/garbage-classification-data/garbage.json,garbage-classification-data
牙线棒,其他垃圾,,[],https://cdn.jsdelivr.net/npm/garbage-classification-data/garbage.json,garbage-classification-data
修正液,其他垃圾,,[],https://cdn.jsdelivr.net/npm/garbage-classification-data/garbage.json,garbage-classification-data
废纸,其他垃圾,,[],https://cdn.jsdelivr.net/npm/garbage-classification-data/garbage.json,garbage-classification-data
卫生间用纸,其他垃圾,,[],https://cdn.jsdelivr.net/npm/garbage-classification-data/garbage.json,garbage-classification-data
陶瓷花瓶,其他垃圾,,[],https://cdn.jsdelivr.net/npm/garbage-classification-data/garbage.json,garbage-classification-data
陶瓷花盆,其他垃圾,,[],https://cdn.jsdelivr.net/npm/garbage-classification-data/garbage.json,garbage-classification-data
防碎气泡膜,其他垃圾,,[],https://cdn.jsdelivr.net/npm/garbage-classification-data/garbage.json,garbage-classification-data
污损塑料袋,其他垃圾,,[],https://cdn.jsdelivr.net/npm/garbage-classification-data/garbage.json,garbage-classification-data
水晶泥,其他垃圾,,[],https://cdn.jsdelivr.net/npm/garbage-classification-data/garbage.json,garbage-classification-data
胶纸,其他垃圾,,[],https://cdn.jsdelivr.net/npm/garbage-classification-data/garbage.json,garbage-classification-data
剃须泡沫罐,其他垃圾,,[],https://cdn.jsdelivr.net/npm/garbage-classification-data/garbage.json,garbage-classification-data
风油精,其他垃圾,,[],https://cdn.jsdelivr.net/npm/garbage-classification-data/garbage.json,garbage-classification-data
奶茶塑料盖,其他垃圾,,[],https://cdn.jsdelivr.net/npm/garbage-classification-data/garbage.json,garbage-classification-data
打火机,其他垃圾,,[],https://cdn.jsdelivr.net/npm/garbage-classification-data/garbage.json,garbage-classification-data
擦碗布,其他垃圾,,[],https://cdn.jsdelivr.net/npm/garbage-classification-data/garbage.json,garbage-classification-data
碱性电池,其他垃圾,,[],https://cdn.jsdelivr.net/npm/garbage-classification-data/garbage.json,garbage-classification-data
烧烤锡纸,其他垃圾,,[],https://cdn.jsdelivr.net/npm/garbage-classification-data/garbage.json,garbage-classification-data
外卖饭盒,其他垃圾,,[],https://cdn.jsdelivr.net/npm/garbage-classification-data/garbage.json,garbage-classification-data
装过湿垃圾的塑料袋,其他垃圾,,[],https://cdn.jsdelivr.net/npm/garbage-classification-data/garbage.json,garbage-classification-data
纸质外卖盒,其他垃圾,,[],https://cdn.jsdelivr.net/npm/garbage-classification-data/garbage.json,garbage-classification-data
塑料外卖盒,其他垃圾,,[],https://cdn.jsdelivr.net/npm/garbage-classification-data/garbage.json,garbage-classification-data
马桶刷,其他垃圾,,[],https://cdn.jsdelivr.net/npm/garbage-classification-data/garbage.json,garbage-classification-data
狗尿垫,其他垃圾,,[],https://cdn.jsdelivr.net/npm/garbage-classification-data/garbage.json,garbage-classification-data
太空沙,其他垃圾,,[],https://cdn.jsdelivr.net/npm/garbage-classification-data/garbage.json,garbage-classification-data
带胶制品,其他垃圾,,[],https://cdn.jsdelivr.net/npm/garbage-classification-data/garbage.json,garbage-classification-data
竹制品,其他垃圾,,[],https://cdn.jsdelivr.net/npm/garbage-classification-data/garbage.json,garbage-classification-data
成分复杂的制品,其他垃圾,,[],https://cdn.jsdelivr.net/npm/garbage-classification-data/garbage.json,garbage-classification-data
皮皮虾壳,其他垃圾,,[],https://cdn.jsdelivr.net/npm/garbage-classification-data/garbage.json,garbage-classification-data
使用过的安全套,其他垃圾,,[],https://cdn.jsdelivr.net/npm/garbage-classification-data/garbage.json,garbage-classification-data
青口贝,其他垃圾,,[],https://cdn.jsdelivr.net/npm/garbage-classification-data/garbage.json,garbage-classification-data
碎纸屑,其他垃圾,,[],https://cdn.jsdelivr.net/npm/garbage-classification-data/garbage.json,garbage-classification-data
洗头膏,其他垃圾,,[],https://cdn.jsdelivr.net/npm/garbage-classification-data/garbage.json,garbage-classification-data
番茄酱包装袋,其他垃圾,,[],https://cdn.jsdelivr.net/npm/garbage-classification-data/garbage.json,garbage-classification-data
面纸,其他垃圾,,[],https://cdn.jsdelivr.net/npm/garbage-classification-data/garbage.json,garbage-classification-data
身体乳,其他垃圾,,[],https://cdn.jsdelivr.net/npm/garbage-classification-data/garbage.json,garbage-classification-data
青草膏,其他垃圾,,[],https://cdn.jsdelivr.net/npm/garbage-classification-data/garbage.json,garbage-classification-data
洁面摩丝,其他垃圾,,[],https://cdn.jsdelivr.net/npm/garbage-classification-data/garbage.json,garbage-classification-data
一次性塑料勺子,其他垃圾,,[],https://cdn.jsdelivr.net/npm/garbage-classification-data/garbage.json,garbage-classification-data
眼线笔,其他垃圾,,[],https://cdn.jsdelivr.net/npm/garbage-classification-data/garbage.json,garbage-classification-data
眉粉,其他垃圾,,[],https://cdn.jsdelivr.net/npm/garbage-classification-data/garbage.json,garbage-classification-data
沾有油渍的食品包装袋,其他垃圾,,[],https://cdn.jsdelivr.net/npm/garbage-classification-data/garbage.json,garbage-classification-data
薯片包装袋,其他垃圾,,[],https://cdn.jsdelivr.net/npm/garbage-classification-data/garbage.json,garbage-classification-data
自动铅笔笔芯,其他垃圾,,[],https://cdn.jsdelivr.net/npm/garbage-classification-data/garbage.json,garbage-classification-data
香薰球,其他垃圾,,[],https://cdn.jsdelivr.net/npm/garbage-classification-data/garbage.json,garbage-classification-data
隐形眼镜护理液,其他垃圾,,[],https://cdn.jsdelivr.net/npm/garbage-classification-data/garbage.json,garbage-classification-data
脏卫生巾,其他垃圾,,[],https://cdn.jsdelivr.net/npm/garbage-classification-data/garbage.json,garbage-classification-data
湿塑料袋,其他垃圾,,[],https://cdn.jsdelivr.net/npm/garbage-classification-data/garbage.json,garbage-classification-data
牛骨棒,其他垃圾,,[],https://cdn.jsdelivr.net/npm/garbage-classification-data/garbage.json,garbage-classification-data
草纸,其他垃圾,,[],https://cdn.jsdelivr.net/npm/garbage-classification-data/garbage.json,garbage-classification-data
雨衣,其他垃圾,,[],https://cdn.jsdelivr.net/npm/garbage-classification-data/garbage.json,garbage-classification-data
湿纸巾包装,其他垃圾,,[],https://cdn.jsdelivr.net/npm/garbage-classification-data/garbage.json,garbage-classification-data
纸饭盒,其他垃圾,,[],https://cdn.jsdelivr.net/npm/garbage-classification-data/garbage.json,garbage-classification-data
成人用品,其他垃圾,,[],https://cdn.jsdelivr.net/npm/garbage-classification-data/garbage.json,garbage-classification-data
河蚌壳,其他垃圾,,[],https://cdn.jsdelivr.net/npm/garbage-classification-data/garbage.json,garbage-classification-data
香肠壳,其他垃圾,,[],https://cdn.jsdelivr.net/npm/garbage-classification-data/garbage.json,garbage-classification-data
发夹,其他垃圾,,[],https://cdn.jsdelivr.net/npm/garbage-classification-data/garbage.json,garbage-classification-data
发带,其他垃圾,,[],https://cdn.jsdelivr.net/npm/garbage-classification-data/garbage.json,garbage-classification-data
驱蚊香片,其他垃圾,,[],https://cdn.jsdelivr.net/npm/garbage-classification-data/garbage.json,garbage-classification-data
薯片盒,其他垃圾,,[],https://cdn.jsdelivr.net/npm/garbage-classification-data/garbage.json,garbage-classification-data
吸尘器灰尘,其他垃圾,,[],https://cdn.jsdelivr.net/npm/garbage-classification-data/garbage.json,garbage-classification-data
粉扑,其他垃圾,,[],https://cdn.jsdelivr.net/npm/garbage-classification-data/garbage.json,garbage-classification-data
咖啡胶囊,其他垃圾,,[],https://cdn.jsdelivr.net/npm/garbage-classification-data/garbage.json,garbage-classification-data
鸡毛,其他垃圾,,[],https://cdn.jsdelivr.net/npm/garbage-classification-data/garbage.json,garbage-classification-data
安全套包装袋,其他垃圾,,[],https://cdn.jsdelivr.net/npm/garbage-classification-data/garbage.json,garbage-classification-data
尿片,其他垃圾,,[],https://cdn.jsdelivr.net/npm/garbage-classification-data/garbage.json,garbage-classification-data
冰棒棍,其他垃圾,,[],https://cdn.jsdelivr.net/npm/garbage-classification-data/garbage.json,garbage-classification-data
广告颜料,其他垃圾,,[],https://cdn.jsdelivr.net/npm/garbage-classification-data/garbage.json,garbage-classification-data
陶泥,其他垃圾,,[],https://cdn.jsdelivr.net/npm/garbage-classification-data/garbage.json,garbage-classification-data
猪骨头,其他垃圾,,[],https://cdn.jsdelivr.net/npm/garbage-classification-data/garbage.json,garbage-classification-data
使用过的面膜,其他垃圾,,[],https://cdn.jsdelivr.net/npm/garbage-classification-data/garbage.json,garbage-classification-data
使用过的卫生巾,其他垃圾,,[],https://cdn.jsdelivr.net/npm/garbage-classification-data/garbage.json,garbage-classification-data
喝过的奶茶杯子,其他垃圾,,[],https://cdn.jsdelivr.net/npm/garbage-classification-data/garbage.json,garbage-classification-data
高密度碎纸机处理的碎纸,其他垃圾,,[],https://cdn.jsdelivr.net/npm/garbage-classification-data/garbage.json,garbage-classification-data
泡面袋,其他垃圾,,[],https://cdn.jsdelivr.net/npm/garbage-classification-data/garbage.json,garbage-classification-data
太阳眼镜,其他垃圾,,[],https://cdn.jsdelivr.net/npm/garbage-classification-data/garbage.json,garbage-classification-data
美妆蛋,其他垃圾,,[],https://cdn.jsdelivr.net/npm/garbage-classification-data/garbage.json,garbage-classification-data
胭脂,其他垃圾,,[],https://cdn.jsdelivr.net/npm/garbage-classification-data/garbage.json,garbage-classification-data
油条包装袋,其他垃圾,,[],https://cdn.jsdelivr.net/npm/garbage-classification-data/garbage.json,garbage-classification-data
奶茶杯,其他垃圾,,[],https://cdn.jsdelivr.net/npm/garbage-classification-data/garbage.json,garbage-classification-data
购物卡,可回收物,,[],https://cdn.jsdelivr.net/npm/garbage-classification-data/garbage.json,garbage-classification-data
订书机钉,其他垃圾,,[],https://cdn.jsdelivr.net/npm/garbage-classification-data/garbage.json,garbage-classification-data
彩泥,其他垃圾,,[],https://cdn.jsdelivr.net/npm/garbage-classification-data/garbage.json,garbage-classification-data
冰贴,其他垃圾,,[],https://cdn.jsdelivr.net/npm/garbage-classification-data/garbage.json,garbage-classification-data
棒冰棍,其他垃圾,,[],https://cdn.jsdelivr.net/npm/garbage-classification-data/garbage.json,garbage-classification-data
香烟头,其他垃圾,,[],https://cdn.jsdelivr.net/npm/garbage-classification-data/garbage.json,garbage-classification-data
泡沫饭盒,其他垃圾,,[],https://cdn.jsdelivr.net/npm/garbage-classification-data/garbage.json,garbage-classification-data
PH试纸,其他垃圾,,[],https://cdn.jsdelivr.net/npm/garbage-classification-data/garbage.json,garbage-classification-data
葡萄酒木塞,其他垃圾,,[],https://cdn.jsdelivr.net/npm/garbage-classification-data/garbage.json,garbage-classification-data
包裹着口香糖的纸巾,其他垃圾,,[],https://cdn.jsdelivr.net/npm/garbage-classification-data/garbage.json,garbage-classification-data
火腿肠包装纸,其他垃圾,,[],https://cdn.jsdelivr.net/npm/garbage-classification-data/garbage.json,garbage-classification-data
艾灸条,其他垃圾,,[],https://cdn.jsdelivr.net/npm/garbage-classification-data/garbage.json,garbage-classification-data
保冷剂,其他垃圾,,[],https://cdn.jsdelivr.net/npm/garbage-classification-data/garbage.json,garbage-classification-data
草木灰,其他垃圾,,[],https://cdn.jsdelivr.net/npm/garbage-classification-data/garbage.json,garbage-classification-data
驱蚊手环,其他垃圾,,[],https://cdn.jsdelivr.net/npm/garbage-classification-data/garbage.json,garbage-classification-data
挂耳咖啡,其他垃圾,,[],https://cdn.jsdelivr.net/npm/garbage-classification-data/garbage.json,garbage-classification-data
滤挂咖啡,其他垃圾,,[],https://cdn.jsdelivr.net/npm/garbage-classification-data/garbage.json,garbage-classification-data
柳絮,其他垃圾,,[],https://cdn.jsdelivr.net/npm/garbage-classification-data/garbage.json,garbage-classification-data
洗涤液包装袋,其他垃圾,,[],https://cdn.jsdelivr.net/npm/garbage-classification-data/garbage.json,garbage-classification-data
石锅,其他垃圾,,[],https://cdn.jsdelivr.net/npm/garbage-classification-data/garbage.json,garbage-classification-data
灭蚊灯,其他垃圾,,[],https://cdn.jsdelivr.net/npm/garbage-classification-data/garbage.json,garbage-classification-data
红酒塞,其他垃圾,,[],https://cdn.jsdelivr.net/npm/garbage-classification-data/garbage.json,garbage-classification-data
枕巾,其他垃圾,,[],https://cdn.jsdelivr.net/npm/garbage-classification-data/garbage.json,garbage-classification-data
1号电池（无汞）,其他垃圾,,[],https://cdn.jsdelivr.net/npm/garbage-classification-data/garbage.json,garbage-classification-data
电子烟烟弹,其他垃圾,,[],https://cdn.jsdelivr.net/npm/garbage-classification-data/garbage.json,garbage-classification-data
陶瓷盘子,其他垃圾,,[],https://cdn.jsdelivr.net/npm/garbage-classification-data/garbage.json,garbage-classification-data
榨菜袋,其他垃圾,,[],https://cdn.jsdelivr.net/npm/garbage-classification-data/garbage.json,garbage-classification-data
卷筒纸,其他垃圾,,[],https://cdn.jsdelivr.net/npm/garbage-classification-data/garbage.json,garbage-classification-data
方便面调味包,其他垃圾,,[],https://cdn.jsdelivr.net/npm/garbage-classification-data/garbage.json,garbage-classification-data
脱毛膏,其他垃圾,,[],https://cdn.jsdelivr.net/npm/garbage-classification-data/garbage.json,garbage-classification-data
三角裤,其他垃圾,,[],https://cdn.jsdelivr.net/npm/garbage-classification-data/garbage.json,garbage-classification-data
平角裤,其他垃圾,,[],https://cdn.jsdelivr.net/npm/garbage-classification-data/garbage.json,garbage-classification-data
海绵粉扑,其他垃圾,,[],https://cdn.jsdelivr.net/npm/garbage-classification-data/garbage.json,garbage-classification-data
一次性竹筷子,其他垃圾,,[],https://cdn.jsdelivr.net/npm/garbage-classification-data/garbage.json,garbage-classification-data
碎碗,其他垃圾,,[],https://cdn.jsdelivr.net/npm/garbage-classification-data/garbage.json,garbage-classification-data
白板笔,其他垃圾,,[],https://cdn.jsdelivr.net/npm/garbage-classification-data/garbage.json,garbage-classification-data
海螺壳,其他垃圾,,[],https://cdn.jsdelivr.net/npm/garbage-classification-data/garbage.json,garbage-classification-data
花蛤壳,其他垃圾,,[],https://cdn.jsdelivr.net/npm/garbage-classification-data/garbage.json,garbage-classification-data
棉线,其他垃圾,,[],https://cdn.jsdelivr.net/npm/garbage-classification-data/garbage.json,garbage-classification-data
糖包,其他垃圾,,[],https://cdn.jsdelivr.net/npm/garbage-classification-data/garbage.json,garbage-classification-data
鼠标垫,其他垃圾,,[],https://cdn.jsdelivr.net/npm/garbage-classification-data/garbage.json,garbage-classification-data
便条贴,其他垃圾,,[],https://cdn.jsdelivr.net/npm/garbage-classification-data/garbage.json,garbage-classification-data
水果塑料盒,其他垃圾,,[],https://cdn.jsdelivr.net/npm/garbage-classification-data/garbage.json,garbage-classification-data
糖浆包,其他垃圾,,[],https://cdn.jsdelivr.net/npm/garbage-classification-data/garbage.json,garbage-classification-data
泳镜,其他垃圾,,[],https://cdn.jsdelivr.net/npm/garbage-classification-data/garbage.json,garbage-classification-data
粘土,其他垃圾,,[],https://cdn.jsdelivr.net/npm/garbage-classification-data/garbage.json,garbage-classification-data
干草,其他垃圾,,[],https://cdn.jsdelivr.net/npm/garbage-classification-data/garbage.json,garbage-classification-data
酸奶勺,其他垃圾,,[],https://cdn.jsdelivr.net/npm/garbage-classification-data/garbage.json,garbage-classification-data
中药包,其他垃圾,,[],https://cdn.jsdelivr.net/npm/garbage-classification-data/garbage.json,garbage-classification-data
猪腿骨,其他垃圾,,[],https://cdn.jsdelivr.net/npm/garbage-classification-data/garbage.json,garbage-classification-data
茶叶包,其他垃圾,,[],https://cdn.jsdelivr.net/npm/garbage-classification-data/garbage.json,garbage-classification-data
豆浆杯,其他垃圾,,[],https://cdn.jsdelivr.net/npm/garbage-classification-data/garbage.json,garbage-classification-data
测血糖针,其他垃圾,,[],https://cdn.jsdelivr.net/npm/garbage-classification-data/garbage.json,garbage-classification-data
唇釉,其他垃圾,,[],https://cdn.jsdelivr.net/npm/garbage-classification-data/garbage.json,garbage-classification-data
一次性打火机,其他垃圾,,[],https://cdn.jsdelivr.net/npm/garbage-classification-data/garbage.json,garbage-classification-data
棒棒糖棒子,其他垃圾,,[],https://cdn.jsdelivr.net/npm/garbage-classification-data/garbage.json,garbage-classification-data
旧内衣,其他垃圾,,[],https://cdn.jsdelivr.net/npm/garbage-classification-data/garbage.json,garbage-classification-data
牛骨头,其他垃圾,,[],https://cdn.jsdelivr.net/npm/garbage-classification-data/garbage.json,garbage-classification-data
冰棒皮,其他垃圾,,[],https://cdn.jsdelivr.net/npm/garbage-classification-data/garbage.json,garbage-classification-data
冰棒外包装,其他垃圾,,[],https://cdn.jsdelivr.net/npm/garbage-classification-data/garbage.json,garbage-classification-data
滴漏式咖啡,其他垃圾,,[],https://cdn.jsdelivr.net/npm/garbage-classification-data/garbage.json,garbage-classification-data
星巴克咖啡杯,其他垃圾,,[],https://cdn.jsdelivr.net/npm/garbage-classification-data/garbage.json,garbage-classification-data
星巴克塑料杯,其他垃圾,,[],https://cdn.jsdelivr.net/npm/garbage-classification-data/garbage.json,garbage-classification-data
下水道杂物,其他垃圾,,[],https://cdn.jsdelivr.net/npm/garbage-classification-data/garbage.json,garbage-classification-data
电蚊香液瓶,其他垃圾,,[],https://cdn.jsdelivr.net/npm/garbage-classification-data/garbage.json,garbage-classification-data
膨润土猫砂,其他垃圾,,[],https://cdn.jsdelivr.net/npm/garbage-classification-data/garbage.json,garbage-classification-data
油污纸,其他垃圾,,[],https://cdn.jsdelivr.net/npm/garbage-classification-data/garbage.json,garbage-classification-data
稻草,其他垃圾,,[],https://cdn.jsdelivr.net/npm/garbage-classification-data/garbage.json,garbage-classification-data
擦过鼻涕的纸巾,其他垃圾,,[],https://cdn.jsdelivr.net/npm/garbage-classification-data/garbage.json,garbage-classification-data
粘毛滚纸,其他垃圾,,[],https://cdn.jsdelivr.net/npm/garbage-classification-data/garbage.json,garbage-classification-data
酱油袋,其他垃圾,,[],https://cdn.jsdelivr.net/npm/garbage-classification-data/garbage.json,garbage-classification-data
湿海绵,其他垃圾,,[],https://cdn.jsdelivr.net/npm/garbage-classification-data/garbage.json,garbage-classification-data
羊大骨,其他垃圾,,[],https://cdn.jsdelivr.net/npm/garbage-classification-data/garbage.json,garbage-classification-data
塑料笔杆,其他垃圾,,[],https://cdn.jsdelivr.net/npm/garbage-classification-data/garbage.json,garbage-classification-data
过期护肤品,其他垃圾,,[],https://cdn.jsdelivr.net/npm/garbage-classification-data/garbage.json,garbage-classification-data
发箍,其他垃圾,,[],https://cdn.jsdelivr.net/npm/garbage-classification-data/garbage.json,garbage-classification-data
壁纸,其他垃圾,,[],https://cdn.jsdelivr.net/npm/garbage-classification-data/garbage.json,garbage-classification-data
墙纸,其他垃圾,,[],https://cdn.jsdelivr.net/npm/garbage-classification-data/garbage.json,garbage-classification-data
薯片袋,其他垃圾,,[],https://cdn.jsdelivr.net/npm/garbage-classification-data/garbage.json,garbage-classification-data
脏抹布,其他垃圾,,[],https://cdn.jsdelivr.net/npm/garbage-classification-data/garbage.json,garbage-classification-data
润肤乳,其他垃圾,,[],https://cdn.jsdelivr.net/npm/garbage-classification-data/garbage.json,garbage-classification-data
脏玻璃瓶,其他垃圾,,[],https://cdn.jsdelivr.net/npm/garbage-classification-data/garbage.json,garbage-classification-data
外卖盒子,其他垃圾,,[],https://cdn.jsdelivr.net/npm/garbage-classification-data/garbage.json,garbage-classification-data
外卖餐具,其他垃圾,,[],https://cdn.jsdelivr.net/npm/garbage-classification-data/garbage.json,garbage-classification-data
调料包,其他垃圾,,[],https://cdn.jsdelivr.net/npm/garbage-classification-data/garbage.json,garbage-classification-data
辣条包装袋,其他垃圾,,[],https://cdn.jsdelivr.net/npm/garbage-classification-data/garbage.json,garbage-classification-data
储奶袋,其他垃圾,,[],https://cdn.jsdelivr.net/npm/garbage-classification-data/garbage.json,garbage-classification-data
玉米衣,其他垃圾,,[],https://cdn.jsdelivr.net/npm/garbage-classification-data/garbage.json,garbage-classification-data
电动牙刷刷头,其他垃圾,,[],https://cdn.jsdelivr.net/npm/garbage-classification-data/garbage.json,garbage-classification-data
过期防晒霜,其他垃圾,,[],https://cdn.jsdelivr.net/npm/garbage-classification-data/garbage.json,garbage-classification-data
塑料打包盒,其他垃圾,,[],https://cdn.jsdelivr.net/npm/garbage-classification-data/garbage.json,garbage-classification-data
透明打包盒,其他垃圾,,[],https://cdn.jsdelivr.net/npm/garbage-classification-data/garbage.json,garbage-classification-data
食品密封袋,其他垃圾,,[],https://cdn.jsdelivr.net/npm/garbage-classification-data/garbage.json,garbage-classification-data
食品保鲜袋,其他垃圾,,[],https://cdn.jsdelivr.net/npm/garbage-classification-data/garbage.json,garbage-classification-data
榛子壳,其他垃圾,,[],https://cdn.jsdelivr.net/npm/garbage-classification-data/garbage.json,garbage-classification-data
气垫膜,其他垃圾,,[],https://cdn.jsdelivr.net/npm/garbage-classification-data/garbage.json,garbage-classification-data
碧然德过滤芯,其他垃圾,,[],https://cdn.jsdelivr.net/npm/garbage-classification-data/garbage.json,garbage-classification-data
粘尘纸,其他垃圾,,[],https://cdn.jsdelivr.net/npm/garbage-classification-data/garbage.json,garbage-classification-data
过滤袋,其他垃圾,,[],https://cdn.jsdelivr.net/npm/garbage-classification-data/garbage.json,garbage-classification-data
炼乳壳,其他垃圾,,[],https://cdn.jsdelivr.net/npm/garbage-classification-data/garbage.json,garbage-classification-data
装蔬菜的塑料袋,其他垃圾,,[],https://cdn.jsdelivr.net/npm/garbage-classification-data/garbage.json,garbage-classification-data
脚趾甲,其他垃圾,,[],https://cdn.jsdelivr.net/npm/garbage-classification-data/garbage.json,garbage-classification-data
油画刷,其他垃圾,,[],https://cdn.jsdelivr.net/npm/garbage-classification-data/garbage.json,garbage-classification-data
墨胆,其他垃圾,,[],https://cdn.jsdelivr.net/npm/garbage-classification-data/garbage.json,garbage-classification-data
脏卸妆棉,其他垃圾,,[],https://cdn.jsdelivr.net/npm/garbage-classification-data/garbage.json,garbage-classification-data
痘痘贴,其他垃圾,,[],https://cdn.jsdelivr.net/npm/garbage-classification-data/garbage.json,garbage-classification-data
甲鱼壳,其他垃圾,,[],https://cdn.jsdelivr.net/npm/garbage-classification-data/garbage.json,garbage-classification-data
自热火锅加热包,其他垃圾,,[],https://cdn.jsdelivr.net/npm/garbage-classification-data/garbage.json,garbage-classification-data
酸奶杯盖,其他垃圾,,[],https://cdn.jsdelivr.net/npm/garbage-classification-data/garbage.json,garbage-classification-data
净化器滤芯,其他垃圾,,[],https://cdn.jsdelivr.net/npm/garbage-classification-data/garbage.json,garbage-classification-data
纸巾袋,其他垃圾,,[],https://cdn.jsdelivr.net/npm/garbage-classification-data/garbage.json,garbage-classification-data
艾灸贴,其他垃圾,,[],https://cdn.jsdelivr.net/npm/garbage-classification-data/garbage.json,garbage-classification-data
便纸,其他垃圾,,[],https://cdn.jsdelivr.net/npm/garbage-classification-data/garbage.json,garbage-classification-data
双眼皮贴,其他垃圾,,[],https://cdn.jsdelivr.net/npm/garbage-classification-data/garbage.json,garbage-classification-data
包裹着猫屎的塑料袋,其他垃圾,,[],https://cdn.jsdelivr.net/npm/garbage-classification-data/garbage.json,garbage-classification-data
蜡烛包装,其他垃圾,,[],https://cdn.jsdelivr.net/npm/garbage-classification-data/garbage.json,garbage-classification-data
卫生巾外包装,其他垃圾,,[],https://cdn.jsdelivr.net/npm/garbage-classification-data/garbage.json,garbage-classification-data
豆腐盒,其他垃圾,,[],https://cdn.jsdelivr.net/npm/garbage-classification-data/garbage.json,garbage-classification-data
卫生巾包装袋,其他垃圾,,[],https://cdn.jsdelivr.net/npm/garbage-classification-data/garbage.json,garbage-classification-data
海绵蛋,其他垃圾,,[],https://cdn.jsdelivr.net/npm/garbage-classification-data/garbage.json,garbage-classification-data
方便面盒,其他垃圾,,[],https://cdn.jsdelivr.net/npm/garbage-classification-data/garbage.json,garbage-classification-data
纸皮核桃,其他垃圾,,[],https://cdn.jsdelivr.net/npm/garbage-classification-data/garbage.json,garbage-classification-data
卷筒纸外包装,其他垃圾,,[],https://cdn.jsdelivr.net/npm/garbage-classification-data/garbage.json,garbage-classification-data
牙签塑料盒,其他垃圾,,[],https://cdn.jsdelivr.net/npm/garbage-classification-data/garbage.json,garbage-classification-data
醋包,其他垃圾,,[],https://cdn.jsdelivr.net/npm/garbage-classification-data/garbage.json,garbage-classification-data
醋袋,其他垃圾,,[],https://cdn.jsdelivr.net/npm/garbage-classification-data/garbage.json,garbage-classification-data
食品塑料盒,其他垃圾,,[],https://cdn.jsdelivr.net/npm/garbage-classification-data/garbage.json,garbage-classification-data
仓鼠垫沙,其他垃圾,,[],https://cdn.jsdelivr.net/npm/garbage-classification-data/garbage.json,garbage-classification-data
干发巾,其他垃圾,,[],https://cdn.jsdelivr.net/npm/garbage-classification-data/garbage.json,garbage-classification-data
喜茶杯,其他垃圾,,[],https://cdn.jsdelivr.net/npm/garbage-classification-data/garbage.json,garbage-classification-data
面粉袋,其他垃圾,,[],https://cdn.jsdelivr.net/npm/garbage-classification-data/garbage.json,garbage-classification-data
吸管薄膜,其他垃圾,,[],https://cdn.jsdelivr.net/npm/garbage-classification-data/garbage.json,garbage-classification-data
蟑螂贴,其他垃圾,,[],https://cdn.jsdelivr.net/npm/garbage-classification-data/garbage.json,garbage-classification-data
眼贴膜,其他垃圾,,[],https://cdn.jsdelivr.net/npm/garbage-classification-data/garbage.json,garbage-classification-data
眼膜,其他垃圾,,[],https://cdn.jsdelivr.net/npm/garbage-classification-data/garbage.json,garbage-classification-data
鼻贴,其他垃圾,,[],https://cdn.jsdelivr.net/npm/garbage-classification-data/garbage.json,garbage-classification-data
去黑头鼻贴,其他垃圾,,[],https://cdn.jsdelivr.net/npm/garbage-classification-data/garbage.json,garbage-classification-data
一次性尿布,其他垃圾,,[],https://cdn.jsdelivr.net/npm/garbage-classification-data/garbage.json,garbage-classification-data
香烟灰,其他垃圾,,[],https://cdn.jsdelivr.net/npm/garbage-classification-data/garbage.json,garbage-classification-data
湿厕纸,其他垃圾,,[],https://cdn.jsdelivr.net/npm/garbage-classification-data/garbage.json,garbage-classification-data
烧烤竹签,其他垃圾,,[],https://cdn.jsdelivr.net/npm/garbage-classification-data/garbage.json,garbage-classification-data
锡箔餐盒,其他垃圾,,[],https://cdn.jsdelivr.net/npm/garbage-classification-data/garbage.json,garbage-classification-data
湿厕纸包装袋,其他垃圾,,[],https://cdn.jsdelivr.net/npm/garbage-classification-data/garbage.json,garbage-classification-data
酸奶吸管,其他垃圾,,[],https://cdn.jsdelivr.net/npm/garbage-classification-data/garbage.json,garbage-classification-data
铅笔芯,其他垃圾,,[],https://cdn.jsdelivr.net/npm/garbage-classification-data/garbage.json,garbage-classification-data
地板蜡,其他垃圾,,[],https://cdn.jsdelivr.net/npm/garbage-classification-data/garbage.json,garbage-classification-data
粽子包裹绳,其他垃圾,,[],https://cdn.jsdelivr.net/npm/garbage-classification-data/garbage.json,garbage-classification-data
塑料咖啡杯,其他垃圾,,[],https://cdn.jsdelivr.net/npm/garbage-classification-data/garbage.json,garbage-classification-data
硅藻泥,其他垃圾,,[],https://cdn.jsdelivr.net/npm/garbage-classification-data/garbage.json,garbage-classification-data
眼镜盒,其他垃圾,,[],https://cdn.jsdelivr.net/npm/garbage-classification-data/garbage.json,garbage-classification-data
逗猫棒,其他垃圾,,[],https://cdn.jsdelivr.net/npm/garbage-classification-data/garbage.json,garbage-classification-data
宠物饲料包装袋,其他垃圾,,[],https://cdn.jsdelivr.net/npm/garbage-classification-data/garbage.json,garbage-classification-data
滤尘袋,其他垃圾,,[],https://cdn.jsdelivr.net/npm/garbage-classification-data/garbage.json,garbage-classification-data
纸胶带,其他垃圾,,[],https://cdn.jsdelivr.net/npm/garbage-classification-data/garbage.json,garbage-classification-data
膨化食品包装袋,其他垃圾,,[],https://cdn.jsdelivr.net/npm/garbage-classification-data/garbage.json,garbage-classification-data
眼部精华胶囊,其他垃圾,,[],https://cdn.jsdelivr.net/npm/garbage-classification-data/garbage.json,garbage-classification-data
食品干燥剂,其他垃圾,,[],https://cdn.jsdelivr.net/npm/garbage-classification-data/garbage.json,garbage-classification-data
纸咖啡杯,其他垃圾,,[],https://cdn.jsdelivr.net/npm/garbage-classification-data/garbage.json,garbage-classification-data
空气清新剂罐,其他垃圾,,[],https://cdn.jsdelivr.net/npm/garbage-classification-data/garbage.json,garbage-classification-data
空调滤芯,其他垃圾,,[],https://cdn.jsdelivr.net/npm/garbage-classification-data/garbage.json,garbage-classification-data
珍珠奶茶杯,其他垃圾,,[],https://cdn.jsdelivr.net/npm/garbage-classification-data/garbage.json,garbage-classification-data
早餐奶包装袋,其他垃圾,,[],https://cdn.jsdelivr.net/npm/garbage-classification-data/garbage.json,garbage-classification-data
粉底液,其他垃圾,,[],https://cdn.jsdelivr.net/npm/garbage-classification-data/garbage.json,garbage-classification-data
墙灰,其他垃圾,,[],https://cdn.jsdelivr.net/npm/garbage-classification-data/garbage.json,garbage-classification-data
湿抹布,其他垃圾,,[],https://cdn.jsdelivr.net/npm/garbage-classification-data/garbage.json,garbage-classification-data
一次性内裤,其他垃圾,,[],https://cdn.jsdelivr.net/npm/garbage-classification-data/garbage.json,garbage-classification-data
生物冰袋,其他垃圾,,[],https://cdn.jsdelivr.net/npm/garbage-classification-data/garbage.json,garbage-classification-data
桃子核,其他垃圾,,[],https://cdn.jsdelivr.net/npm/garbage-classification-data/garbage.json,garbage-classification-data
陶瓷杯,其他垃圾,,[],https://cdn.jsdelivr.net/npm/garbage-classification-data/garbage.json,garbage-classification-data
脏牛奶盒,其他垃圾,,[],https://cdn.jsdelivr.net/npm/garbage-classification-data/garbage.json,garbage-classification-data
一次性塑料杯,其他垃圾,,[],https://cdn.jsdelivr.net/npm/garbage-classification-data/garbage.json,garbage-classification-data
乐事薯片盒,其他垃圾,,[],https://cdn.jsdelivr.net/npm/garbage-classification-data/garbage.json,garbage-classification-data
蛋黄酥包装盒,其他垃圾,,[],https://cdn.jsdelivr.net/npm/garbage-classification-data/garbage.json,garbage-classification-data
瓷勺,其他垃圾,,[],https://cdn.jsdelivr.net/npm/garbage-classification-data/garbage.json,garbage-classification-data
养乐多盖,其他垃圾,,[],https://cdn.jsdelivr.net/npm/garbage-classification-data/garbage.json,garbage-classification-data
胶布,其他垃圾,,[],https://cdn.jsdelivr.net/npm/garbage-classification-data/garbage.json,garbage-classification-data
一次性洗脸巾,其他垃圾,,[],https://cdn.jsdelivr.net/npm/garbage-classification-data/garbage.json,garbage-classification-data
沸石猫砂,其他垃圾,,[],https://cdn.jsdelivr.net/npm/garbage-classification-data/garbage.json,garbage-classification-data
早餐塑料袋,其他垃圾,,[],https://cdn.jsdelivr.net/npm/garbage-classification-data/garbage.json,garbage-classification-data
豆浆杯盖,其他垃圾,,[],https://cdn.jsdelivr.net/npm/garbage-classification-data/garbage.json,garbage-classification-data
口红盒,其他垃圾,,[],https://cdn.jsdelivr.net/npm/garbage-classification-data/garbage.json,garbage-classification-data
包裹着猫屎的膨润土猫砂,其他垃圾,,[],https://cdn.jsdelivr.net/npm/garbage-classification-data/garbage.json,garbage-classification-data
游泳眼镜,其他垃圾,,[],https://cdn.jsdelivr.net/npm/garbage-classification-data/garbage.json,garbage-classification-data
老花眼镜,其他垃圾,,[],https://cdn.jsdelivr.net/npm/garbage-classification-data/garbage.json,garbage-classification-data
蜡烛塑料模,其他垃圾,,[],https://cdn.jsdelivr.net/npm/garbage-classification-data/garbage.json,garbage-classification-data
塑料挂钩,其他垃圾,,[],https://cdn.jsdelivr.net/npm/garbage-classification-data/garbage.json,garbage-classification-data
奶粉勺子,其他垃圾,,[],https://cdn.jsdelivr.net/npm/garbage-classification-data/garbage.json,garbage-classification-data
减震泡泡膜,其他垃圾,,[],https://cdn.jsdelivr.net/npm/garbage-classification-data/garbage.json,garbage-classification-data
擦手纸,其他垃圾,,[],https://cdn.jsdelivr.net/npm/garbage-classification-data/garbage.json,garbage-classification-data
奶粉盖,其他垃圾,,[],https://cdn.jsdelivr.net/npm/garbage-classification-data/garbage.json,garbage-classification-data
水粉颜料,其他垃圾,,[],https://cdn.jsdelivr.net/npm/garbage-classification-data/garbage.json,garbage-classification-data
机票,其他垃圾,,[],https://cdn.jsdelivr.net/npm/garbage-classification-data/garbage.json,garbage-classification-data
演唱会票,其他垃圾,,[],https://cdn.jsdelivr.net/npm/garbage-classification-data/garbage.json,garbage-classification-data
车票,其他垃圾,,[],https://cdn.jsdelivr.net/npm/garbage-classification-data/garbage.json,garbage-classification-data
大头钉,其他垃圾,,[],https://cdn.jsdelivr.net/npm/garbage-classification-data/garbage.json,garbage-classification-data
热敏纸,其他垃圾,,[],https://cdn.jsdelivr.net/npm/garbage-classification-data/garbage.json,garbage-classification-data
不干胶纸,其他垃圾,,[],https://cdn.jsdelivr.net/npm/garbage-classification-data/garbage.json,garbage-classification-data
饮料瓶标签,其他垃圾,,[],https://cdn.jsdelivr.net/npm/garbage-classification-data/garbage.json,garbage-classification-data
方便面包装袋,其他垃圾,,[],https://cdn.jsdelivr.net/npm/garbage-classification-data/garbage.json,garbage-classification-data
标签纸,其他垃圾,,[],https://cdn.jsdelivr.net/npm/garbage-classification-data/garbage.json,garbage-classification-data
沙拉袋,其他垃圾,,[],https://cdn.jsdelivr.net/npm/garbage-classification-data/garbage.json,garbage-classification-data
快递贴纸,其他垃圾,,[],https://cdn.jsdelivr.net/npm/garbage-classification-data/garbage.json,garbage-classification-data
气泡垫,其他垃圾,,[],https://cdn.jsdelivr.net/npm/garbage-classification-data/garbage.json,garbage-classification-data
废瓷砖,其他垃圾,,[],https://cdn.jsdelivr.net/npm/garbage-classification-data/garbage.json,garbage-classification-data
水果罐,其他垃圾,,[],https://cdn.jsdelivr.net/npm/garbage-classification-data/garbage.json,garbage-classification-data
保湿喷雾,其他垃圾,,[],https://cdn.jsdelivr.net/npm/garbage-classification-data/garbage.json,garbage-classification-data
火车票,其他垃圾,,[],https://cdn.jsdelivr.net/npm/garbage-classification-data/garbage.json,garbage-classification-data
退烧贴,其他垃圾,,[],https://cdn.jsdelivr.net/npm/garbage-classification-data/garbage.json,garbage-classification-data
卸妆油瓶,其他垃圾,,[],https://cdn.jsdelivr.net/npm/garbage-classification-data/garbage.json,garbage-classification-data
水果包装袋,其他垃圾,,[],https://cdn.jsdelivr.net/npm/garbage-classification-data/garbage.json,garbage-classification-data
泡面调料包,其他垃圾,,[],https://cdn.jsdelivr.net/npm/garbage-classification-data/garbage.json,garbage-classification-data
冻干粉面膜,其他垃圾,,[],https://cdn.jsdelivr.net/npm/garbage-classification-data/garbage.json,garbage-classification-data
软膜撕拉面膜,其他垃圾,,[],https://cdn.jsdelivr.net/npm/garbage-classification-data/garbage.json,garbage-classification-data
卷笔刀,其他垃圾,,[],https://cdn.jsdelivr.net/npm/garbage-classification-data/garbage.json,garbage-classification-data
化妆品瓶盖,其他垃圾,,[],https://cdn.jsdelivr.net/npm/garbage-classification-data/garbage.json,garbage-classification-data
N次贴,其他垃圾,,[],https://cdn.jsdelivr.net/npm/garbage-classification-data/garbage.json,garbage-classification-data
纳米海绵,其他垃圾,,[],https://cdn.jsdelivr.net/npm/garbage-classification-data/garbage.json,garbage-classification-data
一次性剃须刀片,其他垃圾,,[],https://cdn.jsdelivr.net/npm/garbage-classification-data/garbage.json,garbage-classification-data
塑料油壶,其他垃圾,,[],https://cdn.jsdelivr.net/npm/garbage-classification-data/garbage.json,garbage-classification-data
眼线液,其他垃圾,,[],https://cdn.jsdelivr.net/npm/garbage-classification-data/garbage.json,garbage-classification-data
避孕套包装,其他垃圾,,[],https://cdn.jsdelivr.net/npm/garbage-classification-data/garbage.json,garbage-classification-data
兔毛,其他垃圾,,[],https://cdn.jsdelivr.net/npm/garbage-classification-data/garbage.json,garbage-classification-data
大龙虾头,其他垃圾,,[],https://cdn.jsdelivr.net/npm/garbage-classification-data/garbage.json,garbage-classification-data
一次性塑料鞋套,其他垃圾,,[],https://cdn.jsdelivr.net/npm/garbage-classification-data/garbage.json,garbage-classification-data
粽子皮,其他垃圾,,[],https://cdn.jsdelivr.net/npm/garbage-classification-data/garbage.json,garbage-classification-data
牛皮筋,其他垃圾,,[],https://cdn.jsdelivr.net/npm/garbage-classification-data/garbage.json,garbage-classification-data
修眉刀,其他垃圾,,[],https://cdn.jsdelivr.net/npm/garbage-classification-data/garbage.json,garbage-classification-data
头绳,其他垃圾,,[],https://cdn.jsdelivr.net/npm/garbage-classification-data/garbage.json,garbage-classification-data
艾灸渣,其他垃圾,,[],https://cdn.jsdelivr.net/npm/garbage-classification-data/garbage.json,garbage-classification-data
牙套,其他垃圾,,[],https://cdn.jsdelivr.net/npm/garbage-classification-data/garbage.json,garbage-classification-data
塑料刷子,其他垃圾,,[],https://cdn.jsdelivr.net/npm/garbage-classification-data/garbage.json,garbage-classification-data
防蚊手环,其他垃圾,,[],https://cdn.jsdelivr.net/npm/garbage-classification-data/garbage.json,garbage-classification-data
搓澡巾,其他垃圾,,[],https://cdn.jsdelivr.net/npm/garbage-classification-data/garbage.json,garbage-classification-data
烟丝,其他垃圾,,[],https://cdn.jsdelivr.net/npm/garbage-classification-data/garbage.json,garbage-classification-data
方便面叉子,其他垃圾,,[],https://cdn.jsdelivr.net/npm/garbage-classification-data/garbage.json,garbage-classification-data
汉堡纸,其他垃圾,,[],https://cdn.jsdelivr.net/npm/garbage-classification-data/garbage.json,garbage-classification-data
眼镜布,其他垃圾,,[],https://cdn.jsdelivr.net/npm/garbage-classification-data/garbage.json,garbage-classification-data
果冻包装盒,其他垃圾,,[],https://cdn.jsdelivr.net/npm/garbage-classification-data/garbage.json,garbage-classification-data
干冰袋,其他垃圾,,[],https://cdn.jsdelivr.net/npm/garbage-classification-data/garbage.json,garbage-classification-data
头皮屑,其他垃圾,,[],https://cdn.jsdelivr.net/npm/garbage-classification-data/garbage.json,garbage-classification-data
长寿果壳,其他垃圾,,[],https://cdn.jsdelivr.net/npm/garbage-classification-data/garbage.json,garbage-classification-data
超市塑料袋,其他垃圾,,[],https://cdn.jsdelivr.net/npm/garbage-classification-data/garbage.json,garbage-classification-data
防震膜,其他垃圾,,[],https://cdn.jsdelivr.net/npm/garbage-classification-data/garbage.json,garbage-classification-data
羊肉骨头,其他垃圾,,[],https://cdn.jsdelivr.net/npm/garbage-classification-data/garbage.json,garbage-classification-data
酱油包装袋,其他垃圾,,[],https://cdn.jsdelivr.net/npm/garbage-classification-data/garbage.json,garbage-classification-data
一次性餐具包装,其他垃圾,,[],https://cdn.jsdelivr.net/npm/garbage-classification-data/garbage.json,garbage-classification-data
爽身粉,其他垃圾,,[],https://cdn.jsdelivr.net/npm/garbage-classification-data/garbage.json,garbage-classification-data
84消毒液瓶,其他垃圾,,[],https://cdn.jsdelivr.net/npm/garbage-classification-data/garbage.json,garbage-classification-data
炸鸡包装袋,其他垃圾,,[],https://cdn.jsdelivr.net/npm/garbage-classification-data/garbage.json,garbage-classification-data
气泡纸,其他垃圾,,[],https://cdn.jsdelivr.net/npm/garbage-classification-data/garbage.json,garbage-classification-data
液体蚊香,其他垃圾,,[],https://cdn.jsdelivr.net/npm/garbage-classification-data/garbage.json,garbage-classification-data
织带,其他垃圾,,[],https://cdn.jsdelivr.net/npm/garbage-classification-data/garbage.json,garbage-classification-data
液体蚊香瓶,其他垃圾,,[],https://cdn.jsdelivr.net/npm/garbage-classification-data/garbage.json,garbage-classification-data
卸妆乳瓶,其他垃圾,,[],https://cdn.jsdelivr.net/npm/garbage-classification-data/garbage.json,garbage-classification-data
包裹着鸡蛋壳的餐巾纸,其他垃圾,,[],https://cdn.jsdelivr.net/npm/garbage-classification-data/garbage.json,garbage-classification-data
气泡袋,其他垃圾,,[],https://cdn.jsdelivr.net/npm/garbage-classification-data/garbage.json,garbage-classification-data
条码纸,其他垃圾,,[],https://cdn.jsdelivr.net/npm/garbage-classification-data/garbage.json,garbage-classification-data
干草包装袋,其他垃圾,,[],https://cdn.jsdelivr.net/npm/garbage-classification-data/garbage.json,garbage-classification-data
猫粮包装袋,其他垃圾,,[],https://cdn.jsdelivr.net/npm/garbage-classification-data/garbage.json,garbage-classification-data
香肠竹签,其他垃圾,,[],https://cdn.jsdelivr.net/npm/garbage-classification-data/garbage.json,garbage-classification-data
破碎盘子,其他垃圾,,[],https://cdn.jsdelivr.net/npm/garbage-classification-data/garbage.json,garbage-classification-data
荷兰猪毛,其他垃圾,,[],https://cdn.jsdelivr.net/npm/garbage-classification-data/garbage.json,garbage-classification-data
碳性电池,其他垃圾,,[],https://cdn.jsdelivr.net/npm/garbage-classification-data/garbage.json,garbage-classification-data
串串竹签,其他垃圾,,[],https://cdn.jsdelivr.net/npm/garbage-classification-data/garbage.json,garbage-classification-data
旧口罩,其他垃圾,,[],https://cdn.jsdelivr.net/npm/garbage-classification-data/garbage.json,garbage-classification-data
扇子,其他垃圾,,[],https://cdn.jsdelivr.net/npm/garbage-classification-data/garbage.json,garbage-classification-data
乳垫,其他垃圾,,[],https://cdn.jsdelivr.net/npm/garbage-classification-data/garbage.json,garbage-classification-data
吸味剂,其他垃圾,,[],https://cdn.jsdelivr.net/npm/garbage-classification-data/garbage.json,garbage-classification-data
烟盒内锡纸,其他垃圾,,[],https://cdn.jsdelivr.net/npm/garbage-classification-data/garbage.json,garbage-classification-data
旧牙刷,其他垃圾,,[],https://cdn.jsdelivr.net/npm/garbage-classification-data/garbage.json,garbage-classification-data
马克杯,其他垃圾,,[],https://cdn.jsdelivr.net/npm/garbage-classification-data/garbage.json,garbage-classification-data
绿豆包装,其他垃圾,,[],https://cdn.jsdelivr.net/npm/garbage-classification-data/garbage.json,garbage-classification-data
菠萝蜜核,其他垃圾,,[],https://cdn.jsdelivr.net/npm/garbage-classification-data/garbage.json,garbage-classification-data
日抛,其他垃圾,,[],https://cdn.jsdelivr.net/npm/garbage-classification-data/garbage.json,garbage-classification-data
牙贴,其他垃圾,,[],https://cdn.jsdelivr.net/npm/garbage-classification-data/garbage.json,garbage-classification-data
一次性电子烟,其他垃圾,,[],https://cdn.jsdelivr.net/npm/garbage-classification-data/garbage.json,garbage-classification-data
果冻壳,其他垃圾,,[],https://cdn.jsdelivr.net/npm/garbage-classification-data/garbage.json,garbage-classification-data
湿面巾纸,其他垃圾,,[],https://cdn.jsdelivr.net/npm/garbage-classification-data/garbage.json,garbage-classification-data
购物小票,其他垃圾,,[],https://cdn.jsdelivr.net/npm/garbage-classification-data/garbage.json,garbage-classification-data
冰淇淋纸,其他垃圾,,[],https://cdn.jsdelivr.net/npm/garbage-classification-data/garbage.json,garbage-classification-data
红茶包,其他垃圾,,[],https://cdn.jsdelivr.net/npm/garbage-classification-data/garbage.json,garbage-classification-data
自热包,其他垃圾,,[],https://cdn.jsdelivr.net/npm/garbage-classification-data/garbage.json,garbage-classification-data
丙烯颜料,其他垃圾,,[],https://cdn.jsdelivr.net/npm/garbage-classification-data/garbage.json,garbage-classification-data
陶瓷烟灰缸,其他垃圾,,[],https://cdn.jsdelivr.net/npm/garbage-classification-data/garbage.json,garbage-classification-data
丝瓜筋,其他垃圾,,[],https://cdn.jsdelivr.net/npm/garbage-classification-data/garbage.json,garbage-classification-data
带油抹布,其他垃圾,,[],https://cdn.jsdelivr.net/npm/garbage-classification-data/garbage.json,garbage-classification-data
塑料牙签,其他垃圾,,[],https://cdn.jsdelivr.net/npm/garbage-classification-data/garbage.json,garbage-classification-data
鸽毛,其他垃圾,,[],https://cdn.jsdelivr.net/npm/garbage-classification-data/garbage.json,garbage-classification-data
毛笔,其他垃圾,,[],https://cdn.jsdelivr.net/npm/garbage-classification-data/garbage.json,garbage-classification-data
脱酸素剂,其他垃圾,,[],https://cdn.jsdelivr.net/npm/garbage-classification-data/garbage.json,garbage-classification-data
消毒棉,其他垃圾,,[],https://cdn.jsdelivr.net/npm/garbage-classification-data/garbage.json,garbage-classification-data
油性笔,其他垃圾,,[],https://cdn.jsdelivr.net/npm/garbage-classification-data/garbage.json,garbage-classification-data
发卡,其他垃圾,,[],https://cdn.jsdelivr.net/npm/garbage-classification-data/garbage.json,garbage-classification-data
防潮袋,其他垃圾,,[],https://cdn.jsdelivr.net/npm/garbage-classification-data/garbage.json,garbage-classification-data
刘海夹,其他垃圾,,[],https://cdn.jsdelivr.net/npm/garbage-classification-data/garbage.json,garbage-classification-data
饼干袋,其他垃圾,,[],https://cdn.jsdelivr.net/npm/garbage-classification-data/garbage.json,garbage-classification-data
浴沙,其他垃圾,,[],https://cdn.jsdelivr.net/npm/garbage-classification-data/garbage.json,garbage-classification-data
冷饮包装纸,其他垃圾,,[],https://cdn.jsdelivr.net/npm/garbage-classification-data/garbage.json,garbage-classification-data
一次性拖鞋,其他垃圾,,[],https://cdn.jsdelivr.net/npm/garbage-classification-data/garbage.json,garbage-classification-data
足浴袋,其他垃圾,,[],https://cdn.jsdelivr.net/npm/garbage-classification-data/garbage.json,garbage-classification-data
吸湿剂,其他垃圾,,[],https://cdn.jsdelivr.net/npm/garbage-classification-data/garbage.json,garbage-classification-data
洗衣粉袋,其他垃圾,,[],https://cdn.jsdelivr.net/npm/garbage-classification-data/garbage.json,garbage-classification-data
化妆品密封塑料膜,其他垃圾,,[],https://cdn.jsdelivr.net/npm/garbage-classification-data/garbage.json,garbage-classification-data
湿报纸,其他垃圾,,[],https://cdn.jsdelivr.net/npm/garbage-classification-data/garbage.json,garbage-classification-data
婴幼儿纸尿裤,其他垃圾,,[],https://cdn.jsdelivr.net/npm/garbage-classification-data/garbage.json,garbage-classification-data
眼镜框,其他垃圾,,[],https://cdn.jsdelivr.net/npm/garbage-classification-data/garbage.json,garbage-classification-data
油污湿巾纸,其他垃圾,,[],https://cdn.jsdelivr.net/npm/garbage-classification-data/garbage.json,garbage-classification-data
脱氧保鲜剂,其他垃圾,,[],https://cdn.jsdelivr.net/npm/garbage-classification-data/garbage.json,garbage-classification-data
关东煮纸杯,其他垃圾,,[],https://cdn.jsdelivr.net/npm/garbage-classification-data/garbage.json,garbage-classification-data
碘酒棉球,其他垃圾,,[],https://cdn.jsdelivr.net/npm/garbage-classification-data/garbage.json,garbage-classification-data
酒精棉球,其他垃圾,,[],https://cdn.jsdelivr.net/npm/garbage-classification-data/garbage.json,garbage-classification-data
珍宝蟹,其他垃圾,,[],https://cdn.jsdelivr.net/npm/garbage-classification-data/garbage.json,garbage-classification-data
泡脚袋,其他垃圾,,[],https://cdn.jsdelivr.net/npm/garbage-classification-data/garbage.json,garbage-classification-data
一次性便当盒,其他垃圾,,[],https://cdn.jsdelivr.net/npm/garbage-classification-data/garbage.json,garbage-classification-data
羊肉串棒,其他垃圾,,[],https://cdn.jsdelivr.net/npm/garbage-classification-data/garbage.json,garbage-classification-data
碳包,其他垃圾,,[],https://cdn.jsdelivr.net/npm/garbage-classification-data/garbage.json,garbage-classification-data
手机链,其他垃圾,,[],https://cdn.jsdelivr.net/npm/garbage-classification-data/garbage.json,garbage-classification-data
卤料包,其他垃圾,,[],https://cdn.jsdelivr.net/npm/garbage-classification-data/garbage.json,garbage-classification-data
五子棋,其他垃圾,,[],https://cdn.jsdelivr.net/npm/garbage-classification-data/garbage.json,garbage-classification-data
化妆镜,其他垃圾,,[],https://cdn.jsdelivr.net/npm/garbage-classification-data/garbage.json,garbage-classification-data
香囊,其他垃圾,,[],https://cdn.jsdelivr.net/npm/garbage-classification-data/garbage.json,garbage-classification-data
塑料带,其他垃圾,,[],https://cdn.jsdelivr.net/npm/garbage-classification-data/garbage.json,garbage-classification-data
测血糖试纸,其他垃圾,,[],https://cdn.jsdelivr.net/npm/garbage-classification-data/garbage.json,garbage-classification-data
足贴,其他垃圾,,[],https://cdn.jsdelivr.net/npm/garbage-classification-data/garbage.json,garbage-classification-data
牛肉骨头,其他垃圾,,[],https://cdn.jsdelivr.net/npm/garbage-classification-data/garbage.json,garbage-classification-data
必胜客纸盒,其他垃圾,,[],https://cdn.jsdelivr.net/npm/garbage-classification-data/garbage.json,garbage-classification-data
奶茶盖,其他垃圾,,[],https://cdn.jsdelivr.net/npm/garbage-classification-data/garbage.json,garbage-classification-data
隐形眼镜盒,其他垃圾,,[],https://cdn.jsdelivr.net/npm/garbage-classification-data/garbage.json,garbage-classification-data
酒精棉片,其他垃圾,,[],https://cdn.jsdelivr.net/npm/garbage-classification-data/garbage.json,garbage-classification-data
光碟包,其他垃圾,,[],https://cdn.jsdelivr.net/npm/garbage-classification-data/garbage.json,garbage-classification-data
烤串棒,其他垃圾,,[],https://cdn.jsdelivr.net/npm/garbage-classification-data/garbage.json,garbage-classification-data
棒冰包装袋,其他垃圾,,[],https://cdn.jsdelivr.net/npm/garbage-classification-data/garbage.json,garbage-classification-data
湿卫生纸,其他垃圾,,[],https://cdn.jsdelivr.net/npm/garbage-classification-data/garbage.json,garbage-classification-data
席子,其他垃圾,,[],https://cdn.jsdelivr.net/npm/garbage-classification-data/garbage.json,garbage-classification-data
竹炭包,其他垃圾,,[],https://cdn.jsdelivr.net/npm/garbage-classification-data/garbage.json,garbage-classification-data
园艺土,其他垃圾,,[],https://cdn.jsdelivr.net/npm/garbage-classification-data/garbage.json,garbage-classification-data
牛排包装,其他垃圾,,[],https://cdn.jsdelivr.net/npm/garbage-classification-data/garbage.json,garbage-classification-data
蔬菜包装袋,其他垃圾,,[],https://cdn.jsdelivr.net/npm/garbage-classification-data/garbage.json,garbage-classification-data
烫发剂壳,其他垃圾,,[],https://cdn.jsdelivr.net/npm/garbage-classification-data/garbage.json,garbage-classification-data
瑞幸咖啡杯,其他垃圾,,[],https://cdn.jsdelivr.net/npm/garbage-classification-data/garbage.json,garbage-classification-data
厨房纸巾,其他垃圾,,[],https://cdn.jsdelivr.net/npm/garbage-classification-data/garbage.json,garbage-classification-data
塑料糖纸,其他垃圾,,[],https://cdn.jsdelivr.net/npm/garbage-classification-data/garbage.json,garbage-classification-data
纸巾外包装,其他垃圾,,[],https://cdn.jsdelivr.net/npm/garbage-classification-data/garbage.json,garbage-classification-data
卫生卷纸,其他垃圾,,[],https://cdn.jsdelivr.net/npm/garbage-classification-data/garbage.json,garbage-classification-data
全棉时代纸巾,其他垃圾,,[],https://cdn.jsdelivr.net/npm/garbage-classification-data/garbage.json,garbage-classification-data
雪糕棍,其他垃圾,,[],https://cdn.jsdelivr.net/npm/garbage-classification-data/garbage.json,garbage-classification-data
卫生棒,其他垃圾,,[],https://cdn.jsdelivr.net/npm/garbage-classification-data/garbage.json,garbage-classification-data
防蚊贴,其他垃圾,,[],https://cdn.jsdelivr.net/npm/garbage-classification-data/garbage.json,garbage-classification-data
湿纸巾包装袋,其他垃圾,,[],https://cdn.jsdelivr.net/npm/garbage-classification-data/garbage.json,garbage-classification-data
腋毛,其他垃圾,,[],https://cdn.jsdelivr.net/npm/garbage-classification-data/garbage.json,garbage-classification-data
胡渣,其他垃圾,,[],https://cdn.jsdelivr.net/npm/garbage-classification-data/garbage.json,garbage-classification-data
面条包装袋,其他垃圾,,[],https://cdn.jsdelivr.net/npm/garbage-classification-data/garbage.json,garbage-classification-data
魔芋粉包装袋,其他垃圾,,[],https://cdn.jsdelivr.net/npm/garbage-classification-data/garbage.json,garbage-classification-data
清凉贴,其他垃圾,,[],https://cdn.jsdelivr.net/npm/garbage-classification-data/garbage.json,garbage-classification-data
固体清香剂,其他垃圾,,[],https://cdn.jsdelivr.net/npm/garbage-classification-data/garbage.json,garbage-classification-data
腮红,其他垃圾,,[],https://cdn.jsdelivr.net/npm/garbage-classification-data/garbage.json,garbage-classification-data
轻质彩泥,其他垃圾,,[],https://cdn.jsdelivr.net/npm/garbage-classification-data/garbage.json,garbage-classification-data
巧克力锡纸,其他垃圾,,[],https://cdn.jsdelivr.net/npm/garbage-classification-data/garbage.json,garbage-classification-data
橡皮擦,其他垃圾,,[],https://cdn.jsdelivr.net/npm/garbage-classification-data/garbage.json,garbage-classification-data
黑板擦,其他垃圾,,[],https://cdn.jsdelivr.net/npm/garbage-classification-data/garbage.json,garbage-classification-data
白板擦,其他垃圾,,[],https://cdn.jsdelivr.net/npm/garbage-classification-data/garbage.json,garbage-classification-data
碗碎片,其他垃圾,,[],https://cdn.jsdelivr.net/npm/garbage-classification-data/garbage.json,garbage-classification-data
湿烟头,其他垃圾,,[],https://cdn.jsdelivr.net/npm/garbage-classification-data/garbage.json,garbage-classification-data
清洁抹布,其他垃圾,,[],https://cdn.jsdelivr.net/npm/garbage-classification-data/garbage.json,garbage-classification-data
便签纸,其他垃圾,,[],https://cdn.jsdelivr.net/npm/garbage-classification-data/garbage.json,garbage-classification-data
泡泡糖,其他垃圾,,[],https://cdn.jsdelivr.net/npm/garbage-classification-data/garbage.json,garbage-classification-data
吸油面纸,其他垃圾,,[],https://cdn.jsdelivr.net/npm/garbage-classification-data/garbage.json,garbage-classification-data
肉类包装盒,其他垃圾,,[],https://cdn.jsdelivr.net/npm/garbage-classification-data/garbage.json,garbage-classification-data
扣子,其他垃圾,,[],https://cdn.jsdelivr.net/npm/garbage-classification-data/garbage.json,garbage-classification-data
内衣包装袋,其他垃圾,,[],https://cdn.jsdelivr.net/npm/garbage-classification-data/garbage.json,garbage-classification-data
太阳镜,其他垃圾,,[],https://cdn.jsdelivr.net/npm/garbage-classification-data/garbage.json,garbage-classification-data
灭蚊片,其他垃圾,,[],https://cdn.jsdelivr.net/npm/garbage-classification-data/garbage.json,garbage-classification-data
CD,其他垃圾,,[],https://cdn.jsdelivr.net/npm/garbage-classification-data/garbage.json,garbage-classification-data
DVD,其他垃圾,,[],https://cdn.jsdelivr.net/npm/garbage-classification-data/garbage.json,garbage-classification-data
混合猫砂,其他垃圾,,[],https://cdn.jsdelivr.net/npm/garbage-classification-data/garbage.json,garbage-classification-data
水笔芯,其他垃圾,,[],https://cdn.jsdelivr.net/npm/garbage-classification-data/garbage.json,garbage-classification-data
键盘清洁胶,其他垃圾,,[],https://cdn.jsdelivr.net/npm/garbage-classification-data/garbage.json,garbage-classification-data
塑料夹子,其他垃圾,,[],https://cdn.jsdelivr.net/npm/garbage-classification-data/garbage.json,garbage-classification-data
砚台,其他垃圾,,[],https://cdn.jsdelivr.net/npm/garbage-classification-data/garbage.json,garbage-classification-data
证件塑料壳,其他垃圾,,[],https://cdn.jsdelivr.net/npm/garbage-classification-data/garbage.json,garbage-classification-data
登机牌,其他垃圾,,[],https://cdn.jsdelivr.net/npm/garbage-classification-data/garbage.json,garbage-classification-data
竹牙签,其他垃圾,,[],https://cdn.jsdelivr.net/npm/garbage-classification-data/garbage.json,garbage-classification-data
牛尾骨,其他垃圾,,[],https://cdn.jsdelivr.net/npm/garbage-classification-data/garbage.json,garbage-classification-data
湿纸箱,其他垃圾,,[],https://cdn.jsdelivr.net/npm/garbage-classification-data/garbage.json,garbage-classification-data
风油精瓶,其他垃圾,,[],https://cdn.jsdelivr.net/npm/garbage-classification-data/garbage.json,garbage-classification-data
驱蚊贴,其他垃圾,,[],https://cdn.jsdelivr.net/npm/garbage-classification-data/garbage.json,garbage-classification-data
硅胶手环,其他垃圾,,[],https://cdn.jsdelivr.net/npm/garbage-classification-data/garbage.json,garbage-classification-data
气垫BB霜,其他垃圾,,[],https://cdn.jsdelivr.net/npm/garbage-classification-data/garbage.json,garbage-classification-data
橡皮屑,其他垃圾,,[],https://cdn.jsdelivr.net/npm/garbage-classification-data/garbage.json,garbage-classification-data
中药面膜,其他垃圾,,[],https://cdn.jsdelivr.net/npm/garbage-classification-data/garbage.json,garbage-classification-data
牙刷头,其他垃圾,,[],https://cdn.jsdelivr.net/npm/garbage-classification-data/garbage.json,garbage-classification-data
牛肉干包装,其他垃圾,,[],https://cdn.jsdelivr.net/npm/garbage-classification-data/garbage.json,garbage-classification-data
胸贴,其他垃圾,,[],https://cdn.jsdelivr.net/npm/garbage-classification-data/garbage.json,garbage-classification-data
牛仔骨,其他垃圾,,[],https://cdn.jsdelivr.net/npm/garbage-classification-data/garbage.json,garbage-classification-data
盐包装袋,其他垃圾,,[],https://cdn.jsdelivr.net/npm/garbage-classification-data/garbage.json,garbage-classification-data
浴花,其他垃圾,,[],https://cdn.jsdelivr.net/npm/garbage-classification-data/garbage.json,garbage-classification-data
扫描仪,可回收物,,[],https://cdn.jsdelivr.net/npm/garbage-classification-data/garbage.json,garbage-classification-data
投影仪,可回收物,,[],https://cdn.jsdelivr.net/npm/garbage-classification-data/garbage.json,garbage-classification-data
包装纸,可回收物,,[],https://cdn.jsdelivr.net/npm/garbage-classification-data/garbage.json,garbage-classification-data
硬纸板,可回收物,,[],https://cdn.jsdelivr.net/npm/garbage-classification-data/garbage.json,garbage-classification-data
纸板箱,可回收物,,[],https://cdn.jsdelivr.net/npm/garbage-classification-data/garbage.json,garbage-classification-data
包装盒,可回收物,,[],https://cdn.jsdelivr.net/npm/garbage-classification-data/garbage.json,garbage-classification-data
点心盒,可回收物,,[],https://cdn.jsdelivr.net/npm/garbage-classification-data/garbage.json,garbage-classification-data
纸巾盒,可回收物,,[],https://cdn.jsdelivr.net/npm/garbage-classification-data/garbage.json,garbage-classification-data
牛奶盒,可回收物,,[],https://cdn.jsdelivr.net/npm/garbage-classification-data/garbage.json,garbage-classification-data
饮料利乐包装,可回收物,,[],https://cdn.jsdelivr.net/npm/garbage-classification-data/garbage.json,garbage-classification-data
PET塑料瓶,可回收物,,[],https://cdn.jsdelivr.net/npm/garbage-classification-data/garbage.json,garbage-classification-data
饮料瓶,可回收物,,[],https://cdn.jsdelivr.net/npm/garbage-classification-data/garbage.json,garbage-classification-data
硬质塑料瓶,可回收物,,[],https://cdn.jsdelivr.net/npm/garbage-classification-data/garbage.json,garbage-classification-data
塑料盒,可回收物,,[],https://cdn.jsdelivr.net/npm/garbage-classification-data/garbage.json,garbage-classification-data
冰淇淋盒,可回收物,,[],https://cdn.jsdelivr.net/npm/garbage-classification-data/garbage.json,garbage-classification-data
塑料杯,可回收物,,[],https://cdn.jsdelivr.net/npm/garbage-classification-data/garbage.json,garbage-classification-data
酸奶杯,可回收物,,[],https://cdn.jsdelivr.net/npm/garbage-classification-data/garbage.json,garbage-classification-data
果冻杯,可回收物,,[],https://cdn.jsdelivr.net/npm/garbage-classification-data/garbage.json,garbage-classification-data
软桶,可回收物,,[],https://cdn.jsdelivr.net/npm/garbage-classification-data/garbage.json,garbage-classification-data
塑料泡沫,可回收物,,[],https://cdn.jsdelivr.net/npm/garbage-classification-data/garbage.json,garbage-classification-data
气泡缓冲材料,可回收物,,[],https://cdn.jsdelivr.net/npm/garbage-classification-data/garbage.json,garbage-classification-data
水果网套,可回收物,,[],https://cdn.jsdelivr.net/npm/garbage-classification-data/garbage.json,garbage-classification-data
废弃塑料文具,可回收物,,[],https://cdn.jsdelivr.net/npm/garbage-classification-data/garbage.json,garbage-classification-data
玻璃瓶,可回收物,,[],https://cdn.jsdelivr.net/npm/garbage-classification-data/garbage.json,garbage-classification-data
碎玻璃片,可回收物,,[],https://cdn.jsdelivr.net/npm/garbage-classification-data/garbage.json,garbage-classification-data
其他玻璃制品,可回收物,,[],https://cdn.jsdelivr.net/npm/garbage-classification-data/garbage.json,garbage-classification-data
金属盒,可回收物,,[],https://cdn.jsdelivr.net/npm/garbage-classification-data/garbage.json,garbage-classification-data
其他金属制品,可回收物,,[],https://cdn.jsdelivr.net/npm/garbage-classification-data/garbage.json,garbage-classification-data
金属文件柜,可回收物,,[],https://cdn.jsdelivr.net/npm/garbage-classification-data/garbage.json,garbage-classification-data
沙发,可回收物,,[],https://cdn.jsdelivr.net/npm/garbage-classification-data/garbage.json,garbage-classification-data
茶几,可回收物,,[],https://cdn.jsdelivr.net/npm/garbage-classification-data/garbage.json,garbage-classification-data
办公桌,可回收物,,[],https://cdn.jsdelivr.net/npm/garbage-classification-data/garbage.json,garbage-classification-data
文件柜,可回收物,,[],https://cdn.jsdelivr.net/npm/garbage-classification-data/garbage.json,garbage-classification-data
椅子,可回收物,,[],https://cdn.jsdelivr.net/npm/garbage-classification-data/garbage.json,garbage-classification-data
皮带,可回收物,,[],https://cdn.jsdelivr.net/npm/garbage-classification-data/garbage.json,garbage-classification-data
香水瓶,可回收物,,[],https://cdn.jsdelivr.net/npm/garbage-classification-data/garbage.json,garbage-classification-data
食品罐头,可回收物,,[],https://cdn.jsdelivr.net/npm/garbage-classification-data/garbage.json,garbage-classification-data
旧书包,可回收物,,[],https://cdn.jsdelivr.net/npm/garbage-classification-data/garbage.json,garbage-classification-data
旧鞋子,可回收物,,[],https://cdn.jsdelivr.net/npm/garbage-classification-data/garbage.json,garbage-classification-data
旧塑料篮子,可回收物,,[],https://cdn.jsdelivr.net/npm/garbage-classification-data/garbage.json,garbage-classification-data
旧玩偶,可回收物,,[],https://cdn.jsdelivr.net/npm/garbage-classification-data/garbage.json,garbage-classification-data
旧铁锅,可回收物,,[],https://cdn.jsdelivr.net/npm/garbage-classification-data/garbage.json,garbage-classification-data
不锈钢垃圾桶,可回收物,,[],https://cdn.jsdelivr.net/npm/garbage-classification-data/garbage.json,garbage-classification-data
旧帽子,可回收物,,[],https://cdn.jsdelivr.net/npm/garbage-classification-data/garbage.json,garbage-classification-data
旧夹子,可回收物,,[],https://cdn.jsdelivr.net/npm/garbage-classification-data/garbage.json,garbage-classification-data
废锁头,可回收物,,[],https://cdn.jsdelivr.net/npm/garbage-classification-data/garbage.json,garbage-classification-data
雨伞骨架,可回收物,,[],https://cdn.jsdelivr.net/npm/garbage-classification-data/garbage.json,garbage-classification-data
旧纸袋,可回收物,,[],https://cdn.jsdelivr.net/npm/garbage-classification-data/garbage.json,garbage-classification-data
纸盒,可回收物,,[],https://cdn.jsdelivr.net/npm/garbage-classification-data/garbage.json,garbage-classification-data
旧玩具,可回收物,,[],https://cdn.jsdelivr.net/npm/garbage-classification-data/garbage.json,garbage-classification-data
办公用纸,可回收物,,[],https://cdn.jsdelivr.net/npm/garbage-classification-data/garbage.json,garbage-classification-data
广告用纸,可回收物,,[],https://cdn.jsdelivr.net/npm/garbage-classification-data/garbage.json,garbage-classification-data
暖水瓶,可回收物,,[],https://cdn.jsdelivr.net/npm/garbage-classification-data/garbage.json,garbage-classification-data
废弃衣服,可回收物,,[],https://cdn.jsdelivr.net/npm/garbage-classification-data/garbage.json,garbage-classification-data
桌布,可回收物,,[],https://cdn.jsdelivr.net/npm/garbage-classification-data/garbage.json,garbage-classification-data
塑料包装,可回收物,,[],https://cdn.jsdelivr.net/npm/garbage-classification-data/garbage.json,garbage-classification-data
铁皮罐头,可回收物,,[],https://cdn.jsdelivr.net/npm/garbage-classification-data/garbage.json,garbage-classification-data
报废车辆,可回收物,,[],https://cdn.jsdelivr.net/npm/garbage-classification-data/garbage.json,garbage-classification-data
家电家具,可回收物,,[],https://cdn.jsdelivr.net/npm/garbage-classification-data/garbage.json,garbage-classification-data
玻璃烟灰缸,可回收物,,[],https://cdn.jsdelivr.net/npm/garbage-classification-data/garbage.json,garbage-classification-data
泡沫箱,可回收物,,[],https://cdn.jsdelivr.net/npm/garbage-classification-data/garbage.json,garbage-classification-data
墨水瓶,可回收物,,[],https://cdn.jsdelivr.net/npm/garbage-classification-data/garbage.json,garbage-classification-data
塑料垃圾桶,可回收物,,[],https://cdn.jsdelivr.net/npm/garbage-classification-data/garbage.json,garbage-classification-data
塑料饮料杯,可回收物,,[],https://cdn.jsdelivr.net/npm/garbage-classification-data/garbage.json,garbage-classification-data
吸铁石,可回收物,,[],https://cdn.jsdelivr.net/npm/garbage-classification-data/garbage.json,garbage-classification-data
塑料假花,可回收物,,[],https://cdn.jsdelivr.net/npm/garbage-classification-data/garbage.json,garbage-classification-data
指南针,可回收物,,[],https://cdn.jsdelivr.net/npm/garbage-classification-data/garbage.json,garbage-classification-data
自行车轮胎,可回收物,,[],https://cdn.jsdelivr.net/npm/garbage-classification-data/garbage.json,garbage-classification-data
袜子,可回收物,,[],https://cdn.jsdelivr.net/npm/garbage-classification-data/garbage.json,garbage-classification-data
竹签,可回收物,,[],https://cdn.jsdelivr.net/npm/garbage-classification-data/garbage.json,garbage-classification-data
旧衣服,可回收物,,[],https://cdn.jsdelivr.net/npm/garbage-classification-data/garbage.json,garbage-classification-data
轮胎,可回收物,,[],https://cdn.jsdelivr.net/npm/garbage-classification-data/garbage.json,garbage-classification-data
酸奶盒,可回收物,,[],https://cdn.jsdelivr.net/npm/garbage-classification-data/garbage.json,garbage-classification-data
钉子,可回收物,,[],https://cdn.jsdelivr.net/npm/garbage-classification-data/garbage.json,garbage-classification-data
地板砖,可回收物,,[],https://cdn.jsdelivr.net/npm/garbage-classification-data/garbage.json,garbage-classification-data
塑料壳,可回收物,,[],https://cdn.jsdelivr.net/npm/garbage-classification-data/garbage.json,garbage-classification-data
护肤品玻璃罐,可回收物,,[],https://cdn.jsdelivr.net/npm/garbage-classification-data/garbage.json,garbage-classification-data
奶粉罐,可回收物,,[],https://cdn.jsdelivr.net/npm/garbage-classification-data/garbage.json,garbage-classification-data
塑料瓶瓶盖,可回收物,,[],https://cdn.jsdelivr.net/npm/garbage-classification-data/garbage.json,garbage-classification-data
锡纸,可回收物,,[],https://cdn.jsdelivr.net/npm/garbage-classification-data/garbage.json,garbage-classification-data
废旧电子产品,可回收物,,[],https://cdn.jsdelivr.net/npm/garbage-classification-data/garbage.json,garbage-classification-data
鞋垫,可回收物,,[],https://cdn.jsdelivr.net/npm/garbage-classification-data/garbage.json,garbage-classification-data
过滤网,可回收物,,[],https://cdn.jsdelivr.net/npm/garbage-classification-data/garbage.json,garbage-classification-data
皮鞋,可回收物,,[],https://cdn.jsdelivr.net/npm/garbage-classification-data/garbage.json,garbage-classification-data
广告纸片,可回收物,,[],https://cdn.jsdelivr.net/npm/garbage-classification-data/garbage.json,garbage-classification-data
打印纸,可回收物,,[],https://cdn.jsdelivr.net/npm/garbage-classification-data/garbage.json,garbage-classification-data
菜刀,可回收物,,[],https://cdn.jsdelivr.net/npm/garbage-classification-data/garbage.json,garbage-classification-data
塑料盆,可回收物,,[],https://cdn.jsdelivr.net/npm/garbage-classification-data/garbage.json,garbage-classification-data
塑料桶,可回收物,,[],https://cdn.jsdelivr.net/npm/garbage-classification-data/garbage.json,garbage-classification-data
塑料日用品,可回收物,,[],https://cdn.jsdelivr.net/npm/garbage-classification-data/garbage.json,garbage-classification-data
塑料餐具,可回收物,,[],https://cdn.jsdelivr.net/npm/garbage-classification-data/garbage.json,garbage-classification-data
塑料纸,可回收物,,[],https://cdn.jsdelivr.net/npm/garbage-classification-data/garbage.json,garbage-classification-data
充电装置,可回收物,,[],https://cdn.jsdelivr.net/npm/garbage-classification-data/garbage.json,garbage-classification-data
砖头,可回收物,,[],https://cdn.jsdelivr.net/npm/garbage-classification-data/garbage.json,garbage-classification-data
水泥砖,可回收物,,[],https://cdn.jsdelivr.net/npm/garbage-classification-data/garbage.json,garbage-classification-data
矿泉水桶,可回收物,,[],https://cdn.jsdelivr.net/npm/garbage-classification-data/garbage.json,garbage-classification-data
可乐瓶,可回收物,,[],https://cdn.jsdelivr.net/npm/garbage-classification-data/garbage.json,garbage-classification-data
废旧木柴,可回收物,,[],https://cdn.jsdelivr.net/npm/garbage-classification-data/garbage.json,garbage-classification-data
保温袋,可回收物,,[],https://cdn.jsdelivr.net/npm/garbage-classification-data/garbage.json,garbage-classification-data
碎纸,可回收物,,[],https://cdn.jsdelivr.net/npm/garbage-classification-data/garbage.json,garbage-classification-data
铁盒,可回收物,,[],https://cdn.jsdelivr.net/npm/garbage-classification-data/garbage.json,garbage-classification-data
插线板,可回收物,,[],https://cdn.jsdelivr.net/npm/garbage-classification-data/garbage.json,garbage-classification-data
电风扇,可回收物,,[],https://cdn.jsdelivr.net/npm/garbage-classification-data/garbage.json,garbage-classification-data
水龙头,可回收物,,[],https://cdn.jsdelivr.net/npm/garbage-classification-data/garbage.json,garbage-classification-data
抗光屏,可回收物,,[],https://cdn.jsdelivr.net/npm/garbage-classification-data/garbage.json,garbage-classification-data
幕布,可回收物,,[],https://cdn.jsdelivr.net/npm/garbage-classification-data/garbage.json,garbage-classification-data
地球仪,可回收物,,[],https://cdn.jsdelivr.net/npm/garbage-classification-data/garbage.json,garbage-classification-data
空气净化器过滤网,可回收物,,[],https://cdn.jsdelivr.net/npm/garbage-classification-data/garbage.json,garbage-classification-data
化妆品瓶,可回收物,,[],https://cdn.jsdelivr.net/npm/garbage-classification-data/garbage.json,garbage-classification-data
未被污染的输液瓶,可回收物,,[],https://cdn.jsdelivr.net/npm/garbage-classification-data/garbage.json,garbage-classification-data
未被污染的输液袋,可回收物,,[],https://cdn.jsdelivr.net/npm/garbage-classification-data/garbage.json,garbage-classification-data
手机,可回收物,,[],https://cdn.jsdelivr.net/npm/garbage-classification-data/garbage.json,garbage-classification-data
溜冰鞋,可回收物,,[],https://cdn.jsdelivr.net/npm/garbage-classification-data/garbage.json,garbage-classification-data
废电路板,可回收物,,[],https://cdn.jsdelivr.net/npm/garbage-classification-data/garbage.json,garbage-classification-data
藤条,可回收物,,[],https://cdn.jsdelivr.net/npm/garbage-classification-data/garbage.json,garbage-classification-data
棕榈蜡,可回收物,,[],https://cdn.jsdelivr.net/npm/garbage-classification-data/garbage.json,garbage-classification-data
消毒液瓶,可回收物,,[],https://cdn.jsdelivr.net/npm/garbage-classification-data/garbage.json,garbage-classification-data
自行车,可回收物,,[],https://cdn.jsdelivr.net/npm/garbage-classification-data/garbage.json,garbage-classification-data
洗面奶瓶,可回收物,,[],https://cdn.jsdelivr.net/npm/garbage-classification-data/garbage.json,garbage-classification-data
床垫,可回收物,,[],https://cdn.jsdelivr.net/npm/garbage-classification-data/garbage.json,garbage-classification-data
木板,可回收物,,[],https://cdn.jsdelivr.net/npm/garbage-classification-data/garbage.json,garbage-classification-data
铝箔纸,可回收物,,[],https://cdn.jsdelivr.net/npm/garbage-classification-data/garbage.json,garbage-classification-data
铁制品,可回收物,,[],https://cdn.jsdelivr.net/npm/garbage-classification-data/garbage.json,garbage-classification-data
铜制品,可回收物,,[],https://cdn.jsdelivr.net/npm/garbage-classification-data/garbage.json,garbage-classification-data
泡沫塑料,可回收物,,[],https://cdn.jsdelivr.net/npm/garbage-classification-data/garbage.json,garbage-classification-data
雪碧罐,可回收物,,[],https://cdn.jsdelivr.net/npm/garbage-classification-data/garbage.json,garbage-classification-data
废旧小家电,可回收物,,[],https://cdn.jsdelivr.net/npm/garbage-classification-data/garbage.json,garbage-classification-data
卫生纸内芯,可回收物,,[],https://cdn.jsdelivr.net/npm/garbage-classification-data/garbage.json,garbage-classification-data
可口可乐瓶,可回收物,,[],https://cdn.jsdelivr.net/npm/garbage-classification-data/garbage.json,garbage-classification-data
笔记本电脑,可回收物,,[],https://cdn.jsdelivr.net/npm/garbage-classification-data/garbage.json,garbage-classification-data
电饭煲,可回收物,,[],https://cdn.jsdelivr.net/npm/garbage-classification-data/garbage.json,garbage-classification-data
塑料玩具,可回收物,,[],https://cdn.jsdelivr.net/npm/garbage-classification-data/garbage.json,garbage-classification-data
洗发水瓶,可回收物,,[],https://cdn.jsdelivr.net/npm/garbage-classification-data/garbage.json,garbage-classification-data
护发素瓶,可回收物,,[],https://cdn.jsdelivr.net/npm/garbage-classification-data/garbage.json,garbage-classification-data
洗衣液瓶,可回收物,,[],https://cdn.jsdelivr.net/npm/garbage-classification-data/garbage.json,garbage-classification-data
皮包,可回收物,,[],https://cdn.jsdelivr.net/npm/garbage-classification-data/garbage.json,garbage-classification-data
食用油桶,可回收物,,[],https://cdn.jsdelivr.net/npm/garbage-classification-data/garbage.json,garbage-classification-data
塑料衣架,可回收物,,[],https://cdn.jsdelivr.net/npm/garbage-classification-data/garbage.json,garbage-classification-data
铝膜,可回收物,,[],https://cdn.jsdelivr.net/npm/garbage-classification-data/garbage.json,garbage-classification-data
塑料水管,可回收物,,[],https://cdn.jsdelivr.net/npm/garbage-classification-data/garbage.json,garbage-classification-data
铁管,可回收物,,[],https://cdn.jsdelivr.net/npm/garbage-classification-data/garbage.json,garbage-classification-data
铜管,可回收物,,[],https://cdn.jsdelivr.net/npm/garbage-classification-data/garbage.json,garbage-classification-data
塑复钢管,可回收物,,[],https://cdn.jsdelivr.net/npm/garbage-classification-data/garbage.json,garbage-classification-data
铝塑复合管,可回收物,,[],https://cdn.jsdelivr.net/npm/garbage-classification-data/garbage.json,garbage-classification-data
金属管,可回收物,,[],https://cdn.jsdelivr.net/npm/garbage-classification-data/garbage.json,garbage-classification-data
红酒瓶,可回收物,,[],https://cdn.jsdelivr.net/npm/garbage-classification-data/garbage.json,garbage-classification-data
香槟瓶,可回收物,,[],https://cdn.jsdelivr.net/npm/garbage-classification-data/garbage.json,garbage-classification-data
白酒瓶,可回收物,,[],https://cdn.jsdelivr.net/npm/garbage-classification-data/garbage.json,garbage-classification-data
可乐瓶瓶盖,可回收物,,[],https://cdn.jsdelivr.net/npm/garbage-classification-data/garbage.json,garbage-classification-data
电动玩具,可回收物,,[],https://cdn.jsdelivr.net/npm/garbage-classification-data/garbage.json,garbage-classification-data
镜片,可回收物,,[],https://cdn.jsdelivr.net/npm/garbage-classification-data/garbage.json,garbage-classification-data
照相机,可回收物,,[],https://cdn.jsdelivr.net/npm/garbage-classification-data/garbage.json,garbage-classification-data
塑料花盆,可回收物,,[],https://cdn.jsdelivr.net/npm/garbage-classification-data/garbage.json,garbage-classification-data
无纺布手提袋,可回收物,,[],https://cdn.jsdelivr.net/npm/garbage-classification-data/garbage.json,garbage-classification-data
纸箱,可回收物,,[],https://cdn.jsdelivr.net/npm/garbage-classification-data/garbage.json,garbage-classification-data
iPad,可回收物,,[],https://cdn.jsdelivr.net/npm/garbage-classification-data/garbage.json,garbage-classification-data
墨汁瓶,可回收物,,[],https://cdn.jsdelivr.net/npm/garbage-classification-data/garbage.json,garbage-classification-data
化妆水瓶,可回收物,,[],https://cdn.jsdelivr.net/npm/garbage-classification-data/garbage.json,garbage-classification-data
护肤品瓶,可回收物,,[],https://cdn.jsdelivr.net/npm/garbage-classification-data/garbage.json,garbage-classification-data
护肤乳液瓶,可回收物,,[],https://cdn.jsdelivr.net/npm/garbage-classification-data/garbage.json,garbage-classification-data
酱油瓶,可回收物,,[],https://cdn.jsdelivr.net/npm/garbage-classification-data/garbage.json,garbage-classification-data
钢琴,可回收物,,[],https://cdn.jsdelivr.net/npm/garbage-classification-data/garbage.json,garbage-classification-data
手链,可回收物,,[],https://cdn.jsdelivr.net/npm/garbage-classification-data/garbage.json,garbage-classification-data
手镯,可回收物,,[],https://cdn.jsdelivr.net/npm/garbage-classification-data/garbage.json,garbage-classification-data
木头,可回收物,,[],https://cdn.jsdelivr.net/npm/garbage-classification-data/garbage.json,garbage-classification-data
碎玻璃制品,可回收物,,[],https://cdn.jsdelivr.net/npm/garbage-classification-data/garbage.json,garbage-classification-data
电动牙刷,可回收物,,[],https://cdn.jsdelivr.net/npm/garbage-classification-data/garbage.json,garbage-classification-data
塑料包装纸盒,可回收物,,[],https://cdn.jsdelivr.net/npm/garbage-classification-data/garbage.json,garbage-classification-data
金属香炉,可回收物,,[],https://cdn.jsdelivr.net/npm/garbage-classification-data/garbage.json,garbage-classification-data
铅球,可回收物,,[],https://cdn.jsdelivr.net/npm/garbage-classification-data/garbage.json,garbage-classification-data
脸摩仪,可回收物,,[],https://cdn.jsdelivr.net/npm/garbage-classification-data/garbage.json,garbage-classification-data
脉动饮料瓶,可回收物,,[],https://cdn.jsdelivr.net/npm/garbage-classification-data/garbage.json,garbage-classification-data
跑步机,可回收物,,[],https://cdn.jsdelivr.net/npm/garbage-classification-data/garbage.json,garbage-classification-data
手电筒,可回收物,,[],https://cdn.jsdelivr.net/npm/garbage-classification-data/garbage.json,garbage-classification-data
螺钉,可回收物,,[],https://cdn.jsdelivr.net/npm/garbage-classification-data/garbage.json,garbage-classification-data
糖果罐,可回收物,,[],https://cdn.jsdelivr.net/npm/garbage-classification-data/garbage.json,garbage-classification-data
毛绒玩具,可回收物,,[],https://cdn.jsdelivr.net/npm/garbage-classification-data/garbage.json,garbage-classification-data
烧水壶,可回收物,,[],https://cdn.jsdelivr.net/npm/garbage-classification-data/garbage.json,garbage-classification-data
电冰箱,可回收物,,[],https://cdn.jsdelivr.net/npm/garbage-classification-data/garbage.json,garbage-classification-data
洗衣机,可回收物,,[],https://cdn.jsdelivr.net/npm/garbage-classification-data/garbage.json,garbage-classification-data
电烤箱,可回收物,,[],https://cdn.jsdelivr.net/npm/garbage-classification-data/garbage.json,garbage-classification-data
洗碗机,可回收物,,[],https://cdn.jsdelivr.net/npm/garbage-classification-data/garbage.json,garbage-classification-data
扫地机器人,可回收物,,[],https://cdn.jsdelivr.net/npm/garbage-classification-data/garbage.json,garbage-classification-data
面霜瓶,可回收物,,[],https://cdn.jsdelivr.net/npm/garbage-classification-data/garbage.json,garbage-classification-data
糖果盒,可回收物,,[],https://cdn.jsdelivr.net/npm/garbage-classification-data/garbage.json,garbage-classification-data
电话机,可回收物,,[],https://cdn.jsdelivr.net/npm/garbage-classification-data/garbage.json,garbage-classification-data
小提琴,可回收物,,[],https://cdn.jsdelivr.net/npm/garbage-classification-data/garbage.json,garbage-classification-data
塑料架,可回收物,,[],https://cdn.jsdelivr.net/npm/garbage-classification-data/garbage.json,garbage-classification-data
茶叶罐,可回收物,,[],https://cdn.jsdelivr.net/npm/garbage-classification-data/garbage.json,garbage-classification-data
酒精瓶,可回收物,,[],https://cdn.jsdelivr.net/npm/garbage-classification-data/garbage.json,garbage-classification-data
座椅垫,可回收物,,[],https://cdn.jsdelivr.net/npm/garbage-classification-data/garbage.json,garbage-classification-data
蛋挞盒,可回收物,,[],https://cdn.jsdelivr.net/npm/garbage-classification-data/garbage.json,garbage-classification-data
纸质卡片,可回收物,,[],https://cdn.jsdelivr.net/npm/garbage-classification-data/garbage.json,garbage-classification-data
硅胶玩具,可回收物,,[],https://cdn.jsdelivr.net/npm/garbage-classification-data/garbage.json,garbage-classification-data
KFC纸袋,可回收物,,[],https://cdn.jsdelivr.net/npm/garbage-classification-data/garbage.json,garbage-classification-data
旧报纸,可回收物,,[],https://cdn.jsdelivr.net/npm/garbage-classification-data/garbage.json,garbage-classification-data
真空压缩袋,可回收物,,[],https://cdn.jsdelivr.net/npm/garbage-classification-data/garbage.json,garbage-classification-data
螺丝,可回收物,,[],https://cdn.jsdelivr.net/npm/garbage-classification-data/garbage.json,garbage-classification-data
尼龙袋,可回收物,,[],https://cdn.jsdelivr.net/npm/garbage-classification-data/garbage.json,garbage-classification-data
纸塑铝复合包装,可回收物,,[],https://cdn.jsdelivr.net/npm/garbage-classification-data/garbage.json,garbage-classification-data
油桶,可回收物,,[],https://cdn.jsdelivr.net/npm/garbage-classification-data/garbage.json,garbage-classification-data
食品保鲜盒,可回收物,,[],https://cdn.jsdelivr.net/npm/garbage-classification-data/garbage.json,garbage-classification-data
衣架,可回收物,,[],https://cdn.jsdelivr.net/npm/garbage-classification-data/garbage.json,garbage-classification-data
玻璃放大镜,可回收物,,[],https://cdn.jsdelivr.net/npm/garbage-classification-data/garbage.json,garbage-classification-data
窗玻璃,可回收物,,[],https://cdn.jsdelivr.net/npm/garbage-classification-data/garbage.json,garbage-classification-data
刀,可回收物,,[],https://cdn.jsdelivr.net/npm/garbage-classification-data/garbage.json,garbage-classification-data
螺丝刀,可回收物,,[],https://cdn.jsdelivr.net/npm/garbage-classification-data/garbage.json,garbage-classification-data
枕头,可回收物,,[],https://cdn.jsdelivr.net/npm/garbage-classification-data/garbage.json,garbage-classification-data
电子血压仪,可回收物,,[],https://cdn.jsdelivr.net/npm/garbage-classification-data/garbage.json,garbage-classification-data
塑料饭盒,可回收物,,[],https://cdn.jsdelivr.net/npm/garbage-classification-data/garbage.json,garbage-classification-data
木凳,可回收物,,[],https://cdn.jsdelivr.net/npm/garbage-classification-data/garbage.json,garbage-classification-data
木椅,可回收物,,[],https://cdn.jsdelivr.net/npm/garbage-classification-data/garbage.json,garbage-classification-data
收音机,可回收物,,[],https://cdn.jsdelivr.net/npm/garbage-classification-data/garbage.json,garbage-classification-data
铃铛,可回收物,,[],https://cdn.jsdelivr.net/npm/garbage-classification-data/garbage.json,garbage-classification-data
棉布,可回收物,,[],https://cdn.jsdelivr.net/npm/garbage-classification-data/garbage.json,garbage-classification-data
咖啡隔热纸,可回收物,,[],https://cdn.jsdelivr.net/npm/garbage-classification-data/garbage.json,garbage-classification-data
毛线,可回收物,,[],https://cdn.jsdelivr.net/npm/garbage-classification-data/garbage.json,garbage-classification-data
塑料梳子,可回收物,,[],https://cdn.jsdelivr.net/npm/garbage-classification-data/garbage.json,garbage-classification-data
旧锁,可回收物,,[],https://cdn.jsdelivr.net/npm/garbage-classification-data/garbage.json,garbage-classification-data
纱线手套,可回收物,,[],https://cdn.jsdelivr.net/npm/garbage-classification-data/garbage.json,garbage-classification-data
不锈钢勺子,可回收物,,[],https://cdn.jsdelivr.net/npm/garbage-classification-data/garbage.json,garbage-classification-data
乐扣乐扣,可回收物,,[],https://cdn.jsdelivr.net/npm/garbage-classification-data/garbage.json,garbage-classification-data
木质拼板,可回收物,,[],https://cdn.jsdelivr.net/npm/garbage-classification-data/garbage.json,garbage-classification-data
眼霜罐,可回收物,,[],https://cdn.jsdelivr.net/npm/garbage-classification-data/garbage.json,garbage-classification-data
马桶盖,可回收物,,[],https://cdn.jsdelivr.net/npm/garbage-classification-data/garbage.json,garbage-classification-data
饮料瓶盖,可回收物,,[],https://cdn.jsdelivr.net/npm/garbage-classification-data/garbage.json,garbage-classification-data
玻璃锅盖,可回收物,,[],https://cdn.jsdelivr.net/npm/garbage-classification-data/garbage.json,garbage-classification-data
棉花被,可回收物,,[],https://cdn.jsdelivr.net/npm/garbage-classification-data/garbage.json,garbage-classification-data
防晒衣,可回收物,,[],https://cdn.jsdelivr.net/npm/garbage-classification-data/garbage.json,garbage-classification-data
地铁票,可回收物,,[],https://cdn.jsdelivr.net/npm/garbage-classification-data/garbage.json,garbage-classification-data
脸盆,可回收物,,[],https://cdn.jsdelivr.net/npm/garbage-classification-data/garbage.json,garbage-classification-data
脚盆,可回收物,,[],https://cdn.jsdelivr.net/npm/garbage-classification-data/garbage.json,garbage-classification-data
洗脸仪,可回收物,,[],https://cdn.jsdelivr.net/npm/garbage-classification-data/garbage.json,garbage-classification-data
电动剃须刀,可回收物,,[],https://cdn.jsdelivr.net/npm/garbage-classification-data/garbage.json,garbage-classification-data
充电牙刷,可回收物,,[],https://cdn.jsdelivr.net/npm/garbage-classification-data/garbage.json,garbage-classification-data
电炖锅,可回收物,,[],https://cdn.jsdelivr.net/npm/garbage-classification-data/garbage.json,garbage-classification-data
高压锅,可回收物,,[],https://cdn.jsdelivr.net/npm/garbage-classification-data/garbage.json,garbage-classification-data
热水袋,可回收物,,[],https://cdn.jsdelivr.net/npm/garbage-classification-data/garbage.json,garbage-classification-data
充电热水袋,可回收物,,[],https://cdn.jsdelivr.net/npm/garbage-classification-data/garbage.json,garbage-classification-data
玻璃碎片,可回收物,,[],https://cdn.jsdelivr.net/npm/garbage-classification-data/garbage.json,garbage-classification-data
废钥匙,可回收物,,[],https://cdn.jsdelivr.net/npm/garbage-classification-data/garbage.json,garbage-classification-data
干净饮料瓶,可回收物,,[],https://cdn.jsdelivr.net/npm/garbage-classification-data/garbage.json,garbage-classification-data
废报纸,可回收物,,[],https://cdn.jsdelivr.net/npm/garbage-classification-data/garbage.json,garbage-classification-data
旧被单,可回收物,,[],https://cdn.jsdelivr.net/npm/garbage-classification-data/garbage.json,garbage-classification-data
废旧吸铁石,可回收物,,[],https://cdn.jsdelivr.net/npm/garbage-classification-data/garbage.json,garbage-classification-data
冰红茶利乐包装,可回收物,,[],https://cdn.jsdelivr.net/npm/garbage-classification-data/garbage.json,garbage-classification-data
金属瓶盖,可回收物,,[],https://cdn.jsdelivr.net/npm/garbage-classification-data/garbage.json,garbage-classification-data
香烟盒,可回收物,,[],https://cdn.jsdelivr.net/npm/garbage-classification-data/garbage.json,garbage-classification-data
香烟壳,可回收物,,[],https://cdn.jsdelivr.net/npm/garbage-classification-data/garbage.json,garbage-classification-data
金手链,可回收物,,[],https://cdn.jsdelivr.net/npm/garbage-classification-data/garbage.json,garbage-classification-data
金项链,可回收物,,[],https://cdn.jsdelivr.net/npm/garbage-classification-data/garbage.json,garbage-classification-data
热水瓶,可回收物,,[],https://cdn.jsdelivr.net/npm/garbage-classification-data/garbage.json,garbage-classification-data
脚垫,可回收物,,[],https://cdn.jsdelivr.net/npm/garbage-classification-data/garbage.json,garbage-classification-data
钢化玻璃,可回收物,,[],https://cdn.jsdelivr.net/npm/garbage-classification-data/garbage.json,garbage-classification-data
纸质杯套,可回收物,,[],https://cdn.jsdelivr.net/npm/garbage-classification-data/garbage.json,garbage-classification-data
塑料杯套,可回收物,,[],https://cdn.jsdelivr.net/npm/garbage-classification-data/garbage.json,garbage-classification-data
星巴克纸袋,可回收物,,[],https://cdn.jsdelivr.net/npm/garbage-classification-data/garbage.json,garbage-classification-data
木条,可回收物,,[],https://cdn.jsdelivr.net/npm/garbage-classification-data/garbage.json,garbage-classification-data
木棍,可回收物,,[],https://cdn.jsdelivr.net/npm/garbage-classification-data/garbage.json,garbage-classification-data
簪子,可回收物,,[],https://cdn.jsdelivr.net/npm/garbage-classification-data/garbage.json,garbage-classification-data
鼓棒,可回收物,,[],https://cdn.jsdelivr.net/npm/garbage-classification-data/garbage.json,garbage-classification-data
奥特曼玩具,可回收物,,[],https://cdn.jsdelivr.net/npm/garbage-classification-data/garbage.json,garbage-classification-data
洗手液瓶,可回收物,,[],https://cdn.jsdelivr.net/npm/garbage-classification-data/garbage.json,garbage-classification-data
滑板,可回收物,,[],https://cdn.jsdelivr.net/npm/garbage-classification-data/garbage.json,garbage-classification-data
电源插头,可回收物,,[],https://cdn.jsdelivr.net/npm/garbage-classification-data/garbage.json,garbage-classification-data
信纸,可回收物,,[],https://cdn.jsdelivr.net/npm/garbage-classification-data/garbage.json,garbage-classification-data
画框,可回收物,,[],https://cdn.jsdelivr.net/npm/garbage-classification-data/garbage.json,garbage-classification-data
洗涤液瓶,可回收物,,[],https://cdn.jsdelivr.net/npm/garbage-classification-data/garbage.json,garbage-classification-data
二手手机,可回收物,,[],https://cdn.jsdelivr.net/npm/garbage-classification-data/garbage.json,garbage-classification-data
电动卷发棒,可回收物,,[],https://cdn.jsdelivr.net/npm/garbage-classification-data/garbage.json,garbage-classification-data
洗洁精瓶,可回收物,,[],https://cdn.jsdelivr.net/npm/garbage-classification-data/garbage.json,garbage-classification-data
拖把桶,可回收物,,[],https://cdn.jsdelivr.net/npm/garbage-classification-data/garbage.json,garbage-classification-data
台布,可回收物,,[],https://cdn.jsdelivr.net/npm/garbage-classification-data/garbage.json,garbage-classification-data
布艺窗帘,可回收物,,[],https://cdn.jsdelivr.net/npm/garbage-classification-data/garbage.json,garbage-classification-data
软玻璃,可回收物,,[],https://cdn.jsdelivr.net/npm/garbage-classification-data/garbage.json,garbage-classification-data
水晶板,可回收物,,[],https://cdn.jsdelivr.net/npm/garbage-classification-data/garbage.json,garbage-classification-data
钨丝灯,可回收物,,[],https://cdn.jsdelivr.net/npm/garbage-classification-data/garbage.json,garbage-classification-data
鲜奶盒,可回收物,,[],https://cdn.jsdelivr.net/npm/garbage-classification-data/garbage.json,garbage-classification-data
球鞋,可回收物,,[],https://cdn.jsdelivr.net/npm/garbage-classification-data/garbage.json,garbage-classification-data
草稿本,可回收物,,[],https://cdn.jsdelivr.net/npm/garbage-classification-data/garbage.json,garbage-classification-data
鞋带,可回收物,,[],https://cdn.jsdelivr.net/npm/garbage-classification-data/garbage.json,garbage-classification-data
干发帽,可回收物,,[],https://cdn.jsdelivr.net/npm/garbage-classification-data/garbage.json,garbage-classification-data
铝箔袋,可回收物,,[],https://cdn.jsdelivr.net/npm/garbage-classification-data/garbage.json,garbage-classification-data
纸质礼品盒,可回收物,,[],https://cdn.jsdelivr.net/npm/garbage-classification-data/garbage.json,garbage-classification-data
易拉罐拉环,可回收物,,[],https://cdn.jsdelivr.net/npm/garbage-classification-data/garbage.json,garbage-classification-data
书包,可回收物,,[],https://cdn.jsdelivr.net/npm/garbage-classification-data/garbage.json,garbage-classification-data
铁调羹,可回收物,,[],https://cdn.jsdelivr.net/npm/garbage-classification-data/garbage.json,garbage-classification-data
铁盒子,可回收物,,[],https://cdn.jsdelivr.net/npm/garbage-classification-data/garbage.json,garbage-classification-data
浴帘,可回收物,,[],https://cdn.jsdelivr.net/npm/garbage-classification-data/garbage.json,garbage-classification-data
泳帽,可回收物,,[],https://cdn.jsdelivr.net/npm/garbage-classification-data/garbage.json,garbage-classification-data
泳衣,可回收物,,[],https://cdn.jsdelivr.net/npm/garbage-classification-data/garbage.json,garbage-classification-data
电动保温箱,可回收物,,[],https://cdn.jsdelivr.net/npm/garbage-classification-data/garbage.json,garbage-classification-data
起钉器,可回收物,,[],https://cdn.jsdelivr.net/npm/garbage-classification-data/garbage.json,garbage-classification-data
消费卡,可回收物,,[],https://cdn.jsdelivr.net/npm/garbage-classification-data/garbage.json,garbage-classification-data
步步高学习机,可回收物,,[],https://cdn.jsdelivr.net/npm/garbage-classification-data/garbage.json,garbage-classification-data
塑料晾衣杆,可回收物,,[],https://cdn.jsdelivr.net/npm/garbage-classification-data/garbage.json,garbage-classification-data
金属零件,可回收物,,[],https://cdn.jsdelivr.net/npm/garbage-classification-data/garbage.json,garbage-classification-data
皮夹,可回收物,,[],https://cdn.jsdelivr.net/npm/garbage-classification-data/garbage.json,garbage-classification-data
旧布鞋,可回收物,,[],https://cdn.jsdelivr.net/npm/garbage-classification-data/garbage.json,garbage-classification-data
金子,可回收物,,[],https://cdn.jsdelivr.net/npm/garbage-classification-data/garbage.json,garbage-classification-data
金器,可回收物,,[],https://cdn.jsdelivr.net/npm/garbage-classification-data/garbage.json,garbage-classification-data
书本,可回收物,,[],https://cdn.jsdelivr.net/npm/garbage-classification-data/garbage.json,garbage-classification-data
拉杆箱,可回收物,,[],https://cdn.jsdelivr.net/npm/garbage-classification-data/garbage.json,garbage-classification-data
棉被,可回收物,,[],https://cdn.jsdelivr.net/npm/garbage-classification-data/garbage.json,garbage-classification-data
金属钥匙扣,可回收物,,[],https://cdn.jsdelivr.net/npm/garbage-classification-data/garbage.json,garbage-classification-data
午餐肉罐头,可回收物,,[],https://cdn.jsdelivr.net/npm/garbage-classification-data/garbage.json,garbage-classification-data
帆布袋,可回收物,,[],https://cdn.jsdelivr.net/npm/garbage-classification-data/garbage.json,garbage-classification-data
变形金刚,可回收物,,[],https://cdn.jsdelivr.net/npm/garbage-classification-data/garbage.json,garbage-classification-data
皮质钱包,可回收物,,[],https://cdn.jsdelivr.net/npm/garbage-classification-data/garbage.json,garbage-classification-data
肯德基纸袋,可回收物,,[],https://cdn.jsdelivr.net/npm/garbage-classification-data/garbage.json,garbage-classification-data
纸牌,可回收物,,[],https://cdn.jsdelivr.net/npm/garbage-classification-data/garbage.json,garbage-classification-data
旧拖鞋,可回收物,,[],https://cdn.jsdelivr.net/npm/garbage-classification-data/garbage.json,garbage-classification-data
塑料酸奶盒,可回收物,,[],https://cdn.jsdelivr.net/npm/garbage-classification-data/garbage.json,garbage-classification-data
老干妈瓶子,可回收物,,[],https://cdn.jsdelivr.net/npm/garbage-classification-data/garbage.json,garbage-classification-data
洁厕灵瓶子,可回收物,,[],https://cdn.jsdelivr.net/npm/garbage-classification-data/garbage.json,garbage-classification-data
耳钉,可回收物,,[],https://cdn.jsdelivr.net/npm/garbage-classification-data/garbage.json,garbage-classification-data
奥特曼卡片,可回收物,,[],https://cdn.jsdelivr.net/npm/garbage-classification-data/garbage.json,garbage-classification-data
旧枕头,可回收物,,[],https://cdn.jsdelivr.net/npm/garbage-classification-data/garbage.json,garbage-classification-data
牛奶瓶,可回收物,,[],https://cdn.jsdelivr.net/npm/garbage-classification-data/garbage.json,garbage-classification-data
衣服干洗剂瓶,可回收物,,[],https://cdn.jsdelivr.net/npm/garbage-classification-data/garbage.json,garbage-classification-data
速冻食品保温袋,可回收物,,[],https://cdn.jsdelivr.net/npm/garbage-classification-data/garbage.json,garbage-classification-data
泡沫保温箱,可回收物,,[],https://cdn.jsdelivr.net/npm/garbage-classification-data/garbage.json,garbage-classification-data
玩具盒,可回收物,,[],https://cdn.jsdelivr.net/npm/garbage-classification-data/garbage.json,garbage-classification-data
玩具塑料盒,可回收物,,[],https://cdn.jsdelivr.net/npm/garbage-classification-data/garbage.json,garbage-classification-data
矿泉水瓶盖,可回收物,,[],https://cdn.jsdelivr.net/npm/garbage-classification-data/garbage.json,garbage-classification-data
垃圾箱,可回收物,,[],https://cdn.jsdelivr.net/npm/garbage-classification-data/garbage.json,garbage-classification-data
太空望远镜,可回收物,,[],https://cdn.jsdelivr.net/npm/garbage-classification-data/garbage.json,garbage-classification-data
铁丝,可回收物,,[],https://cdn.jsdelivr.net/npm/garbage-classification-data/garbage.json,garbage-classification-data
铜丝,可回收物,,[],https://cdn.jsdelivr.net/npm/garbage-classification-data/garbage.json,garbage-classification-data
金属门吸,可回收物,,[],https://cdn.jsdelivr.net/npm/garbage-classification-data/garbage.json,garbage-classification-data
吸门器,可回收物,,[],https://cdn.jsdelivr.net/npm/garbage-classification-data/garbage.json,garbage-classification-data
瑜伽垫,可回收物,,[],https://cdn.jsdelivr.net/npm/garbage-classification-data/garbage.json,garbage-classification-data
旧瑜伽垫,可回收物,,[],https://cdn.jsdelivr.net/npm/garbage-classification-data/garbage.json,garbage-classification-data
纸袋子,可回收物,,[],https://cdn.jsdelivr.net/npm/garbage-classification-data/garbage.json,garbage-classification-data
塑料膜,可回收物,,[],https://cdn.jsdelivr.net/npm/garbage-classification-data/garbage.json,garbage-classification-data
铁罐,可回收物,,[],https://cdn.jsdelivr.net/npm/garbage-classification-data/garbage.json,garbage-classification-data
鸡蛋盒,可回收物,,[],https://cdn.jsdelivr.net/npm/garbage-classification-data/garbage.json,garbage-classification-data
隐形眼镜包装盒,可回收物,,[],https://cdn.jsdelivr.net/npm/garbage-classification-data/garbage.json,garbage-classification-data
拍拍净瓶罐,可回收物,,[],https://cdn.jsdelivr.net/npm/garbage-classification-data/garbage.json,garbage-classification-data
喜糖铁盒子,可回收物,,[],https://cdn.jsdelivr.net/npm/garbage-classification-data/garbage.json,garbage-classification-data
废旧报纸,可回收物,,[],https://cdn.jsdelivr.net/npm/garbage-classification-data/garbage.json,garbage-classification-data
磁带播放器,可回收物,,[],https://cdn.jsdelivr.net/npm/garbage-classification-data/garbage.json,garbage-classification-data
纸质印刷品,可回收物,,[],https://cdn.jsdelivr.net/npm/garbage-classification-data/garbage.json,garbage-classification-data
排插,可回收物,,[],https://cdn.jsdelivr.net/npm/garbage-classification-data/garbage.json,garbage-classification-data
星巴克杯托,可回收物,,[],https://cdn.jsdelivr.net/npm/garbage-classification-data/garbage.json,garbage-classification-data
料酒瓶,可回收物,,[],https://cdn.jsdelivr.net/npm/garbage-classification-data/garbage.json,garbage-classification-data
木质拖把杆,可回收物,,[],https://cdn.jsdelivr.net/npm/garbage-classification-data/garbage.json,garbage-classification-data
金属拖把杆,可回收物,,[],https://cdn.jsdelivr.net/npm/garbage-classification-data/garbage.json,garbage-classification-data
小木棍,可回收物,,[],https://cdn.jsdelivr.net/npm/garbage-classification-data/garbage.json,garbage-classification-data
旧皮鞋,可回收物,,[],https://cdn.jsdelivr.net/npm/garbage-classification-data/garbage.json,garbage-classification-data
巴黎水玻璃瓶,可回收物,,[],https://cdn.jsdelivr.net/npm/garbage-classification-data/garbage.json,garbage-classification-data
自拍杆,可回收物,,[],https://cdn.jsdelivr.net/npm/garbage-classification-data/garbage.json,garbage-classification-data
置物架,可回收物,,[],https://cdn.jsdelivr.net/npm/garbage-classification-data/garbage.json,garbage-classification-data
球拍,可回收物,,[],https://cdn.jsdelivr.net/npm/garbage-classification-data/garbage.json,garbage-classification-data
清洁剂瓶,可回收物,,[],https://cdn.jsdelivr.net/npm/garbage-classification-data/garbage.json,garbage-classification-data
木质玩具,可回收物,,[],https://cdn.jsdelivr.net/npm/garbage-classification-data/garbage.json,garbage-classification-data
高尔夫球杆,可回收物,,[],https://cdn.jsdelivr.net/npm/garbage-classification-data/garbage.json,garbage-classification-data
铜线,可回收物,,[],https://cdn.jsdelivr.net/npm/garbage-classification-data/garbage.json,garbage-classification-data
快递纸箱,可回收物,,[],https://cdn.jsdelivr.net/npm/garbage-classification-data/garbage.json,garbage-classification-data
旧相机,可回收物,,[],https://cdn.jsdelivr.net/npm/garbage-classification-data/garbage.json,garbage-classification-data
乐高玩具,可回收物,,[],https://cdn.jsdelivr.net/npm/garbage-classification-data/garbage.json,garbage-classification-data
棉拖鞋,可回收物,,[],https://cdn.jsdelivr.net/npm/garbage-classification-data/garbage.json,garbage-classification-data
脏袜子,可回收物,,[],https://cdn.jsdelivr.net/npm/garbage-classification-data/garbage.json,garbage-classification-data
羽毛球拍,可回收物,,[],https://cdn.jsdelivr.net/npm/garbage-classification-data/garbage.json,garbage-classification-data
乒乓球拍,可回收物,,[],https://cdn.jsdelivr.net/npm/garbage-classification-data/garbage.json,garbage-classification-data
电子灭蚊拍,可回收物,,[],https://cdn.jsdelivr.net/npm/garbage-classification-data/garbage.json,garbage-classification-data
塑料瓶盖,可回收物,,[],https://cdn.jsdelivr.net/npm/garbage-classification-data/garbage.json,garbage-classification-data
卷筒纸芯,可回收物,,[],https://cdn.jsdelivr.net/npm/garbage-classification-data/garbage.json,garbage-classification-data
卡纸,可回收物,,[],https://cdn.jsdelivr.net/npm/garbage-classification-data/garbage.json,garbage-classification-data
奶粉桶,可回收物,,[],https://cdn.jsdelivr.net/npm/garbage-classification-data/garbage.json,garbage-classification-data
玩具塑料包装纸盒,可回收物,,[],https://cdn.jsdelivr.net/npm/garbage-classification-data/garbage.json,garbage-classification-data
曲奇铁罐,可回收物,,[],https://cdn.jsdelivr.net/npm/garbage-classification-data/garbage.json,garbage-classification-data
蓝罐曲奇盒,可回收物,,[],https://cdn.jsdelivr.net/npm/garbage-classification-data/garbage.json,garbage-classification-data
塑料标签,可回收物,,[],https://cdn.jsdelivr.net/npm/garbage-classification-data/garbage.json,garbage-classification-data
保鲜膜带齿盒,可回收物,,[],https://cdn.jsdelivr.net/npm/garbage-classification-data/garbage.json,garbage-classification-data
内存卡,可回收物,,[],https://cdn.jsdelivr.net/npm/garbage-classification-data/garbage.json,garbage-classification-data
背包,可回收物,,[],https://cdn.jsdelivr.net/npm/garbage-classification-data/garbage.json,garbage-classification-data
酸奶玻璃瓶,可回收物,,[],https://cdn.jsdelivr.net/npm/garbage-classification-data/garbage.json,garbage-classification-data
芯片,可回收物,,[],https://cdn.jsdelivr.net/npm/garbage-classification-data/garbage.json,garbage-classification-data
鞋盒,可回收物,,[],https://cdn.jsdelivr.net/npm/garbage-classification-data/garbage.json,garbage-classification-data
CPU,可回收物,,[],https://cdn.jsdelivr.net/npm/garbage-classification-data/garbage.json,garbage-classification-data
漱口水瓶,可回收物,,[],https://cdn.jsdelivr.net/npm/garbage-classification-data/garbage.json,garbage-classification-data
雨伞伞面,可回收物,,[],https://cdn.jsdelivr.net/npm/garbage-classification-data/garbage.json,garbage-classification-data
电脑机箱,可回收物,,[],https://cdn.jsdelivr.net/npm/garbage-classification-data/garbage.json,garbage-classification-data
塑料碗,可回收物,,[],https://cdn.jsdelivr.net/npm/garbage-classification-data/garbage.json,garbage-classification-data
玻璃渣,可回收物,,[],https://cdn.jsdelivr.net/npm/garbage-classification-data/garbage.json,garbage-classification-data
精华玻璃瓶,可回收物,,[],https://cdn.jsdelivr.net/npm/garbage-classification-data/garbage.json,garbage-classification-data
衣服包装袋,可回收物,,[],https://cdn.jsdelivr.net/npm/garbage-classification-data/garbage.json,garbage-classification-data
PS4,可回收物,,[],https://cdn.jsdelivr.net/npm/garbage-classification-data/garbage.json,garbage-classification-data
蜂蜜柚子茶玻璃罐,可回收物,,[],https://cdn.jsdelivr.net/npm/garbage-classification-data/garbage.json,garbage-classification-data
拖线板,可回收物,,[],https://cdn.jsdelivr.net/npm/garbage-classification-data/garbage.json,garbage-classification-data
包书纸,可回收物,,[],https://cdn.jsdelivr.net/npm/garbage-classification-data/garbage.json,garbage-classification-data
洁厕液瓶,可回收物,,[],https://cdn.jsdelivr.net/npm/garbage-classification-data/garbage.json,garbage-classification-data
玻璃密封容器,可回收物,,[],https://cdn.jsdelivr.net/npm/garbage-classification-data/garbage.json,garbage-classification-data
蓝牙耳机,可回收物,,[],https://cdn.jsdelivr.net/npm/garbage-classification-data/garbage.json,garbage-classification-data
牛皮纸,可回收物,,[],https://cdn.jsdelivr.net/npm/garbage-classification-data/garbage.json,garbage-classification-data
铅笔盒,可回收物,,[],https://cdn.jsdelivr.net/npm/garbage-classification-data/garbage.json,garbage-classification-data
玻璃电子秤,可回收物,,[],https://cdn.jsdelivr.net/npm/garbage-classification-data/garbage.json,garbage-classification-data
显示屏,可回收物,,[],https://cdn.jsdelivr.net/npm/garbage-classification-data/garbage.json,garbage-classification-data
蜜蜡,可回收物,,[],https://cdn.jsdelivr.net/npm/garbage-classification-data/garbage.json,garbage-classification-data
暖壶胆,可回收物,,[],https://cdn.jsdelivr.net/npm/garbage-classification-data/garbage.json,garbage-classification-data
玻璃蜡烛杯,可回收物,,[],https://cdn.jsdelivr.net/npm/garbage-classification-data/garbage.json,garbage-classification-data
雪弗板,可回收物,,[],https://cdn.jsdelivr.net/npm/garbage-classification-data/garbage.json,garbage-classification-data
快递纸袋,可回收物,,[],https://cdn.jsdelivr.net/npm/garbage-classification-data/garbage.json,garbage-classification-data
热水瓶胆,可回收物,,[],https://cdn.jsdelivr.net/npm/garbage-classification-data/garbage.json,garbage-classification-data
木盒子,可回收物,,[],https://cdn.jsdelivr.net/npm/garbage-classification-data/garbage.json,garbage-classification-data
枕芯,可回收物,,[],https://cdn.jsdelivr.net/npm/garbage-classification-data/garbage.json,garbage-classification-data
旧跑鞋,可回收物,,[],https://cdn.jsdelivr.net/npm/garbage-classification-data/garbage.json,garbage-classification-data
行李箱,可回收物,,[],https://cdn.jsdelivr.net/npm/garbage-classification-data/garbage.json,garbage-classification-data
麦当劳咖啡杯杯盖（印有可回收标志）,可回收物,,[],https://cdn.jsdelivr.net/npm/garbage-classification-data/garbage.json,garbage-classification-data
肯德基豆浆杯盖（印有可回收标志）,可回收物,,[],https://cdn.jsdelivr.net/npm/garbage-classification-data/garbage.json,garbage-classification-data
羽绒服,可回收物,,[],https://cdn.jsdelivr.net/npm/garbage-classification-data/garbage.json,garbage-classification-data
无纺布包,可回收物,,[],https://cdn.jsdelivr.net/npm/garbage-classification-data/garbage.json,garbage-classification-data
保温壶,可回收物,,[],https://cdn.jsdelivr.net/npm/garbage-classification-data/garbage.json,garbage-classification-data
金属晾衣杆,可回收物,,[],https://cdn.jsdelivr.net/npm/garbage-classification-data/garbage.json,garbage-classification-data
橄榄球,可回收物,,[],https://cdn.jsdelivr.net/npm/garbage-classification-data/garbage.json,garbage-classification-data
塑料桌布,可回收物,,[],https://cdn.jsdelivr.net/npm/garbage-classification-data/garbage.json,garbage-classification-data
炒菜铁锅,可回收物,,[],https://cdn.jsdelivr.net/npm/garbage-classification-data/garbage.json,garbage-classification-data
铁衣架,可回收物,,[],https://cdn.jsdelivr.net/npm/garbage-classification-data/garbage.json,garbage-classification-data
网卡,可回收物,,[],https://cdn.jsdelivr.net/npm/garbage-classification-data/garbage.json,garbage-classification-data
口香糖塑料盒,可回收物,,[],https://cdn.jsdelivr.net/npm/garbage-classification-data/garbage.json,garbage-classification-data
美年达饮料瓶,可回收物,,[],https://cdn.jsdelivr.net/npm/garbage-classification-data/garbage.json,garbage-classification-data
圆规,可回收物,,[],https://cdn.jsdelivr.net/npm/garbage-classification-data/garbage.json,garbage-classification-data
布鞋套,可回收物,,[],https://cdn.jsdelivr.net/npm/garbage-classification-data/garbage.json,garbage-classification-data
青铜,可回收物,,[],https://cdn.jsdelivr.net/npm/garbage-classification-data/garbage.json,garbage-classification-data
皮料,可回收物,,[],https://cdn.jsdelivr.net/npm/garbage-classification-data/garbage.json,garbage-classification-data
电锯,可回收物,,[],https://cdn.jsdelivr.net/npm/garbage-classification-data/garbage.json,garbage-classification-data
钢尺,可回收物,,[],https://cdn.jsdelivr.net/npm/garbage-classification-data/garbage.json,garbage-classification-data
水槽过滤网,可回收物,,[],https://cdn.jsdelivr.net/npm/garbage-classification-data/garbage.json,garbage-classification-data
合金筷子,可回收物,,[],https://cdn.jsdelivr.net/npm/garbage-classification-data/garbage.json,garbage-classification-data
螺丝钉,可回收物,,[],https://cdn.jsdelivr.net/npm/garbage-classification-data/garbage.json,garbage-classification-data
饮料玻璃瓶,可回收物,,[],https://cdn.jsdelivr.net/npm/garbage-classification-data/garbage.json,garbage-classification-data
玻璃花瓶,可回收物,,[],https://cdn.jsdelivr.net/npm/garbage-classification-data/garbage.json,garbage-classification-data
旧剪刀,可回收物,,[],https://cdn.jsdelivr.net/npm/garbage-classification-data/garbage.json,garbage-classification-data
电热水壶,可回收物,,[],https://cdn.jsdelivr.net/npm/garbage-classification-data/garbage.json,garbage-classification-data
Kindle,可回收物,,[],https://cdn.jsdelivr.net/npm/garbage-classification-data/garbage.json,garbage-classification-data
榨汁机,可回收物,,[],https://cdn.jsdelivr.net/npm/garbage-classification-data/garbage.json,garbage-classification-data
搅拌器,可回收物,,[],https://cdn.jsdelivr.net/npm/garbage-classification-data/garbage.json,garbage-classification-data
鱼竿,可回收物,,[],https://cdn.jsdelivr.net/npm/garbage-classification-data/garbage.json,garbage-classification-data
芭比娃娃,可回收物,,[],https://cdn.jsdelivr.net/npm/garbage-classification-data/garbage.json,garbage-classification-data
塑料储物箱,可回收物,,[],https://cdn.jsdelivr.net/npm/garbage-classification-data/garbage.json,garbage-classification-data
脱排油烟机,可回收物,,[],https://cdn.jsdelivr.net/npm/garbage-classification-data/garbage.json,garbage-classification-data
燃气灶,可回收物,,[],https://cdn.jsdelivr.net/npm/garbage-classification-data/garbage.json,garbage-classification-data
童鞋,可回收物,,[],https://cdn.jsdelivr.net/npm/garbage-classification-data/garbage.json,garbage-classification-data
闹铃,可回收物,,[],https://cdn.jsdelivr.net/npm/garbage-classification-data/garbage.json,garbage-classification-data
电水壶,可回收物,,[],https://cdn.jsdelivr.net/npm/garbage-classification-data/garbage.json,garbage-classification-data
旅行箱,可回收物,,[],https://cdn.jsdelivr.net/npm/garbage-classification-data/garbage.json,garbage-classification-data
饼干盒,可回收物,,[],https://cdn.jsdelivr.net/npm/garbage-classification-data/garbage.json,garbage-classification-data
首饰盒,可回收物,,[],https://cdn.jsdelivr.net/npm/garbage-classification-data/garbage.json,garbage-classification-data
味全果汁瓶,可回收物,,[],https://cdn.jsdelivr.net/npm/garbage-classification-data/garbage.json,garbage-classification-data
榨果汁机,可回收物,,[],https://cdn.jsdelivr.net/npm/garbage-classification-data/garbage.json,garbage-classification-data
百叶窗,可回收物,,[],https://cdn.jsdelivr.net/npm/garbage-classification-data/garbage.json,garbage-classification-data
金属鱼钩,可回收物,,[],https://cdn.jsdelivr.net/npm/garbage-classification-data/garbage.json,garbage-classification-data
橡胶拖鞋,可回收物,,[],https://cdn.jsdelivr.net/npm/garbage-classification-data/garbage.json,garbage-classification-data
化妆品外包装纸盒,可回收物,,[],https://cdn.jsdelivr.net/npm/garbage-classification-data/garbage.json,garbage-classification-data
电瓶车防晒垫,可回收物,,[],https://cdn.jsdelivr.net/npm/garbage-classification-data/garbage.json,garbage-classification-data
罐头瓶,可回收物,,[],https://cdn.jsdelivr.net/npm/garbage-classification-data/garbage.json,garbage-classification-data
环保布质垃圾袋,可回收物,,[],https://cdn.jsdelivr.net/npm/garbage-classification-data/garbage.json,garbage-classification-data
浴室防滑垫,可回收物,,[],https://cdn.jsdelivr.net/npm/garbage-classification-data/garbage.json,garbage-classification-data
手机屏,可回收物,,[],https://cdn.jsdelivr.net/npm/garbage-classification-data/garbage.json,garbage-classification-data
棉签盒,可回收物,,[],https://cdn.jsdelivr.net/npm/garbage-classification-data/garbage.json,garbage-classification-data
羊毛被,可回收物,,[],https://cdn.jsdelivr.net/npm/garbage-classification-data/garbage.json,garbage-classification-data
iPhone,可回收物,,[],https://cdn.jsdelivr.net/npm/garbage-classification-data/garbage.json,garbage-classification-data
翡翠手镯,可回收物,,[],https://cdn.jsdelivr.net/npm/garbage-classification-data/garbage.json,garbage-classification-data
汽车模型,可回收物,,[],https://cdn.jsdelivr.net/npm/garbage-classification-data/garbage.json,garbage-classification-data
秋裤,可回收物,,[],https://cdn.jsdelivr.net/npm/garbage-classification-data/garbage.json,garbage-classification-data
铁皮盖,可回收物,,[],https://cdn.jsdelivr.net/npm/garbage-classification-data/garbage.json,garbage-classification-data
食用油玻璃瓶,可回收物,,[],https://cdn.jsdelivr.net/npm/garbage-classification-data/garbage.json,garbage-classification-data
奶粉罐铝盖,可回收物,,[],https://cdn.jsdelivr.net/npm/garbage-classification-data/garbage.json,garbage-classification-data
洗衣液桶,可回收物,,[],https://cdn.jsdelivr.net/npm/garbage-classification-data/garbage.json,garbage-classification-data
吉他,可回收物,,[],https://cdn.jsdelivr.net/npm/garbage-classification-data/garbage.json,garbage-classification-data
酱菜瓶,可回收物,,[],https://cdn.jsdelivr.net/npm/garbage-classification-data/garbage.json,garbage-classification-data
腐乳瓶,可回收物,,[],https://cdn.jsdelivr.net/npm/garbage-classification-data/garbage.json,garbage-classification-data
维他奶包装,可回收物,,[],https://cdn.jsdelivr.net/npm/garbage-classification-data/garbage.json,garbage-classification-data
易拉罐盖,可回收物,,[],https://cdn.jsdelivr.net/npm/garbage-classification-data/garbage.json,garbage-classification-data
指甲刀,可回收物,,[],https://cdn.jsdelivr.net/npm/garbage-classification-data/garbage.json,garbage-classification-data
牙膏盒,可回收物,,[],https://cdn.jsdelivr.net/npm/garbage-classification-data/garbage.json,garbage-classification-data
搓衣板,可回收物,,[],https://cdn.jsdelivr.net/npm/garbage-classification-data/garbage.json,garbage-classification-data
咖啡杯套,可回收物,,[],https://cdn.jsdelivr.net/npm/garbage-classification-data/garbage.json,garbage-classification-data
果酱瓶,可回收物,,[],https://cdn.jsdelivr.net/npm/garbage-classification-data/garbage.json,garbage-classification-data
佐料瓶,可回收物,,[],https://cdn.jsdelivr.net/npm/garbage-classification-data/garbage.json,garbage-classification-data
丝绸,可回收物,,[],https://cdn.jsdelivr.net/npm/garbage-classification-data/garbage.json,garbage-classification-data
毛皮,可回收物,,[],https://cdn.jsdelivr.net/npm/garbage-classification-data/garbage.json,garbage-classification-data
椰奶盒,可回收物,,[],https://cdn.jsdelivr.net/npm/garbage-classification-data/garbage.json,garbage-classification-data
塑料文件袋,可回收物,,[],https://cdn.jsdelivr.net/npm/garbage-classification-data/garbage.json,garbage-classification-data
美肤仪,可回收物,,[],https://cdn.jsdelivr.net/npm/garbage-classification-data/garbage.json,garbage-classification-data
洁面仪,可回收物,,[],https://cdn.jsdelivr.net/npm/garbage-classification-data/garbage.json,garbage-classification-data
健身器材,可回收物,,[],https://cdn.jsdelivr.net/npm/garbage-classification-data/garbage.json,garbage-classification-data
纯牛奶纸盒,可回收物,,[],https://cdn.jsdelivr.net/npm/garbage-classification-data/garbage.json,garbage-classification-data
电动刮痧板,可回收物,,[],https://cdn.jsdelivr.net/npm/garbage-classification-data/garbage.json,garbage-classification-data
大提琴,可回收物,,[],https://cdn.jsdelivr.net/npm/garbage-classification-data/garbage.json,garbage-classification-data
水果刀,可回收物,,[],https://cdn.jsdelivr.net/npm/garbage-classification-data/garbage.json,garbage-classification-data
丝带,可回收物,,[],https://cdn.jsdelivr.net/npm/garbage-classification-data/garbage.json,garbage-classification-data
塑料沙漏,可回收物,,[],https://cdn.jsdelivr.net/npm/garbage-classification-data/garbage.json,garbage-classification-data
手机支撑架,可回收物,,[],https://cdn.jsdelivr.net/npm/garbage-classification-data/garbage.json,garbage-classification-data
滴露瓶,可回收物,,[],https://cdn.jsdelivr.net/npm/garbage-classification-data/garbage.json,garbage-classification-data
USB线,可回收物,,[],https://cdn.jsdelivr.net/npm/garbage-classification-data/garbage.json,garbage-classification-data
塑料拖把杆,可回收物,,[],https://cdn.jsdelivr.net/npm/garbage-classification-data/garbage.json,garbage-classification-data
番茄酱瓶,可回收物,,[],https://cdn.jsdelivr.net/npm/garbage-classification-data/garbage.json,garbage-classification-data
牛奶塑料瓶,可回收物,,[],https://cdn.jsdelivr.net/npm/garbage-classification-data/garbage.json,garbage-classification-data
旧窗帘,可回收物,,[],https://cdn.jsdelivr.net/npm/garbage-classification-data/garbage.json,garbage-classification-data
椰汁瓶,可回收物,,[],https://cdn.jsdelivr.net/npm/garbage-classification-data/garbage.json,garbage-classification-data
手机充电宝,可回收物,,[],https://cdn.jsdelivr.net/npm/garbage-classification-data/garbage.json,garbage-classification-data
手机充电器,可回收物,,[],https://cdn.jsdelivr.net/npm/garbage-classification-data/garbage.json,garbage-classification-data
凉鞋,可回收物,,[],https://cdn.jsdelivr.net/npm/garbage-classification-data/garbage.json,garbage-classification-data
节能灯插座,可回收物,,[],https://cdn.jsdelivr.net/npm/garbage-classification-data/garbage.json,garbage-classification-data
花洒软管,可回收物,,[],https://cdn.jsdelivr.net/npm/garbage-classification-data/garbage.json,garbage-classification-data
软塑料隔热垫,可回收物,,[],https://cdn.jsdelivr.net/npm/garbage-classification-data/garbage.json,garbage-classification-data
银行账单,可回收物,,[],https://cdn.jsdelivr.net/npm/garbage-classification-data/garbage.json,garbage-classification-data
喷火枪,可回收物,,[],https://cdn.jsdelivr.net/npm/garbage-classification-data/garbage.json,garbage-classification-data
酸奶瓶,可回收物,,[],https://cdn.jsdelivr.net/npm/garbage-classification-data/garbage.json,garbage-classification-data
打气筒,可回收物,,[],https://cdn.jsdelivr.net/npm/garbage-classification-data/garbage.json,garbage-classification-data
神仙水瓶,可回收物,,[],https://cdn.jsdelivr.net/npm/garbage-classification-data/garbage.json,garbage-classification-data
塑料调色盘,可回收物,,[],https://cdn.jsdelivr.net/npm/garbage-classification-data/garbage.json,garbage-classification-data
木勺,可回收物,,[],https://cdn.jsdelivr.net/npm/garbage-classification-data/garbage.json,garbage-classification-data
卷纸内芯,可回收物,,[],https://cdn.jsdelivr.net/npm/garbage-classification-data/garbage.json,garbage-classification-data
卷筒纸内芯,可回收物,,[],https://cdn.jsdelivr.net/npm/garbage-classification-data/garbage.json,garbage-classification-data
椰奶罐,可回收物,,[],https://cdn.jsdelivr.net/npm/garbage-classification-data/garbage.json,garbage-classification-data
卷纸芯,可回收物,,[],https://cdn.jsdelivr.net/npm/garbage-classification-data/garbage.json,garbage-classification-data
木棒,可回收物,,[],https://cdn.jsdelivr.net/npm/garbage-classification-data/garbage.json,garbage-classification-data
五金材料,可回收物,,[],https://cdn.jsdelivr.net/npm/garbage-classification-data/garbage.json,garbage-classification-data
塑料锅铲,可回收物,,[],https://cdn.jsdelivr.net/npm/garbage-classification-data/garbage.json,garbage-classification-data
木质锅铲,可回收物,,[],https://cdn.jsdelivr.net/npm/garbage-classification-data/garbage.json,garbage-classification-data
牙线盒,可回收物,,[],https://cdn.jsdelivr.net/npm/garbage-classification-data/garbage.json,garbage-classification-data
乐扣塑料盒,可回收物,,[],https://cdn.jsdelivr.net/npm/garbage-classification-data/garbage.json,garbage-classification-data
乐扣玻璃盒,可回收物,,[],https://cdn.jsdelivr.net/npm/garbage-classification-data/garbage.json,garbage-classification-data
木质花架,可回收物,,[],https://cdn.jsdelivr.net/npm/garbage-classification-data/garbage.json,garbage-classification-data
绿茶包装盒,可回收物,,[],https://cdn.jsdelivr.net/npm/garbage-classification-data/garbage.json,garbage-classification-data
电蒸锅,可回收物,,[],https://cdn.jsdelivr.net/npm/garbage-classification-data/garbage.json,garbage-classification-data
钻戒,可回收物,,[],https://cdn.jsdelivr.net/npm/garbage-classification-data/garbage.json,garbage-classification-data
银戒指,可回收物,,[],https://cdn.jsdelivr.net/npm/garbage-classification-data/garbage.json,garbage-classification-data
即冲奶茶包装盒,可回收物,,[],https://cdn.jsdelivr.net/npm/garbage-classification-data/garbage.json,garbage-classification-data
电容,可回收物,,[],https://cdn.jsdelivr.net/npm/garbage-classification-data/garbage.json,garbage-classification-data
电阻,可回收物,,[],https://cdn.jsdelivr.net/npm/garbage-classification-data/garbage.json,garbage-classification-data
二极管,可回收物,,[],https://cdn.jsdelivr.net/npm/garbage-classification-data/garbage.json,garbage-classification-data
三极管,可回收物,,[],https://cdn.jsdelivr.net/npm/garbage-classification-data/garbage.json,garbage-classification-data
废食用油瓶,可回收物,,[],https://cdn.jsdelivr.net/npm/garbage-classification-data/garbage.json,garbage-classification-data
开关,可回收物,,[],https://cdn.jsdelivr.net/npm/garbage-classification-data/garbage.json,garbage-classification-data
鸡蛋包装盒,可回收物,,[],https://cdn.jsdelivr.net/npm/garbage-classification-data/garbage.json,garbage-classification-data
黑板,可回收物,,[],https://cdn.jsdelivr.net/npm/garbage-classification-data/garbage.json,garbage-classification-data
豆浆机,可回收物,,[],https://cdn.jsdelivr.net/npm/garbage-classification-data/garbage.json,garbage-classification-data
铁罐子,可回收物,,[],https://cdn.jsdelivr.net/npm/garbage-classification-data/garbage.json,garbage-classification-data
CD塑料盒,可回收物,,[],https://cdn.jsdelivr.net/npm/garbage-classification-data/garbage.json,garbage-classification-data
香薰玻璃瓶,可回收物,,[],https://cdn.jsdelivr.net/npm/garbage-classification-data/garbage.json,garbage-classification-data
真皮制品,可回收物,,[],https://cdn.jsdelivr.net/npm/garbage-classification-data/garbage.json,garbage-classification-data
羊皮制品,可回收物,,[],https://cdn.jsdelivr.net/npm/garbage-classification-data/garbage.json,garbage-classification-data
皮草制品,可回收物,,[],https://cdn.jsdelivr.net/npm/garbage-classification-data/garbage.json,garbage-classification-data
化妆品玻璃瓶,可回收物,,[],https://cdn.jsdelivr.net/npm/garbage-classification-data/garbage.json,garbage-classification-data
帆布鞋,可回收物,,[],https://cdn.jsdelivr.net/npm/garbage-classification-data/garbage.json,garbage-classification-data
休闲鞋,可回收物,,[],https://cdn.jsdelivr.net/npm/garbage-classification-data/garbage.json,garbage-classification-data
关东煮隔热杯套,可回收物,,[],https://cdn.jsdelivr.net/npm/garbage-classification-data/garbage.json,garbage-classification-data
烫衣板,可回收物,,[],https://cdn.jsdelivr.net/npm/garbage-classification-data/garbage.json,garbage-classification-data
废弃药瓶,有害垃圾,,[],https://cdn.jsdelivr.net/npm/garbage-classification-data/garbage.json,garbage-classification-data
手机电池,有害垃圾,,[],https://cdn.jsdelivr.net/npm/garbage-classification-data/garbage.json,garbage-classification-data
废荧光灯管,有害垃圾,,[],https://cdn.jsdelivr.net/npm/garbage-classification-data/garbage.json,garbage-classification-data
废水银温度计,有害垃圾,,[],https://cdn.jsdelivr.net/npm/garbage-classification-data/garbage.json,garbage-classification-data
废水银血压计,有害垃圾,,[],https://cdn.jsdelivr.net/npm/garbage-classification-data/garbage.json,garbage-classification-data
过期药品,有害垃圾,,[],https://cdn.jsdelivr.net/npm/garbage-classification-data/garbage.json,garbage-classification-data
废农药,有害垃圾,,[],https://cdn.jsdelivr.net/npm/garbage-classification-data/garbage.json,garbage-classification-data
节能灯（含水银）,有害垃圾,,[],https://cdn.jsdelivr.net/npm/garbage-classification-data/garbage.json,garbage-classification-data
LED 灯（含水银）,有害垃圾,,[],https://cdn.jsdelivr.net/npm/garbage-classification-data/garbage.json,garbage-classification-data
油漆桶,有害垃圾,,[],https://cdn.jsdelivr.net/npm/garbage-classification-data/garbage.json,garbage-classification-data
酒精,有害垃圾,,[],https://cdn.jsdelivr.net/npm/garbage-classification-data/garbage.json,garbage-classification-data
调色板,有害垃圾,,[],https://cdn.jsdelivr.net/npm/garbage-classification-data/garbage.json,garbage-classification-data
过期的胶囊药物,有害垃圾,,[],https://cdn.jsdelivr.net/npm/garbage-classification-data/garbage.json,garbage-classification-data
过期药片,有害垃圾,,[],https://cdn.jsdelivr.net/npm/garbage-classification-data/garbage.json,garbage-classification-data
医用棉签,有害垃圾,,[],https://cdn.jsdelivr.net/npm/garbage-classification-data/garbage.json,garbage-classification-data
医用手套,有害垃圾,,[],https://cdn.jsdelivr.net/npm/garbage-classification-data/garbage.json,garbage-classification-data
农药瓶,有害垃圾,,[],https://cdn.jsdelivr.net/npm/garbage-classification-data/garbage.json,garbage-classification-data
医用纱布,有害垃圾,,[],https://cdn.jsdelivr.net/npm/garbage-classification-data/garbage.json,garbage-classification-data
口服液瓶,有害垃圾,,[],https://cdn.jsdelivr.net/npm/garbage-classification-data/garbage.json,garbage-classification-data
废弃灯泡,有害垃圾,,[],https://cdn.jsdelivr.net/npm/garbage-classification-data/garbage.json,garbage-classification-data
油漆笔,有害垃圾,,[],https://cdn.jsdelivr.net/npm/garbage-classification-data/garbage.json,garbage-classification-data
锂电池,有害垃圾,,[],https://cdn.jsdelivr.net/npm/garbage-classification-data/garbage.json,garbage-classification-data
生石灰,有害垃圾,,[],https://cdn.jsdelivr.net/npm/garbage-classification-data/garbage.json,garbage-classification-data
胶卷底片,有害垃圾,,[],https://cdn.jsdelivr.net/npm/garbage-classification-data/garbage.json,garbage-classification-data
废矿物油,有害垃圾,,[],https://cdn.jsdelivr.net/npm/garbage-classification-data/garbage.json,garbage-classification-data
消毒剂,有害垃圾,,[],https://cdn.jsdelivr.net/npm/garbage-classification-data/garbage.json,garbage-classification-data
胶片,有害垃圾,,[],https://cdn.jsdelivr.net/npm/garbage-classification-data/garbage.json,garbage-classification-data
废血压计,有害垃圾,,[],https://cdn.jsdelivr.net/npm/garbage-classification-data/garbage.json,garbage-classification-data
废镍镉电池,有害垃圾,,[],https://cdn.jsdelivr.net/npm/garbage-classification-data/garbage.json,garbage-classification-data
氧化汞电池,有害垃圾,,[],https://cdn.jsdelivr.net/npm/garbage-classification-data/garbage.json,garbage-classification-data
工业胶水,有害垃圾,,[],https://cdn.jsdelivr.net/npm/garbage-classification-data/garbage.json,garbage-classification-data
胶合剂,有害垃圾,,[],https://cdn.jsdelivr.net/npm/garbage-classification-data/garbage.json,garbage-classification-data
染发剂,有害垃圾,,[],https://cdn.jsdelivr.net/npm/garbage-classification-data/garbage.json,garbage-classification-data
染发膏,有害垃圾,,[],https://cdn.jsdelivr.net/npm/garbage-classification-data/garbage.json,garbage-classification-data
钮扣电池,有害垃圾,,[],https://cdn.jsdelivr.net/npm/garbage-classification-data/garbage.json,garbage-classification-data
打印机墨盒,有害垃圾,,[],https://cdn.jsdelivr.net/npm/garbage-classification-data/garbage.json,garbage-classification-data
硒鼓,有害垃圾,,[],https://cdn.jsdelivr.net/npm/garbage-classification-data/garbage.json,garbage-classification-data
指甲油瓶子,有害垃圾,,[],https://cdn.jsdelivr.net/npm/garbage-classification-data/garbage.json,garbage-classification-data
雷达瓶子,有害垃圾,,[],https://cdn.jsdelivr.net/npm/garbage-classification-data/garbage.json,garbage-classification-data
塑料药盒,有害垃圾,,[],https://cdn.jsdelivr.net/npm/garbage-classification-data/garbage.json,garbage-classification-data
过期指甲油,有害垃圾,,[],https://cdn.jsdelivr.net/npm/garbage-classification-data/garbage.json,garbage-classification-data
卸甲膜,有害垃圾,,[],https://cdn.jsdelivr.net/npm/garbage-classification-data/garbage.json,garbage-classification-data
医用针管,有害垃圾,,[],https://cdn.jsdelivr.net/npm/garbage-classification-data/garbage.json,garbage-classification-data
膏药,有害垃圾,,[],https://cdn.jsdelivr.net/npm/garbage-classification-data/garbage.json,garbage-classification-data
药瓶,有害垃圾,,[],https://cdn.jsdelivr.net/npm/garbage-classification-data/garbage.json,garbage-classification-data
药包装,有害垃圾,,[],https://cdn.jsdelivr.net/npm/garbage-classification-data/garbage.json,garbage-classification-data
咳嗽药水瓶,有害垃圾,,[],https://cdn.jsdelivr.net/npm/garbage-classification-data/garbage.json,garbage-classification-data
针头,有害垃圾,,[],https://cdn.jsdelivr.net/npm/garbage-classification-data/garbage.json,garbage-classification-data
塑料药瓶,有害垃圾,,[],https://cdn.jsdelivr.net/npm/garbage-classification-data/garbage.json,garbage-classification-data
药片包装,有害垃圾,,[],https://cdn.jsdelivr.net/npm/garbage-classification-data/garbage.json,garbage-classification-data
药品包装袋,有害垃圾,,[],https://cdn.jsdelivr.net/npm/garbage-classification-data/garbage.json,garbage-classification-data
一次性注射器,有害垃圾,,[],https://cdn.jsdelivr.net/npm/garbage-classification-data/garbage.json,garbage-classification-data
玻璃药瓶,有害垃圾,,[],https://cdn.jsdelivr.net/npm/garbage-classification-data/garbage.json,garbage-classification-data
开塞露,有害垃圾,,[],https://cdn.jsdelivr.net/npm/garbage-classification-data/garbage.json,garbage-classification-data
板蓝根冲剂,有害垃圾,,[],https://cdn.jsdelivr.net/npm/garbage-classification-data/garbage.json,garbage-classification-data
口服液,有害垃圾,,[],https://cdn.jsdelivr.net/npm/garbage-classification-data/garbage.json,garbage-classification-data
铅酸电池,有害垃圾,,[],https://cdn.jsdelivr.net/npm/garbage-classification-data/garbage.json,garbage-classification-data
荧光灯,有害垃圾,,[],https://cdn.jsdelivr.net/npm/garbage-classification-data/garbage.json,garbage-classification-data
卸甲水,有害垃圾,,[],https://cdn.jsdelivr.net/npm/garbage-classification-data/garbage.json,garbage-classification-data
水银体温计,有害垃圾,,[],https://cdn.jsdelivr.net/npm/garbage-classification-data/garbage.json,garbage-classification-data
X光片,有害垃圾,,[],https://cdn.jsdelivr.net/npm/garbage-classification-data/garbage.json,garbage-classification-data
相片底片,有害垃圾,,[],https://cdn.jsdelivr.net/npm/garbage-classification-data/garbage.json,garbage-classification-data
深海鱼油,有害垃圾,,[],https://cdn.jsdelivr.net/npm/garbage-classification-data/garbage.json,garbage-classification-data
眼药水,有害垃圾,,[],https://cdn.jsdelivr.net/npm/garbage-classification-data/garbage.json,garbage-classification-data
笔记本电脑电池,有害垃圾,,[],https://cdn.jsdelivr.net/npm/garbage-classification-data/garbage.json,garbage-classification-data
过期感冒药,有害垃圾,,[],https://cdn.jsdelivr.net/npm/garbage-classification-data/garbage.json,garbage-classification-data
冻干粉,有害垃圾,,[],https://cdn.jsdelivr.net/npm/garbage-classification-data/garbage.json,garbage-classification-data
杀虫子罐,有害垃圾,,[],https://cdn.jsdelivr.net/npm/garbage-classification-data/garbage.json,garbage-classification-data
染发手套,有害垃圾,,[],https://cdn.jsdelivr.net/npm/garbage-classification-data/garbage.json,garbage-classification-data
钙片,有害垃圾,,[],https://cdn.jsdelivr.net/npm/garbage-classification-data/garbage.json,garbage-classification-data
药膏,有害垃圾,,[],https://cdn.jsdelivr.net/npm/garbage-classification-data/garbage.json,garbage-classification-data
药膏包装壳,有害垃圾,,[],https://cdn.jsdelivr.net/npm/garbage-classification-data/garbage.json,garbage-classification-data
眼药水瓶,有害垃圾,,[],https://cdn.jsdelivr.net/npm/garbage-classification-data/garbage.json,garbage-classification-data
药水玻璃瓶,有害垃圾,,[],https://cdn.jsdelivr.net/npm/garbage-classification-data/garbage.json,garbage-classification-data
空药瓶,有害垃圾,,[],https://cdn.jsdelivr.net/npm/garbage-classification-data/garbage.json,garbage-classification-data
空调清洗消毒液瓶,有害垃圾,,[],https://cdn.jsdelivr.net/npm/garbage-classification-data/garbage.json,garbage-classification-data
安神补脑液瓶,有害垃圾,,[],https://cdn.jsdelivr.net/npm/garbage-classification-data/garbage.json,garbage-classification-data
蟑螂药,有害垃圾,,[],https://cdn.jsdelivr.net/npm/garbage-classification-data/garbage.json,garbage-classification-data
过期西药,有害垃圾,,[],https://cdn.jsdelivr.net/npm/garbage-classification-data/garbage.json,garbage-classification-data
药品纸盒,有害垃圾,,[],https://cdn.jsdelivr.net/npm/garbage-classification-data/garbage.json,garbage-classification-data
伤筋膏药,有害垃圾,,[],https://cdn.jsdelivr.net/npm/garbage-classification-data/garbage.json,garbage-classification-data
伤筋药膏包装,有害垃圾,,[],https://cdn.jsdelivr.net/npm/garbage-classification-data/garbage.json,garbage-classification-data
止痛膏,有害垃圾,,[],https://cdn.jsdelivr.net/npm/garbage-classification-data/garbage.json,garbage-classification-data
纸药盒,有害垃圾,,[],https://cdn.jsdelivr.net/npm/garbage-classification-data/garbage.json,garbage-classification-data
除渍剂,有害垃圾,,[],https://cdn.jsdelivr.net/npm/garbage-classification-data/garbage.json,garbage-classification-data
西药瓶,有害垃圾,,[],https://cdn.jsdelivr.net/npm/garbage-classification-data/garbage.json,garbage-classification-data
保健品瓶子,有害垃圾,,[],https://cdn.jsdelivr.net/npm/garbage-classification-data/garbage.json,garbage-classification-data
打印机色带,有害垃圾,,[],https://cdn.jsdelivr.net/npm/garbage-classification-data/garbage.json,garbage-classification-data
给药器,有害垃圾,,[],https://cdn.jsdelivr.net/npm/garbage-classification-data/garbage.json,garbage-classification-data
松节油,有害垃圾,,[],https://cdn.jsdelivr.net/npm/garbage-classification-data/garbage.json,garbage-classification-data
维生素瓶,有害垃圾,,[],https://cdn.jsdelivr.net/npm/garbage-classification-data/garbage.json,garbage-classification-data
药液袋,有害垃圾,,[],https://cdn.jsdelivr.net/npm/garbage-classification-data/garbage.json,garbage-classification-data
药片铝塑包装,有害垃圾,,[],https://cdn.jsdelivr.net/npm/garbage-classification-data/garbage.json,garbage-classification-data
医用注射器,有害垃圾,,[],https://cdn.jsdelivr.net/npm/garbage-classification-data/garbage.json,garbage-classification-data
输液瓶,有害垃圾,,[],https://cdn.jsdelivr.net/npm/garbage-classification-data/garbage.json,garbage-classification-data
碳粉盒,有害垃圾,,[],https://cdn.jsdelivr.net/npm/garbage-classification-data/garbage.json,garbage-classification-data
化学剂桶,有害垃圾,,[],https://cdn.jsdelivr.net/npm/garbage-classification-data/garbage.json,garbage-classification-data
胶水桶,有害垃圾,,[],https://cdn.jsdelivr.net/npm/garbage-classification-data/garbage.json,garbage-classification-data
马应龙,有害垃圾,,[],https://cdn.jsdelivr.net/npm/garbage-classification-data/garbage.json,garbage-classification-data
鱼油胶囊,有害垃圾,,[],https://cdn.jsdelivr.net/npm/garbage-classification-data/garbage.json,garbage-classification-data
药壶,有害垃圾,,[],https://cdn.jsdelivr.net/npm/garbage-classification-data/garbage.json,garbage-classification-data
碘酒瓶,有害垃圾,,[],https://cdn.jsdelivr.net/npm/garbage-classification-data/garbage.json,garbage-classification-data
外敷伤药,有害垃圾,,[],https://cdn.jsdelivr.net/npm/garbage-classification-data/garbage.json,garbage-classification-data
膏药布,有害垃圾,,[],https://cdn.jsdelivr.net/npm/garbage-classification-data/garbage.json,garbage-classification-data
透明塑料药瓶,有害垃圾,,[],https://cdn.jsdelivr.net/npm/garbage-classification-data/garbage.json,garbage-classification-data
樟脑丸,有害垃圾,,[],https://cdn.jsdelivr.net/npm/garbage-classification-data/garbage.json,garbage-classification-data
电灯泡,有害垃圾,,[],https://cdn.jsdelivr.net/npm/garbage-classification-data/garbage.json,garbage-classification-data
金霉素眼药膏,有害垃圾,,[],https://cdn.jsdelivr.net/npm/garbage-classification-data/garbage.json,garbage-classification-data
咳嗽药片,有害垃圾,,[],https://cdn.jsdelivr.net/npm/garbage-classification-data/garbage.json,garbage-classification-data
达克宁药膏,有害垃圾,,[],https://cdn.jsdelivr.net/npm/garbage-classification-data/garbage.json,garbage-classification-data
达克宁药膏皮,有害垃圾,,[],https://cdn.jsdelivr.net/npm/garbage-classification-data/garbage.json,garbage-classification-data
卸甲油,有害垃圾,,[],https://cdn.jsdelivr.net/npm/garbage-classification-data/garbage.json,garbage-classification-data
止咳糖浆瓶,有害垃圾,,[],https://cdn.jsdelivr.net/npm/garbage-classification-data/garbage.json,garbage-classification-data
痔疮膏,有害垃圾,,[],https://cdn.jsdelivr.net/npm/garbage-classification-data/garbage.json,garbage-classification-data
泡腾片,有害垃圾,,[],https://cdn.jsdelivr.net/npm/garbage-classification-data/garbage.json,garbage-classification-data
